prod_ym,vin,model_id,model_year,trim_id,engine,drivetrain,color,plant_id,dest_zone_id,msrp_usd
2026-07,VF3TPACXTU0039324,TRN,2026,TRN-PR,3.5 가솔린,AWD,스틸 그레이,US-GA,west,52000
2026-07,VF3TPADXTU0039325,TRN,2026,TRN-PR,3.5 가솔린,AWD,실버,US-GA,west,52000
2026-07,VF3TPAAXTU0039326,TRN,2026,TRN-PR,2.5T 하이브리드,AWD,스노우 화이트,US-GA,south,52000
2026-07,VF3TCAAXTU0039327,TRN,2026,TRN-CO,3.5 가솔린,AWD,스노우 화이트,US-GA,west,47840
2026-07,VF3TPABXTU0039328,TRN,2026,TRN-PR,2.5T 하이브리드,AWD,미드나잇 블랙,US-GA,northeast,52000
2026-07,VF3TCACXTU0039329,TRN,2026,TRN-CO,3.5 가솔린,AWD,스틸 그레이,US-GA,central,47840
2026-07,VF3TPABXTU0039330,TRN,2026,TRN-PR,2.5T 하이브리드,AWD,미드나잇 블랙,US-GA,south,52000
2026-07,VF3TCFBXTU0039331,TRN,2026,TRN-CO,2.5T 하이브리드,FWD,미드나잇 블랙,US-GA,south,47840
2026-07,VF3TCACXTU0039332,TRN,2026,TRN-CO,2.5T 하이브리드,AWD,스틸 그레이,US-GA,west,47840
2026-07,VF3TCADXTU0039333,TRN,2026,TRN-CO,3.5 가솔린,AWD,실버,US-GA,south,47840
2026-07,VF3TCFAXTU0039334,TRN,2026,TRN-CO,3.5 가솔린,FWD,스노우 화이트,US-GA,northeast,47840
2026-07,VF3TPFEXTU0039335,TRN,2026,TRN-PR,3.5 가솔린,FWD,오션 블루,US-GA,south,52000
2026-07,VF3TPFBXTU0039336,TRN,2026,TRN-PR,2.5T 하이브리드,FWD,미드나잇 블랙,US-GA,south,52000
2026-07,VF3TPFBXTU0039337,TRN,2026,TRN-PR,3.5 가솔린,FWD,미드나잇 블랙,US-GA,west,52000
2026-07,VF3TPAEXTU0039338,TRN,2026,TRN-PR,3.5 가솔린,AWD,오션 블루,US-GA,west,52000
2026-07,VF3TCAAXTU0039339,TRN,2026,TRN-CO,2.5T 하이브리드,AWD,스노우 화이트,US-GA,southeast,47840
2026-07,VF3TPFGXTU0039340,TRN,2026,TRN-PR,2.5T 하이브리드,FWD,포레스트 그린,US-GA,west,52000
2026-07,VF3TPADXTU0039341,TRN,2026,TRN-PR,2.5T 하이브리드,AWD,실버,US-GA,central,52000
2026-07,VF3TCAAXTU0039342,TRN,2026,TRN-CO,2.5T 하이브리드,AWD,스노우 화이트,US-GA,central,47840
2026-07,VF3TPAFXTU0039343,TRN,2026,TRN-PR,2.5T 하이브리드,AWD,선셋 레드,US-GA,west,52000
2026-07,VF3TPABXTU0039344,TRN,2026,TRN-PR,3.5 가솔린,AWD,미드나잇 블랙,US-GA,central,52000
2026-07,VF3TCADXTU0039345,TRN,2026,TRN-CO,2.5T 하이브리드,AWD,실버,US-GA,central,47840
2026-07,VF3TPFEXTU0039346,TRN,2026,TRN-PR,2.5T 하이브리드,FWD,오션 블루,US-GA,west,52000
2026-07,VF3TSFAXTU0039347,TRN,2026,TRN-SU,2.5T 하이브리드,FWD,스노우 화이트,US-GA,west,59280
2026-07,VF3TPFCXTU0039348,TRN,2026,TRN-PR,2.5T 하이브리드,FWD,스틸 그레이,US-GA,southeast,52000
2026-07,VF3TSADXTU0039349,TRN,2026,TRN-SU,3.5 가솔린,AWD,실버,US-GA,southeast,59280
2026-07,VF3TCADXTU0039350,TRN,2026,TRN-CO,3.5 가솔린,AWD,실버,US-GA,west,47840
2026-07,VF3TCFFXTU0039351,TRN,2026,TRN-CO,2.5T 하이브리드,FWD,선셋 레드,US-GA,south,47840
2026-07,VF3TCAFXTU0039352,TRN,2026,TRN-CO,2.5T 하이브리드,AWD,선셋 레드,US-GA,west,47840
2026-07,VF3TSADXTU0039353,TRN,2026,TRN-SU,2.5T 하이브리드,AWD,실버,US-GA,south,59280
2026-07,VF3TCAGXTU0039354,TRN,2026,TRN-CO,2.5T 하이브리드,AWD,포레스트 그린,US-GA,central,47840
2026-07,VF3TPACXTU0039355,TRN,2026,TRN-PR,2.5T 하이브리드,AWD,스틸 그레이,US-GA,central,52000
2026-07,VF3TSABXTU0039356,TRN,2026,TRN-SU,2.5T 하이브리드,AWD,미드나잇 블랙,US-GA,northeast,59280
2026-07,VF3TSACXTU0039357,TRN,2026,TRN-SU,2.5T 하이브리드,AWD,스틸 그레이,US-GA,northeast,59280
2026-07,VF3TSAAXTU0039358,TRN,2026,TRN-SU,3.5 가솔린,AWD,스노우 화이트,US-GA,west,59280
2026-07,VF3TCACXTU0039359,TRN,2026,TRN-CO,3.5 가솔린,AWD,스틸 그레이,US-GA,southeast,47840
2026-07,VF3TPADXTU0039360,TRN,2026,TRN-PR,3.5 가솔린,AWD,실버,US-GA,northeast,52000
2026-07,VF3TPFAXTU0039361,TRN,2026,TRN-PR,3.5 가솔린,FWD,스노우 화이트,US-GA,south,52000
2026-07,VF3TSAFXTU0039362,TRN,2026,TRN-SU,2.5T 하이브리드,AWD,선셋 레드,US-GA,west,59280
2026-07,VF3TPABXTU0039363,TRN,2026,TRN-PR,3.5 가솔린,AWD,미드나잇 블랙,US-GA,central,52000
2026-07,VF3TCABXTU0039364,TRN,2026,TRN-CO,3.5 가솔린,AWD,미드나잇 블랙,US-GA,southeast,47840
2026-07,VF3TSFEXTU0039365,TRN,2026,TRN-SU,2.5T 하이브리드,FWD,오션 블루,US-GA,south,59280
2026-07,VF3TCAFXTU0039366,TRN,2026,TRN-CO,3.5 가솔린,AWD,선셋 레드,US-GA,south,47840
2026-07,VF3TCABXTU0039367,TRN,2026,TRN-CO,3.5 가솔린,AWD,미드나잇 블랙,US-GA,southeast,47840
2026-07,VF3TPFAXTU0039368,TRN,2026,TRN-PR,2.5T 하이브리드,FWD,스노우 화이트,US-GA,south,52000
2026-07,VF3TSAEXTU0039369,TRN,2026,TRN-SU,3.5 가솔린,AWD,오션 블루,US-GA,southeast,59280
2026-07,VF3TPAEXTU0039370,TRN,2026,TRN-PR,2.5T 하이브리드,AWD,오션 블루,US-GA,central,52000
2026-07,VF3TCAEXTU0039371,TRN,2026,TRN-CO,2.5T 하이브리드,AWD,오션 블루,US-GA,northeast,47840
2026-07,VF3TPADXTU0039372,TRN,2026,TRN-PR,2.5T 하이브리드,AWD,실버,US-GA,northeast,52000
2026-07,VF3TSAAXTU0039373,TRN,2026,TRN-SU,2.5T 하이브리드,AWD,스노우 화이트,US-GA,central,59280
2026-07,VF3TPAEXTU0039374,TRN,2026,TRN-PR,3.5 가솔린,AWD,오션 블루,US-GA,southeast,52000
2026-07,VF3TSFAXTU0039375,TRN,2026,TRN-SU,3.5 가솔린,FWD,스노우 화이트,US-GA,south,59280
2026-07,VF3TCFDXTU0039376,TRN,2026,TRN-CO,3.5 가솔린,FWD,실버,US-GA,south,47840
2026-07,VF3TCAFXTU0039377,TRN,2026,TRN-CO,3.5 가솔린,AWD,선셋 레드,US-GA,west,47840
2026-07,VF3TCAEXTU0039378,TRN,2026,TRN-CO,2.5T 하이브리드,AWD,오션 블루,US-GA,central,47840
2026-07,VF3TSACXTU0039379,TRN,2026,TRN-SU,3.5 가솔린,AWD,스틸 그레이,US-GA,northeast,59280
2026-07,VF3TCACXTU0039380,TRN,2026,TRN-CO,3.5 가솔린,AWD,스틸 그레이,US-GA,south,47840
2026-07,VF3TPFBXTU0039381,TRN,2026,TRN-PR,3.5 가솔린,FWD,미드나잇 블랙,US-GA,west,52000
2026-07,VF3TPABXTU0039382,TRN,2026,TRN-PR,2.5T 하이브리드,AWD,미드나잇 블랙,US-GA,central,52000
2026-07,VF3TPAAXTU0039383,TRN,2026,TRN-PR,2.5T 하이브리드,AWD,스노우 화이트,US-GA,south,52000
2026-07,VF3TSAEXTU0039384,TRN,2026,TRN-SU,3.5 가솔린,AWD,오션 블루,US-GA,west,59280
2026-07,VF3TPAEXTU0039385,TRN,2026,TRN-PR,2.5T 하이브리드,AWD,오션 블루,US-GA,northeast,52000
2026-07,VF3TCAEXTU0039386,TRN,2026,TRN-CO,3.5 가솔린,AWD,오션 블루,US-GA,west,47840
2026-07,VF3TCAFXTU0039387,TRN,2026,TRN-CO,3.5 가솔린,AWD,선셋 레드,US-GA,central,47840
2026-07,VF3TSABXTU0039388,TRN,2026,TRN-SU,2.5T 하이브리드,AWD,미드나잇 블랙,US-GA,northeast,59280
2026-07,VF3TCFCXTU0039389,TRN,2026,TRN-CO,2.5T 하이브리드,FWD,스틸 그레이,US-GA,south,47840
2026-07,VF3TCFBXTU0039390,TRN,2026,TRN-CO,2.5T 하이브리드,FWD,미드나잇 블랙,US-GA,central,47840
2026-07,VF3TSAAXTU0039391,TRN,2026,TRN-SU,2.5T 하이브리드,AWD,스노우 화이트,US-GA,southeast,59280
2026-07,VF3TSFBXTU0039392,TRN,2026,TRN-SU,3.5 가솔린,FWD,미드나잇 블랙,US-GA,central,59280
2026-07,VF3TSFAXTU0039393,TRN,2026,TRN-SU,3.5 가솔린,FWD,스노우 화이트,US-GA,south,59280
2026-07,VF3TPFDXTU0039394,TRN,2026,TRN-PR,2.5T 하이브리드,FWD,실버,US-GA,southeast,52000
2026-07,VF3TCFAXTU0039395,TRN,2026,TRN-CO,3.5 가솔린,FWD,스노우 화이트,US-GA,south,47840
2026-07,VF3TCAAXTU0039396,TRN,2026,TRN-CO,2.5T 하이브리드,AWD,스노우 화이트,US-GA,south,47840
2026-07,VF3TCFBXTU0039397,TRN,2026,TRN-CO,3.5 가솔린,FWD,미드나잇 블랙,US-GA,west,47840
2026-07,VF3TSFEXTU0039398,TRN,2026,TRN-SU,3.5 가솔린,FWD,오션 블루,US-GA,northeast,59280
2026-07,VF3TCAEXTU0039399,TRN,2026,TRN-CO,2.5T 하이브리드,AWD,오션 블루,US-GA,central,47840
2026-07,VF3TPAFXTU0039400,TRN,2026,TRN-PR,2.5T 하이브리드,AWD,선셋 레드,US-GA,central,52000
2026-07,VF3TPAGXTU0039401,TRN,2026,TRN-PR,2.5T 하이브리드,AWD,포레스트 그린,US-GA,central,52000
2026-07,VF3TPACXTU0039402,TRN,2026,TRN-PR,2.5T 하이브리드,AWD,스틸 그레이,US-GA,northeast,52000
2026-07,VF3TPAHXTU0039403,TRN,2026,TRN-PR,2.5T 하이브리드,AWD,샌드 베이지,US-GA,west,52000
2026-07,VF3TCAAXTU0039404,TRN,2026,TRN-CO,2.5T 하이브리드,AWD,스노우 화이트,US-GA,central,47840
2026-07,VF3TCFDXTU0039405,TRN,2026,TRN-CO,2.5T 하이브리드,FWD,실버,US-GA,southeast,47840
2026-07,VF3TSABXTU0039406,TRN,2026,TRN-SU,2.5T 하이브리드,AWD,미드나잇 블랙,US-GA,northeast,59280
2026-07,VF3TSABXTU0039407,TRN,2026,TRN-SU,2.5T 하이브리드,AWD,미드나잇 블랙,US-GA,southeast,59280
2026-07,VF3TSFAXTU0039408,TRN,2026,TRN-SU,3.5 가솔린,FWD,스노우 화이트,US-GA,west,59280
2026-07,VF3TPAEXTU0039409,TRN,2026,TRN-PR,2.5T 하이브리드,AWD,오션 블루,US-GA,south,52000
2026-07,VF3TCFBXTU0039410,TRN,2026,TRN-CO,2.5T 하이브리드,FWD,미드나잇 블랙,US-GA,southeast,47840
2026-07,VF3TCABXTU0039411,TRN,2026,TRN-CO,3.5 가솔린,AWD,미드나잇 블랙,US-GA,central,47840
2026-07,VF3TPAAXTU0039412,TRN,2026,TRN-PR,2.5T 하이브리드,AWD,스노우 화이트,US-GA,southeast,52000
2026-07,VF3TPFAXTU0039413,TRN,2026,TRN-PR,3.5 가솔린,FWD,스노우 화이트,US-GA,southeast,52000
2026-07,VF3TCAFXTU0039414,TRN,2026,TRN-CO,2.5T 하이브리드,AWD,선셋 레드,US-GA,west,47840
2026-07,VF3TSAHXTU0039415,TRN,2026,TRN-SU,3.5 가솔린,AWD,샌드 베이지,US-GA,west,59280
2026-07,VF3TCAHXTU0039416,TRN,2026,TRN-CO,2.5T 하이브리드,AWD,샌드 베이지,US-GA,west,47840
2026-07,VF3TPAEXTU0039417,TRN,2026,TRN-PR,3.5 가솔린,AWD,오션 블루,US-GA,northeast,52000
2026-07,VF3TCAAXTU0039418,TRN,2026,TRN-CO,2.5T 하이브리드,AWD,스노우 화이트,US-GA,west,47840
2026-07,VF3TCADXTU0039419,TRN,2026,TRN-CO,2.5T 하이브리드,AWD,실버,US-GA,northeast,47840
2026-07,VF3TCACXTU0039420,TRN,2026,TRN-CO,2.5T 하이브리드,AWD,스틸 그레이,US-GA,central,47840
2026-07,VF3TPACXTU0039421,TRN,2026,TRN-PR,2.5T 하이브리드,AWD,스틸 그레이,US-GA,southeast,52000
2026-07,VF3TSACXTU0039422,TRN,2026,TRN-SU,3.5 가솔린,AWD,스틸 그레이,US-GA,northeast,59280
2026-07,VF3TCFAXTU0039423,TRN,2026,TRN-CO,3.5 가솔린,FWD,스노우 화이트,US-GA,southeast,47840
2026-07,VF3TCAHXTU0039424,TRN,2026,TRN-CO,3.5 가솔린,AWD,샌드 베이지,US-GA,southeast,47840
2026-07,VF3TPAHXTU0039425,TRN,2026,TRN-PR,2.5T 하이브리드,AWD,샌드 베이지,US-GA,west,52000
2026-07,VF3TSAAXTU0039426,TRN,2026,TRN-SU,3.5 가솔린,AWD,스노우 화이트,US-GA,south,59280
2026-07,VF3TCAGXTU0039427,TRN,2026,TRN-CO,2.5T 하이브리드,AWD,포레스트 그린,US-GA,northeast,47840
2026-07,VF3TCAGXTU0039428,TRN,2026,TRN-CO,3.5 가솔린,AWD,포레스트 그린,US-GA,central,47840
2026-07,VF3TCFAXTU0039429,TRN,2026,TRN-CO,2.5T 하이브리드,FWD,스노우 화이트,US-GA,southeast,47840
2026-07,VF3TPAEXTU0039430,TRN,2026,TRN-PR,2.5T 하이브리드,AWD,오션 블루,US-GA,south,52000
2026-07,VF3TPAAXTU0039431,TRN,2026,TRN-PR,2.5T 하이브리드,AWD,스노우 화이트,US-GA,west,52000
2026-07,VF3TCABXTU0039432,TRN,2026,TRN-CO,2.5T 하이브리드,AWD,미드나잇 블랙,US-GA,south,47840
2026-07,VF3TSAAXTU0039433,TRN,2026,TRN-SU,2.5T 하이브리드,AWD,스노우 화이트,US-GA,northeast,59280
2026-07,VF3TCFDXTU0039434,TRN,2026,TRN-CO,3.5 가솔린,FWD,실버,US-GA,west,47840
2026-07,VF3TCAAXTU0039435,TRN,2026,TRN-CO,3.5 가솔린,AWD,스노우 화이트,US-GA,west,47840
2026-07,VF3TPAHXTU0039436,TRN,2026,TRN-PR,2.5T 하이브리드,AWD,샌드 베이지,US-GA,central,52000
2026-07,VF3TPFHXTU0039437,TRN,2026,TRN-PR,3.5 가솔린,FWD,샌드 베이지,US-GA,south,52000
2026-07,VF3TPAAXTU0039438,TRN,2026,TRN-PR,3.5 가솔린,AWD,스노우 화이트,US-GA,southeast,52000
2026-07,VF3TCAAXTU0039439,TRN,2026,TRN-CO,2.5T 하이브리드,AWD,스노우 화이트,US-GA,northeast,47840
2026-07,VF3TPAGXTU0039440,TRN,2026,TRN-PR,2.5T 하이브리드,AWD,포레스트 그린,US-GA,south,52000
2026-07,VF3TCFAXTU0039441,TRN,2026,TRN-CO,3.5 가솔린,FWD,스노우 화이트,US-GA,southeast,47840
2026-07,VF3TCAHXTU0039442,TRN,2026,TRN-CO,2.5T 하이브리드,AWD,샌드 베이지,US-GA,south,47840
2026-07,VF3TPADXTU0039443,TRN,2026,TRN-PR,3.5 가솔린,AWD,실버,US-GA,west,52000
2026-07,VF3TPAAXTU0039444,TRN,2026,TRN-PR,3.5 가솔린,AWD,스노우 화이트,US-GA,central,52000
2026-07,VF3TSAEXTU0039445,TRN,2026,TRN-SU,3.5 가솔린,AWD,오션 블루,US-GA,southeast,59280
2026-07,VF3TPFCXTU0039446,TRN,2026,TRN-PR,2.5T 하이브리드,FWD,스틸 그레이,US-GA,southeast,52000
2026-07,VF3TSAEXTU0039447,TRN,2026,TRN-SU,3.5 가솔린,AWD,오션 블루,US-GA,west,59280
2026-07,VF3TSAAXTU0039448,TRN,2026,TRN-SU,2.5T 하이브리드,AWD,스노우 화이트,US-GA,northeast,59280
2026-07,VF3TSAAXTU0039449,TRN,2026,TRN-SU,2.5T 하이브리드,AWD,스노우 화이트,US-GA,central,59280
2026-07,VF3TCAGXTU0039450,TRN,2026,TRN-CO,2.5T 하이브리드,AWD,포레스트 그린,US-GA,central,47840
2026-07,VF3TPFDXTU0039451,TRN,2026,TRN-PR,2.5T 하이브리드,FWD,실버,US-GA,south,52000
2026-07,VF3TCFHXTU0039452,TRN,2026,TRN-CO,3.5 가솔린,FWD,샌드 베이지,US-GA,west,47840
2026-07,VF3TCFAXTU0039453,TRN,2026,TRN-CO,2.5T 하이브리드,FWD,스노우 화이트,US-GA,west,47840
2026-07,VF3TCABXTU0039454,TRN,2026,TRN-CO,2.5T 하이브리드,AWD,미드나잇 블랙,US-GA,southeast,47840
2026-07,VF3TCFDXTU0039455,TRN,2026,TRN-CO,2.5T 하이브리드,FWD,실버,US-GA,southeast,47840
2026-07,VF3TSAEXTU0039456,TRN,2026,TRN-SU,3.5 가솔린,AWD,오션 블루,US-GA,west,59280
2026-07,VF3TSACXTU0039457,TRN,2026,TRN-SU,2.5T 하이브리드,AWD,스틸 그레이,US-GA,central,59280
2026-07,VF3TPABXTU0039458,TRN,2026,TRN-PR,2.5T 하이브리드,AWD,미드나잇 블랙,US-GA,central,52000
2026-07,VF3TSACXTU0039459,TRN,2026,TRN-SU,3.5 가솔린,AWD,스틸 그레이,US-GA,south,59280
2026-07,VF3TPFEXTU0039460,TRN,2026,TRN-PR,3.5 가솔린,FWD,오션 블루,US-GA,southeast,52000
2026-07,VF3TPFFXTU0039461,TRN,2026,TRN-PR,3.5 가솔린,FWD,선셋 레드,US-GA,central,52000
2026-07,VF3TPAAXTU0039462,TRN,2026,TRN-PR,2.5T 하이브리드,AWD,스노우 화이트,US-GA,south,52000
2026-07,VF3TCABXTU0039463,TRN,2026,TRN-CO,3.5 가솔린,AWD,미드나잇 블랙,US-GA,northeast,47840
2026-07,VF3TPACXTU0039464,TRN,2026,TRN-PR,2.5T 하이브리드,AWD,스틸 그레이,US-GA,central,52000
2026-07,VF3TSADXTU0039465,TRN,2026,TRN-SU,2.5T 하이브리드,AWD,실버,US-GA,southeast,59280
2026-07,VF3TPAGXTU0039466,TRN,2026,TRN-PR,2.5T 하이브리드,AWD,포레스트 그린,US-GA,central,52000
2026-07,VF3TPFDXTU0039467,TRN,2026,TRN-PR,2.5T 하이브리드,FWD,실버,US-GA,west,52000
2026-07,VF3TPFFXTU0039468,TRN,2026,TRN-PR,3.5 가솔린,FWD,선셋 레드,US-GA,central,52000
2026-07,VF3TSAEXTU0039469,TRN,2026,TRN-SU,2.5T 하이브리드,AWD,오션 블루,US-GA,northeast,59280
2026-07,VF3TPABXTU0039470,TRN,2026,TRN-PR,2.5T 하이브리드,AWD,미드나잇 블랙,US-GA,west,52000
2026-07,VF3TCFCXTU0039471,TRN,2026,TRN-CO,2.5T 하이브리드,FWD,스틸 그레이,US-GA,west,47840
2026-07,VF3TPFCXTU0039472,TRN,2026,TRN-PR,3.5 가솔린,FWD,스틸 그레이,US-GA,south,52000
2026-07,VF3TPFHXTU0039473,TRN,2026,TRN-PR,2.5T 하이브리드,FWD,샌드 베이지,US-GA,west,52000
2026-07,VF3TPADXTU0039474,TRN,2026,TRN-PR,3.5 가솔린,AWD,실버,US-GA,west,52000
2026-07,VF3TPAAXTU0039475,TRN,2026,TRN-PR,3.5 가솔린,AWD,스노우 화이트,US-GA,south,52000
2026-07,VF3TCACXTU0039476,TRN,2026,TRN-CO,3.5 가솔린,AWD,스틸 그레이,US-GA,west,47840
2026-07,VF3TCAAXTU0039477,TRN,2026,TRN-CO,3.5 가솔린,AWD,스노우 화이트,US-GA,northeast,47840
2026-07,VF3TPAHXTU0039478,TRN,2026,TRN-PR,3.5 가솔린,AWD,샌드 베이지,US-GA,central,52000
2026-07,VF3TCADXTU0039479,TRN,2026,TRN-CO,2.5T 하이브리드,AWD,실버,US-GA,central,47840
2026-07,VF3TCFEXTU0039480,TRN,2026,TRN-CO,2.5T 하이브리드,FWD,오션 블루,US-GA,west,47840
2026-07,VF3TPACXTU0039481,TRN,2026,TRN-PR,2.5T 하이브리드,AWD,스틸 그레이,US-GA,central,52000
2026-07,VF3TPACXTU0039482,TRN,2026,TRN-PR,2.5T 하이브리드,AWD,스틸 그레이,US-GA,west,52000
2026-07,VF3TPAAXTU0039483,TRN,2026,TRN-PR,3.5 가솔린,AWD,스노우 화이트,US-GA,west,52000
2026-07,VF3TPFBXTU0039484,TRN,2026,TRN-PR,2.5T 하이브리드,FWD,미드나잇 블랙,US-GA,central,52000
2026-07,VF3TPABXTU0039485,TRN,2026,TRN-PR,3.5 가솔린,AWD,미드나잇 블랙,US-GA,west,52000
2026-07,VF3TCACXTU0039486,TRN,2026,TRN-CO,3.5 가솔린,AWD,스틸 그레이,US-GA,southeast,47840
2026-07,VF3TSACXTU0039487,TRN,2026,TRN-SU,3.5 가솔린,AWD,스틸 그레이,US-GA,central,59280
2026-07,VF3TCAGXTU0039488,TRN,2026,TRN-CO,3.5 가솔린,AWD,포레스트 그린,US-GA,northeast,47840
2026-07,VF3TPFBXTU0039489,TRN,2026,TRN-PR,2.5T 하이브리드,FWD,미드나잇 블랙,US-GA,west,52000
2026-07,VF3TCAAXTU0039490,TRN,2026,TRN-CO,2.5T 하이브리드,AWD,스노우 화이트,US-GA,central,47840
2026-07,VF3TSAGXTU0039491,TRN,2026,TRN-SU,2.5T 하이브리드,AWD,포레스트 그린,US-GA,central,59280
2026-07,VF3TCAAXTU0039492,TRN,2026,TRN-CO,3.5 가솔린,AWD,스노우 화이트,US-GA,west,47840
2026-07,VF3TCFEXTU0039493,TRN,2026,TRN-CO,2.5T 하이브리드,FWD,오션 블루,US-GA,west,47840
2026-07,VF3TCFAXTU0039494,TRN,2026,TRN-CO,3.5 가솔린,FWD,스노우 화이트,US-GA,south,47840
2026-07,VF3TCFCXTU0039495,TRN,2026,TRN-CO,2.5T 하이브리드,FWD,스틸 그레이,US-GA,southeast,47840
2026-07,VF3TPAFXTU0039496,TRN,2026,TRN-PR,2.5T 하이브리드,AWD,선셋 레드,US-GA,northeast,52000
2026-07,VF3TCABXTU0039497,TRN,2026,TRN-CO,2.5T 하이브리드,AWD,미드나잇 블랙,US-GA,south,47840
2026-07,VF3TSFAXTU0039498,TRN,2026,TRN-SU,3.5 가솔린,FWD,스노우 화이트,US-GA,west,59280
2026-07,VF3TCAHXTU0039499,TRN,2026,TRN-CO,2.5T 하이브리드,AWD,샌드 베이지,US-GA,northeast,47840
2026-07,VF3TCAEXTU0039500,TRN,2026,TRN-CO,3.5 가솔린,AWD,오션 블루,US-GA,northeast,47840
2026-07,VF3TPAAXTU0039501,TRN,2026,TRN-PR,2.5T 하이브리드,AWD,스노우 화이트,US-GA,southeast,52000
2026-07,VF3TPAGXTU0039502,TRN,2026,TRN-PR,2.5T 하이브리드,AWD,포레스트 그린,US-GA,central,52000
2026-07,VF3TPFCXTU0039503,TRN,2026,TRN-PR,3.5 가솔린,FWD,스틸 그레이,US-GA,west,52000
2026-07,VF3TCADXTU0039504,TRN,2026,TRN-CO,3.5 가솔린,AWD,실버,US-GA,central,47840
2026-07,VF3TSAHXTU0039505,TRN,2026,TRN-SU,2.5T 하이브리드,AWD,샌드 베이지,US-GA,central,59280
2026-07,VF3TPFCXTU0039506,TRN,2026,TRN-PR,2.5T 하이브리드,FWD,스틸 그레이,US-GA,central,52000
2026-07,VF3TPABXTU0039507,TRN,2026,TRN-PR,3.5 가솔린,AWD,미드나잇 블랙,US-GA,northeast,52000
2026-07,VF3TPAAXTU0039508,TRN,2026,TRN-PR,3.5 가솔린,AWD,스노우 화이트,US-GA,south,52000
2026-07,VF3TPAAXTU0039509,TRN,2026,TRN-PR,2.5T 하이브리드,AWD,스노우 화이트,US-GA,west,52000
2026-07,VF3TCAGXTU0039510,TRN,2026,TRN-CO,3.5 가솔린,AWD,포레스트 그린,US-GA,central,47840
2026-07,VF3TPABXTU0039511,TRN,2026,TRN-PR,3.5 가솔린,AWD,미드나잇 블랙,US-GA,south,52000
2026-07,VF3TPFBXTU0039512,TRN,2026,TRN-PR,2.5T 하이브리드,FWD,미드나잇 블랙,US-GA,south,52000
2026-07,VF3TPAFXTU0039513,TRN,2026,TRN-PR,3.5 가솔린,AWD,선셋 레드,US-GA,south,52000
2026-07,VF3TCADXTU0039514,TRN,2026,TRN-CO,2.5T 하이브리드,AWD,실버,US-GA,northeast,47840
2026-07,VF3TSABXTU0039515,TRN,2026,TRN-SU,2.5T 하이브리드,AWD,미드나잇 블랙,US-GA,central,59280
2026-07,VF3TCFAXTU0039516,TRN,2026,TRN-CO,2.5T 하이브리드,FWD,스노우 화이트,US-GA,west,47840
2026-07,VF3TCAAXTU0039517,TRN,2026,TRN-CO,3.5 가솔린,AWD,스노우 화이트,US-GA,central,47840
2026-07,VF3TCACXTU0039518,TRN,2026,TRN-CO,3.5 가솔린,AWD,스틸 그레이,US-GA,west,47840
2026-07,VF3TPFCXTU0039519,TRN,2026,TRN-PR,2.5T 하이브리드,FWD,스틸 그레이,US-GA,south,52000
2026-07,VF3TCAFXTU0039520,TRN,2026,TRN-CO,3.5 가솔린,AWD,선셋 레드,US-GA,southeast,47840
2026-07,VF3TPAEXTU0039521,TRN,2026,TRN-PR,2.5T 하이브리드,AWD,오션 블루,US-GA,west,52000
2026-07,VF3TSACXTU0039522,TRN,2026,TRN-SU,3.5 가솔린,AWD,스틸 그레이,US-GA,northeast,59280
2026-07,VF3TPAHXTU0039523,TRN,2026,TRN-PR,3.5 가솔린,AWD,샌드 베이지,US-GA,west,52000
2026-07,VF3TPADXTU0039524,TRN,2026,TRN-PR,3.5 가솔린,AWD,실버,US-GA,west,52000
2026-07,VF3TCFBXTU0039525,TRN,2026,TRN-CO,2.5T 하이브리드,FWD,미드나잇 블랙,US-GA,west,47840
2026-07,VF3TSAEXTU0039526,TRN,2026,TRN-SU,2.5T 하이브리드,AWD,오션 블루,US-GA,northeast,59280
2026-07,VF3TPAEXTU0039527,TRN,2026,TRN-PR,2.5T 하이브리드,AWD,오션 블루,US-GA,west,52000
2026-07,VF3TPABXTU0039528,TRN,2026,TRN-PR,3.5 가솔린,AWD,미드나잇 블랙,US-GA,northeast,52000
2026-07,VF3TPACXTU0039529,TRN,2026,TRN-PR,3.5 가솔린,AWD,스틸 그레이,US-GA,central,52000
2026-07,VF3TPFCXTU0039530,TRN,2026,TRN-PR,2.5T 하이브리드,FWD,스틸 그레이,US-GA,central,52000
2026-07,VF3TPAGXTU0039531,TRN,2026,TRN-PR,2.5T 하이브리드,AWD,포레스트 그린,US-GA,southeast,52000
2026-07,VF3TPAAXTU0039532,TRN,2026,TRN-PR,3.5 가솔린,AWD,스노우 화이트,US-GA,south,52000
2026-07,VF3TSACXTU0039533,TRN,2026,TRN-SU,2.5T 하이브리드,AWD,스틸 그레이,US-GA,west,59280
2026-07,VF3TCFAXTU0039534,TRN,2026,TRN-CO,3.5 가솔린,FWD,스노우 화이트,US-GA,southeast,47840
2026-07,VF3TPAEXTU0039535,TRN,2026,TRN-PR,2.5T 하이브리드,AWD,오션 블루,US-GA,central,52000
2026-07,VF3TSAAXTU0039536,TRN,2026,TRN-SU,3.5 가솔린,AWD,스노우 화이트,US-GA,south,59280
2026-07,VF3TPFAXTU0039537,TRN,2026,TRN-PR,2.5T 하이브리드,FWD,스노우 화이트,US-GA,south,52000
2026-07,VF3TPABXTU0039538,TRN,2026,TRN-PR,2.5T 하이브리드,AWD,미드나잇 블랙,US-GA,southeast,52000
2026-07,VF3TPAAXTU0039539,TRN,2026,TRN-PR,3.5 가솔린,AWD,스노우 화이트,US-GA,west,52000
2026-07,VF3TCFEXTU0039540,TRN,2026,TRN-CO,3.5 가솔린,FWD,오션 블루,US-GA,southeast,47840
2026-07,VF3TCABXTU0039541,TRN,2026,TRN-CO,2.5T 하이브리드,AWD,미드나잇 블랙,US-GA,southeast,47840
2026-07,VF3TPABXTU0039542,TRN,2026,TRN-PR,2.5T 하이브리드,AWD,미드나잇 블랙,US-GA,west,52000
2026-07,VF3TPFAXTU0039543,TRN,2026,TRN-PR,2.5T 하이브리드,FWD,스노우 화이트,US-GA,southeast,52000
2026-07,VF3TPAFXTU0039544,TRN,2026,TRN-PR,2.5T 하이브리드,AWD,선셋 레드,US-GA,northeast,52000
2026-07,VF3TCADXTU0039545,TRN,2026,TRN-CO,3.5 가솔린,AWD,실버,US-GA,northeast,47840
2026-07,VF3TPADXTU0039546,TRN,2026,TRN-PR,2.5T 하이브리드,AWD,실버,US-GA,northeast,52000
2026-07,VF3TPAAXTU0039547,TRN,2026,TRN-PR,3.5 가솔린,AWD,스노우 화이트,US-GA,northeast,52000
2026-07,VF3TPAAXTU0039548,TRN,2026,TRN-PR,2.5T 하이브리드,AWD,스노우 화이트,US-GA,south,52000
2026-07,VF3TPAAXTU0039549,TRN,2026,TRN-PR,2.5T 하이브리드,AWD,스노우 화이트,US-GA,west,52000
2026-07,VF3TSFBXTU0039550,TRN,2026,TRN-SU,3.5 가솔린,FWD,미드나잇 블랙,US-GA,south,59280
2026-07,VF3TCFBXTU0039551,TRN,2026,TRN-CO,2.5T 하이브리드,FWD,미드나잇 블랙,US-GA,west,47840
2026-07,VF3TPAHXTU0039552,TRN,2026,TRN-PR,2.5T 하이브리드,AWD,샌드 베이지,US-GA,south,52000
2026-07,VF3TSFFXTU0039553,TRN,2026,TRN-SU,2.5T 하이브리드,FWD,선셋 레드,US-GA,southeast,59280
2026-07,VF3TSFCXTU0039554,TRN,2026,TRN-SU,2.5T 하이브리드,FWD,스틸 그레이,US-GA,central,59280
2026-07,VF3TPAFXTU0039555,TRN,2026,TRN-PR,3.5 가솔린,AWD,선셋 레드,US-GA,southeast,52000
2026-07,VF3TSADXTU0039556,TRN,2026,TRN-SU,3.5 가솔린,AWD,실버,US-GA,central,59280
2026-07,VF3TPACXTU0039557,TRN,2026,TRN-PR,3.5 가솔린,AWD,스틸 그레이,US-GA,northeast,52000
2026-07,VF3TPAFXTU0039558,TRN,2026,TRN-PR,2.5T 하이브리드,AWD,선셋 레드,US-GA,central,52000
2026-07,VF3TPABXTU0039559,TRN,2026,TRN-PR,2.5T 하이브리드,AWD,미드나잇 블랙,US-GA,southeast,52000
2026-07,VF3TPFBXTU0039560,TRN,2026,TRN-PR,3.5 가솔린,FWD,미드나잇 블랙,US-GA,west,52000
2026-07,VF3TSAEXTU0039561,TRN,2026,TRN-SU,2.5T 하이브리드,AWD,오션 블루,US-GA,west,59280
2026-07,VF3TPFCXTU0039562,TRN,2026,TRN-PR,3.5 가솔린,FWD,스틸 그레이,US-GA,southeast,52000
2026-07,VF3TPADXTU0039563,TRN,2026,TRN-PR,3.5 가솔린,AWD,실버,US-GA,west,52000
2026-07,VF3TCAAXTU0039564,TRN,2026,TRN-CO,3.5 가솔린,AWD,스노우 화이트,US-GA,northeast,47840
2026-07,VF3TPADXTU0039565,TRN,2026,TRN-PR,3.5 가솔린,AWD,실버,US-GA,central,52000
2026-07,VF3TCFDXTU0039566,TRN,2026,TRN-CO,2.5T 하이브리드,FWD,실버,US-GA,southeast,47840
2026-07,VF3TCAEXTU0039567,TRN,2026,TRN-CO,2.5T 하이브리드,AWD,오션 블루,US-GA,northeast,47840
2026-07,VF3TCABXTU0039568,TRN,2026,TRN-CO,3.5 가솔린,AWD,미드나잇 블랙,US-GA,southeast,47840
2026-07,VF3TCFCXTU0039569,TRN,2026,TRN-CO,3.5 가솔린,FWD,스틸 그레이,US-GA,southeast,47840
2026-07,VF3TCAFXTU0039570,TRN,2026,TRN-CO,3.5 가솔린,AWD,선셋 레드,US-GA,central,47840
2026-07,VF3TPAAXTU0039571,TRN,2026,TRN-PR,2.5T 하이브리드,AWD,스노우 화이트,US-GA,northeast,52000
2026-07,VF3TPFFXTU0039572,TRN,2026,TRN-PR,2.5T 하이브리드,FWD,선셋 레드,US-GA,south,52000
2026-07,VF3TCAFXTU0039573,TRN,2026,TRN-CO,2.5T 하이브리드,AWD,선셋 레드,US-GA,west,47840
2026-07,VF3TCAAXTU0039574,TRN,2026,TRN-CO,3.5 가솔린,AWD,스노우 화이트,US-GA,central,47840
2026-07,VF3TCACXTU0039575,TRN,2026,TRN-CO,2.5T 하이브리드,AWD,스틸 그레이,US-GA,southeast,47840
2026-07,VF3TSAAXTU0039576,TRN,2026,TRN-SU,2.5T 하이브리드,AWD,스노우 화이트,US-GA,west,59280
2026-07,VF3TCFFXTU0039577,TRN,2026,TRN-CO,2.5T 하이브리드,FWD,선셋 레드,US-GA,southeast,47840
2026-07,VF3TPABXTU0039578,TRN,2026,TRN-PR,3.5 가솔린,AWD,미드나잇 블랙,US-GA,central,52000
2026-07,VF3TPAGXTU0039579,TRN,2026,TRN-PR,2.5T 하이브리드,AWD,포레스트 그린,US-GA,central,52000
2026-07,VF3TPACXTU0039580,TRN,2026,TRN-PR,2.5T 하이브리드,AWD,스틸 그레이,US-GA,south,52000
2026-07,VF3TPABXTU0039581,TRN,2026,TRN-PR,3.5 가솔린,AWD,미드나잇 블랙,US-GA,south,52000
2026-07,VF3TCAAXTU0039582,TRN,2026,TRN-CO,2.5T 하이브리드,AWD,스노우 화이트,US-GA,west,47840
2026-07,VF3TCABXTU0039583,TRN,2026,TRN-CO,3.5 가솔린,AWD,미드나잇 블랙,US-GA,southeast,47840
2026-07,VF3TCADXTU0039584,TRN,2026,TRN-CO,3.5 가솔린,AWD,실버,US-GA,southeast,47840
2026-07,VF3TPAAXTU0039585,TRN,2026,TRN-PR,2.5T 하이브리드,AWD,스노우 화이트,US-GA,southeast,52000
2026-07,VF3TPAAXTU0039586,TRN,2026,TRN-PR,2.5T 하이브리드,AWD,스노우 화이트,US-GA,west,52000
2026-07,VF3TCAGXTU0039587,TRN,2026,TRN-CO,2.5T 하이브리드,AWD,포레스트 그린,US-GA,south,47840
2026-07,VF3TCABXTU0039588,TRN,2026,TRN-CO,2.5T 하이브리드,AWD,미드나잇 블랙,US-GA,northeast,47840
2026-07,VF3TCADXTU0039589,TRN,2026,TRN-CO,3.5 가솔린,AWD,실버,US-GA,southeast,47840
2026-07,VF3TSFCXTU0039590,TRN,2026,TRN-SU,2.5T 하이브리드,FWD,스틸 그레이,US-GA,southeast,59280
2026-07,VF3TCAFXTU0039591,TRN,2026,TRN-CO,3.5 가솔린,AWD,선셋 레드,US-GA,northeast,47840
2026-07,VF3TPAAXTU0039592,TRN,2026,TRN-PR,3.5 가솔린,AWD,스노우 화이트,US-GA,northeast,52000
2026-07,VF3TPAAXTU0039593,TRN,2026,TRN-PR,2.5T 하이브리드,AWD,스노우 화이트,US-GA,northeast,52000
2026-07,VF3TPFEXTU0039594,TRN,2026,TRN-PR,3.5 가솔린,FWD,오션 블루,US-GA,south,52000
2026-07,VF3TCAAXTU0039595,TRN,2026,TRN-CO,2.5T 하이브리드,AWD,스노우 화이트,US-GA,central,47840
2026-07,VF3TSADXTU0039596,TRN,2026,TRN-SU,2.5T 하이브리드,AWD,실버,US-GA,southeast,59280
2026-07,VF3TSACXTU0039597,TRN,2026,TRN-SU,3.5 가솔린,AWD,스틸 그레이,US-GA,southeast,59280
2026-07,VF3TPAAXTU0039598,TRN,2026,TRN-PR,2.5T 하이브리드,AWD,스노우 화이트,US-GA,west,52000
2026-07,VF3TPACXTU0039599,TRN,2026,TRN-PR,2.5T 하이브리드,AWD,스틸 그레이,US-GA,northeast,52000
2026-07,VF3TPACXTU0039600,TRN,2026,TRN-PR,2.5T 하이브리드,AWD,스틸 그레이,US-GA,central,52000
2026-07,VF3TSFHXTU0039601,TRN,2026,TRN-SU,2.5T 하이브리드,FWD,샌드 베이지,US-GA,southeast,59280
2026-07,VF3TPABXTU0039602,TRN,2026,TRN-PR,3.5 가솔린,AWD,미드나잇 블랙,US-GA,south,52000
2026-07,VF3TCAGXTU0039603,TRN,2026,TRN-CO,2.5T 하이브리드,AWD,포레스트 그린,US-GA,northeast,47840
2026-07,VF3TPAAXTU0039604,TRN,2026,TRN-PR,2.5T 하이브리드,AWD,스노우 화이트,US-GA,northeast,52000
2026-07,VF3TPABXTU0039605,TRN,2026,TRN-PR,2.5T 하이브리드,AWD,미드나잇 블랙,US-GA,west,52000
2026-07,VF3TPACXTU0039606,TRN,2026,TRN-PR,3.5 가솔린,AWD,스틸 그레이,US-GA,west,52000
2026-07,VF3TCACXTU0039607,TRN,2026,TRN-CO,3.5 가솔린,AWD,스틸 그레이,US-GA,northeast,47840
2026-07,VF3TCAAXTU0039608,TRN,2026,TRN-CO,3.5 가솔린,AWD,스노우 화이트,US-GA,west,47840
2026-07,VF3TSAGXTU0039609,TRN,2026,TRN-SU,3.5 가솔린,AWD,포레스트 그린,US-GA,south,59280
2026-07,VF3TPAHXTU0039610,TRN,2026,TRN-PR,2.5T 하이브리드,AWD,샌드 베이지,US-GA,west,52000
2026-07,VF3TCFEXTU0039611,TRN,2026,TRN-CO,3.5 가솔린,FWD,오션 블루,US-GA,west,47840
2026-07,VF3TPAAXTU0039612,TRN,2026,TRN-PR,2.5T 하이브리드,AWD,스노우 화이트,US-GA,northeast,52000
2026-07,VF3TPFAXTU0039613,TRN,2026,TRN-PR,2.5T 하이브리드,FWD,스노우 화이트,US-GA,southeast,52000
2026-07,VF3TPFCXTU0039614,TRN,2026,TRN-PR,3.5 가솔린,FWD,스틸 그레이,US-GA,south,52000
2026-07,VF3TCAFXTU0039615,TRN,2026,TRN-CO,3.5 가솔린,AWD,선셋 레드,US-GA,west,47840
2026-07,VF3TPAAXTU0039616,TRN,2026,TRN-PR,3.5 가솔린,AWD,스노우 화이트,US-GA,west,52000
2026-07,VF3TCFDXTU0039617,TRN,2026,TRN-CO,2.5T 하이브리드,FWD,실버,US-GA,west,47840
2026-07,VF3TPADXTU0039618,TRN,2026,TRN-PR,3.5 가솔린,AWD,실버,US-GA,south,52000
2026-07,VF3TPAEXTU0039619,TRN,2026,TRN-PR,3.5 가솔린,AWD,오션 블루,US-GA,west,52000
2026-07,VF3TPAFXTU0039620,TRN,2026,TRN-PR,3.5 가솔린,AWD,선셋 레드,US-GA,northeast,52000
2026-07,VF3TPAAXTU0039621,TRN,2026,TRN-PR,3.5 가솔린,AWD,스노우 화이트,US-GA,west,52000
2026-07,VF3TPAFXTU0039622,TRN,2026,TRN-PR,2.5T 하이브리드,AWD,선셋 레드,US-GA,south,52000
2026-07,VF3TCAAXTU0039623,TRN,2026,TRN-CO,3.5 가솔린,AWD,스노우 화이트,US-GA,southeast,47840
2026-07,VF3TPFAXTU0039624,TRN,2026,TRN-PR,3.5 가솔린,FWD,스노우 화이트,US-GA,southeast,52000
2026-07,VF3TPACXTU0039625,TRN,2026,TRN-PR,3.5 가솔린,AWD,스틸 그레이,US-GA,northeast,52000
2026-07,VF3TCFBXTU0039626,TRN,2026,TRN-CO,2.5T 하이브리드,FWD,미드나잇 블랙,US-GA,southeast,47840
2026-07,VF3TPFCXTU0039627,TRN,2026,TRN-PR,3.5 가솔린,FWD,스틸 그레이,US-GA,south,52000
2026-07,VF3TPFAXTU0039628,TRN,2026,TRN-PR,3.5 가솔린,FWD,스노우 화이트,US-GA,southeast,52000
2026-07,VF3TCAAXTU0039629,TRN,2026,TRN-CO,3.5 가솔린,AWD,스노우 화이트,US-GA,west,47840
2026-07,VF3TPFBXTU0039630,TRN,2026,TRN-PR,3.5 가솔린,FWD,미드나잇 블랙,US-GA,south,52000
2026-07,VF3TPFAXTU0039631,TRN,2026,TRN-PR,2.5T 하이브리드,FWD,스노우 화이트,US-GA,west,52000
2026-07,VF3VCFDXTU0039632,VST,2026,VST-CO,1.6T 하이브리드,FWD,실버,US-GA,southeast,35420
2026-07,VF3VSFCXTU0039633,VST,2026,VST-TR,2.5 가솔린,FWD,스틸 그레이,US-GA,southeast,43890
2026-07,VF3VPADXTU0039634,VST,2026,VST-PR,2.5 가솔린,AWD,실버,US-GA,southeast,38500
2026-07,VF3VPFBXTU0039635,VST,2026,VST-PR,1.6T 하이브리드,FWD,미드나잇 블랙,US-GA,south,38500
2026-07,VF3VSAAXTU0039636,VST,2026,VST-TR,2.5 가솔린,AWD,스노우 화이트,US-GA,northeast,43890
2026-07,VF3VCFBXTU0039637,VST,2026,VST-CO,1.6T 하이브리드,FWD,미드나잇 블랙,US-GA,west,35420
2026-07,VF3VCFFXTU0039638,VST,2026,VST-CO,1.6T 하이브리드,FWD,선셋 레드,US-GA,south,35420
2026-07,VF3VPADXTU0039639,VST,2026,VST-PR,1.6T 하이브리드,AWD,실버,US-GA,southeast,38500
2026-07,VF3VPAAXTU0039640,VST,2026,VST-PR,1.6T 하이브리드,AWD,스노우 화이트,US-GA,west,38500
2026-07,VF3VPFEXTU0039641,VST,2026,VST-PR,2.5 가솔린,FWD,오션 블루,US-GA,west,38500
2026-07,VF3VPFHXTU0039642,VST,2026,VST-PR,1.6T 하이브리드,FWD,샌드 베이지,US-GA,west,38500
2026-07,VF3VCFAXTU0039643,VST,2026,VST-CO,2.5 가솔린,FWD,스노우 화이트,US-GA,northeast,35420
2026-07,VF3VPAFXTU0039644,VST,2026,VST-PR,2.5 가솔린,AWD,선셋 레드,US-GA,west,38500
2026-07,VF3VCAAXTU0039645,VST,2026,VST-CO,1.6T 하이브리드,AWD,스노우 화이트,US-GA,west,35420
2026-07,VF3VCFHXTU0039646,VST,2026,VST-CO,1.6T 하이브리드,FWD,샌드 베이지,US-GA,central,35420
2026-07,VF3VPADXTU0039647,VST,2026,VST-PR,2.5 가솔린,AWD,실버,US-GA,central,38500
2026-07,VF3VPFCXTU0039648,VST,2026,VST-PR,1.6T 하이브리드,FWD,스틸 그레이,US-GA,southeast,38500
2026-07,VF3VPFAXTU0039649,VST,2026,VST-PR,1.6T 하이브리드,FWD,스노우 화이트,US-GA,northeast,38500
2026-07,VF3VCFBXTU0039650,VST,2026,VST-CO,1.6T 하이브리드,FWD,미드나잇 블랙,US-GA,northeast,35420
2026-07,VF3VSFAXTU0039651,VST,2026,VST-TR,1.6T 하이브리드,FWD,스노우 화이트,US-GA,southeast,43890
2026-07,VF3VCFEXTU0039652,VST,2026,VST-CO,2.5 가솔린,FWD,오션 블루,US-GA,southeast,35420
2026-07,VF3VCFBXTU0039653,VST,2026,VST-CO,2.5 가솔린,FWD,미드나잇 블랙,US-GA,northeast,35420
2026-07,VF3VCFFXTU0039654,VST,2026,VST-CO,1.6T 하이브리드,FWD,선셋 레드,US-GA,central,35420
2026-07,VF3VPFCXTU0039655,VST,2026,VST-PR,1.6T 하이브리드,FWD,스틸 그레이,US-GA,west,38500
2026-07,VF3VCFEXTU0039656,VST,2026,VST-CO,1.6T 하이브리드,FWD,오션 블루,US-GA,southeast,35420
2026-07,VF3VPADXTU0039657,VST,2026,VST-PR,1.6T 하이브리드,AWD,실버,US-GA,central,38500
2026-07,VF3VCFFXTU0039658,VST,2026,VST-CO,1.6T 하이브리드,FWD,선셋 레드,US-GA,west,35420
2026-07,VF3VPACXTU0039659,VST,2026,VST-PR,1.6T 하이브리드,AWD,스틸 그레이,US-GA,central,38500
2026-07,VF3VSACXTU0039660,VST,2026,VST-TR,2.5 가솔린,AWD,스틸 그레이,US-GA,central,43890
2026-07,VF3VPFCXTU0039661,VST,2026,VST-PR,1.6T 하이브리드,FWD,스틸 그레이,US-GA,west,38500
2026-07,VF3VCAEXTU0039662,VST,2026,VST-CO,1.6T 하이브리드,AWD,오션 블루,US-GA,central,35420
2026-07,VF3VSFFXTU0039663,VST,2026,VST-TR,1.6T 하이브리드,FWD,선셋 레드,US-GA,west,43890
2026-07,VF3VCFBXTU0039664,VST,2026,VST-CO,1.6T 하이브리드,FWD,미드나잇 블랙,US-GA,southeast,35420
2026-07,VF3VCFFXTU0039665,VST,2026,VST-CO,1.6T 하이브리드,FWD,선셋 레드,US-GA,south,35420
2026-07,VF3VCAAXTU0039666,VST,2026,VST-CO,2.5 가솔린,AWD,스노우 화이트,US-GA,northeast,35420
2026-07,VF3VPFDXTU0039667,VST,2026,VST-PR,2.5 가솔린,FWD,실버,US-GA,south,38500
2026-07,VF3VPFDXTU0039668,VST,2026,VST-PR,1.6T 하이브리드,FWD,실버,US-GA,south,38500
2026-07,VF3VPFAXTU0039669,VST,2026,VST-PR,1.6T 하이브리드,FWD,스노우 화이트,US-GA,west,38500
2026-07,VF3VSFBXTU0039670,VST,2026,VST-TR,2.5 가솔린,FWD,미드나잇 블랙,US-GA,south,43890
2026-07,VF3VPAAXTU0039671,VST,2026,VST-PR,1.6T 하이브리드,AWD,스노우 화이트,US-GA,southeast,38500
2026-07,VF3VCFAXTU0039672,VST,2026,VST-CO,1.6T 하이브리드,FWD,스노우 화이트,US-GA,northeast,35420
2026-07,VF3VPFAXTU0039673,VST,2026,VST-PR,2.5 가솔린,FWD,스노우 화이트,US-GA,west,38500
2026-07,VF3VCFFXTU0039674,VST,2026,VST-CO,2.5 가솔린,FWD,선셋 레드,US-GA,west,35420
2026-07,VF3VPFHXTU0039675,VST,2026,VST-PR,1.6T 하이브리드,FWD,샌드 베이지,US-GA,southeast,38500
2026-07,VF3VPAAXTU0039676,VST,2026,VST-PR,1.6T 하이브리드,AWD,스노우 화이트,US-GA,central,38500
2026-07,VF3VPADXTU0039677,VST,2026,VST-PR,1.6T 하이브리드,AWD,실버,US-GA,central,38500
2026-07,VF3VPFEXTU0039678,VST,2026,VST-PR,1.6T 하이브리드,FWD,오션 블루,US-GA,west,38500
2026-07,VF3VCAEXTU0039679,VST,2026,VST-CO,1.6T 하이브리드,AWD,오션 블루,US-GA,northeast,35420
2026-07,VF3VSAGXTU0039680,VST,2026,VST-TR,2.5 가솔린,AWD,포레스트 그린,US-GA,southeast,43890
2026-07,VF3VSAEXTU0039681,VST,2026,VST-TR,2.5 가솔린,AWD,오션 블루,US-GA,northeast,43890
2026-07,VF3VPABXTU0039682,VST,2026,VST-PR,2.5 가솔린,AWD,미드나잇 블랙,US-GA,west,38500
2026-07,VF3VPFBXTU0039683,VST,2026,VST-PR,2.5 가솔린,FWD,미드나잇 블랙,US-GA,south,38500
2026-07,VF3VPAGXTU0039684,VST,2026,VST-PR,2.5 가솔린,AWD,포레스트 그린,US-GA,west,38500
2026-07,VF3VPABXTU0039685,VST,2026,VST-PR,2.5 가솔린,AWD,미드나잇 블랙,US-GA,south,38500
2026-07,VF3VPACXTU0039686,VST,2026,VST-PR,1.6T 하이브리드,AWD,스틸 그레이,US-GA,central,38500
2026-07,VF3VCFGXTU0039687,VST,2026,VST-CO,1.6T 하이브리드,FWD,포레스트 그린,US-GA,west,35420
2026-07,VF3VPFFXTU0039688,VST,2026,VST-PR,1.6T 하이브리드,FWD,선셋 레드,US-GA,south,38500
2026-07,VF3VSFFXTU0039689,VST,2026,VST-TR,2.5 가솔린,FWD,선셋 레드,US-GA,south,43890
2026-07,VF3VPFAXTU0039690,VST,2026,VST-PR,1.6T 하이브리드,FWD,스노우 화이트,US-GA,northeast,38500
2026-07,VF3VSFEXTU0039691,VST,2026,VST-TR,2.5 가솔린,FWD,오션 블루,US-GA,central,43890
2026-07,VF3VPFDXTU0039692,VST,2026,VST-PR,2.5 가솔린,FWD,실버,US-GA,west,38500
2026-07,VF3VCABXTU0039693,VST,2026,VST-CO,2.5 가솔린,AWD,미드나잇 블랙,US-GA,west,35420
2026-07,VF3VPACXTU0039694,VST,2026,VST-PR,1.6T 하이브리드,AWD,스틸 그레이,US-GA,central,38500
2026-07,VF3VSACXTU0039695,VST,2026,VST-TR,1.6T 하이브리드,AWD,스틸 그레이,US-GA,southeast,43890
2026-07,VF3VPFCXTU0039696,VST,2026,VST-PR,1.6T 하이브리드,FWD,스틸 그레이,US-GA,south,38500
2026-07,VF3VSADXTU0039697,VST,2026,VST-TR,1.6T 하이브리드,AWD,실버,US-GA,southeast,43890
2026-07,VF3VCAAXTU0039698,VST,2026,VST-CO,1.6T 하이브리드,AWD,스노우 화이트,US-GA,west,35420
2026-07,VF3VSFBXTU0039699,VST,2026,VST-TR,2.5 가솔린,FWD,미드나잇 블랙,US-GA,northeast,43890
2026-07,VF3VPACXTU0039700,VST,2026,VST-PR,2.5 가솔린,AWD,스틸 그레이,US-GA,northeast,38500
2026-07,VF3VCACXTU0039701,VST,2026,VST-CO,2.5 가솔린,AWD,스틸 그레이,US-GA,southeast,35420
2026-07,VF3VSAGXTU0039702,VST,2026,VST-TR,2.5 가솔린,AWD,포레스트 그린,US-GA,northeast,43890
2026-07,VF3VPFCXTU0039703,VST,2026,VST-PR,2.5 가솔린,FWD,스틸 그레이,US-GA,west,38500
2026-07,VF3VCABXTU0039704,VST,2026,VST-CO,2.5 가솔린,AWD,미드나잇 블랙,US-GA,west,35420
2026-07,VF3VCADXTU0039705,VST,2026,VST-CO,1.6T 하이브리드,AWD,실버,US-GA,southeast,35420
2026-07,VF3VPAHXTU0039706,VST,2026,VST-PR,2.5 가솔린,AWD,샌드 베이지,US-GA,south,38500
2026-07,VF3VCACXTU0039707,VST,2026,VST-CO,2.5 가솔린,AWD,스틸 그레이,US-GA,south,35420
2026-07,VF3VPABXTU0039708,VST,2026,VST-PR,1.6T 하이브리드,AWD,미드나잇 블랙,US-GA,west,38500
2026-07,VF3VCFAXTU0039709,VST,2026,VST-CO,1.6T 하이브리드,FWD,스노우 화이트,US-GA,central,35420
2026-07,VF3VSABXTU0039710,VST,2026,VST-TR,2.5 가솔린,AWD,미드나잇 블랙,US-GA,central,43890
2026-07,VF3VPFEXTU0039711,VST,2026,VST-PR,1.6T 하이브리드,FWD,오션 블루,US-GA,southeast,38500
2026-07,VF3VCABXTU0039712,VST,2026,VST-CO,2.5 가솔린,AWD,미드나잇 블랙,US-GA,southeast,35420
2026-07,VF3VPFAXTU0039713,VST,2026,VST-PR,2.5 가솔린,FWD,스노우 화이트,US-GA,south,38500
2026-07,VF3VPABXTU0039714,VST,2026,VST-PR,2.5 가솔린,AWD,미드나잇 블랙,US-GA,southeast,38500
2026-07,VF3VSAHXTU0039715,VST,2026,VST-TR,2.5 가솔린,AWD,샌드 베이지,US-GA,northeast,43890
2026-07,VF3VCAGXTU0039716,VST,2026,VST-CO,2.5 가솔린,AWD,포레스트 그린,US-GA,northeast,35420
2026-07,VF3VPFCXTU0039717,VST,2026,VST-PR,1.6T 하이브리드,FWD,스틸 그레이,US-GA,southeast,38500
2026-07,VF3VPFEXTU0039718,VST,2026,VST-PR,2.5 가솔린,FWD,오션 블루,US-GA,southeast,38500
2026-07,VF3VPACXTU0039719,VST,2026,VST-PR,1.6T 하이브리드,AWD,스틸 그레이,US-GA,south,38500
2026-07,VF3VSAGXTU0039720,VST,2026,VST-TR,2.5 가솔린,AWD,포레스트 그린,US-GA,southeast,43890
2026-07,VF3VSAFXTU0039721,VST,2026,VST-TR,1.6T 하이브리드,AWD,선셋 레드,US-GA,northeast,43890
2026-07,VF3VCACXTU0039722,VST,2026,VST-CO,2.5 가솔린,AWD,스틸 그레이,US-GA,west,35420
2026-07,VF3VPFBXTU0039723,VST,2026,VST-PR,2.5 가솔린,FWD,미드나잇 블랙,US-GA,northeast,38500
2026-07,VF3VCAEXTU0039724,VST,2026,VST-CO,2.5 가솔린,AWD,오션 블루,US-GA,west,35420
2026-07,VF3VPFAXTU0039725,VST,2026,VST-PR,1.6T 하이브리드,FWD,스노우 화이트,US-GA,central,38500
2026-07,VF3VPAAXTU0039726,VST,2026,VST-PR,1.6T 하이브리드,AWD,스노우 화이트,US-GA,northeast,38500
2026-07,VF3VCFBXTU0039727,VST,2026,VST-CO,1.6T 하이브리드,FWD,미드나잇 블랙,US-GA,central,35420
2026-07,VF3VCFBXTU0039728,VST,2026,VST-CO,1.6T 하이브리드,FWD,미드나잇 블랙,US-GA,south,35420
2026-07,VF3VSFBXTU0039729,VST,2026,VST-TR,2.5 가솔린,FWD,미드나잇 블랙,US-GA,west,43890
2026-07,VF3VCADXTU0039730,VST,2026,VST-CO,1.6T 하이브리드,AWD,실버,US-GA,south,35420
2026-07,VF3VPFAXTU0039731,VST,2026,VST-PR,1.6T 하이브리드,FWD,스노우 화이트,US-GA,northeast,38500
2026-07,VF3VCABXTU0039732,VST,2026,VST-CO,2.5 가솔린,AWD,미드나잇 블랙,US-GA,southeast,35420
2026-07,VF3VCAAXTU0039733,VST,2026,VST-CO,1.6T 하이브리드,AWD,스노우 화이트,US-GA,northeast,35420
2026-07,VF3VPFDXTU0039734,VST,2026,VST-PR,2.5 가솔린,FWD,실버,US-GA,southeast,38500
2026-07,VF3VPAAXTU0039735,VST,2026,VST-PR,1.6T 하이브리드,AWD,스노우 화이트,US-GA,west,38500
2026-07,VF3VSFFXTU0039736,VST,2026,VST-TR,2.5 가솔린,FWD,선셋 레드,US-GA,south,43890
2026-07,VF3VPABXTU0039737,VST,2026,VST-PR,2.5 가솔린,AWD,미드나잇 블랙,US-GA,central,38500
2026-07,VF3VCFFXTU0039738,VST,2026,VST-CO,2.5 가솔린,FWD,선셋 레드,US-GA,central,35420
2026-07,VF3VPADXTU0039739,VST,2026,VST-PR,1.6T 하이브리드,AWD,실버,US-GA,south,38500
2026-07,VF3VPFCXTU0039740,VST,2026,VST-PR,2.5 가솔린,FWD,스틸 그레이,US-GA,central,38500
2026-07,VF3VCFBXTU0039741,VST,2026,VST-CO,1.6T 하이브리드,FWD,미드나잇 블랙,US-GA,southeast,35420
2026-07,VF3VPFAXTU0039742,VST,2026,VST-PR,2.5 가솔린,FWD,스노우 화이트,US-GA,west,38500
2026-07,VF3VPFHXTU0039743,VST,2026,VST-PR,2.5 가솔린,FWD,샌드 베이지,US-GA,south,38500
2026-07,VF3VCFDXTU0039744,VST,2026,VST-CO,2.5 가솔린,FWD,실버,US-GA,southeast,35420
2026-07,VF3VSABXTU0039745,VST,2026,VST-TR,1.6T 하이브리드,AWD,미드나잇 블랙,US-GA,central,43890
2026-07,VF3VPAHXTU0039746,VST,2026,VST-PR,1.6T 하이브리드,AWD,샌드 베이지,US-GA,southeast,38500
2026-07,VF3VCAGXTU0039747,VST,2026,VST-CO,2.5 가솔린,AWD,포레스트 그린,US-GA,southeast,35420
2026-07,VF3VPFBXTU0039748,VST,2026,VST-PR,2.5 가솔린,FWD,미드나잇 블랙,US-GA,west,38500
2026-07,VF3VPFDXTU0039749,VST,2026,VST-PR,1.6T 하이브리드,FWD,실버,US-GA,southeast,38500
2026-07,VF3VCABXTU0039750,VST,2026,VST-CO,2.5 가솔린,AWD,미드나잇 블랙,US-GA,west,35420
2026-07,VF3VPAAXTU0039751,VST,2026,VST-PR,2.5 가솔린,AWD,스노우 화이트,US-GA,central,38500
2026-07,VF3VCAEXTU0039752,VST,2026,VST-CO,1.6T 하이브리드,AWD,오션 블루,US-GA,central,35420
2026-07,VF3VPFCXTU0039753,VST,2026,VST-PR,2.5 가솔린,FWD,스틸 그레이,US-GA,south,38500
2026-07,VF3VPFCXTU0039754,VST,2026,VST-PR,1.6T 하이브리드,FWD,스틸 그레이,US-GA,southeast,38500
2026-07,VF3VCAGXTU0039755,VST,2026,VST-CO,2.5 가솔린,AWD,포레스트 그린,US-GA,south,35420
2026-07,VF3VCAHXTU0039756,VST,2026,VST-CO,2.5 가솔린,AWD,샌드 베이지,US-GA,southeast,35420
2026-07,VF3VSFHXTU0039757,VST,2026,VST-TR,1.6T 하이브리드,FWD,샌드 베이지,US-GA,southeast,43890
2026-07,VF3VSAAXTU0039758,VST,2026,VST-TR,2.5 가솔린,AWD,스노우 화이트,US-GA,west,43890
2026-07,VF3VSFFXTU0039759,VST,2026,VST-TR,2.5 가솔린,FWD,선셋 레드,US-GA,south,43890
2026-07,VF3VPABXTU0039760,VST,2026,VST-PR,2.5 가솔린,AWD,미드나잇 블랙,US-GA,west,38500
2026-07,VF3VCACXTU0039761,VST,2026,VST-CO,1.6T 하이브리드,AWD,스틸 그레이,US-GA,northeast,35420
2026-07,VF3VPFCXTU0039762,VST,2026,VST-PR,2.5 가솔린,FWD,스틸 그레이,US-GA,south,38500
2026-07,VF3VPADXTU0039763,VST,2026,VST-PR,1.6T 하이브리드,AWD,실버,US-GA,northeast,38500
2026-07,VF3VPFGXTU0039764,VST,2026,VST-PR,2.5 가솔린,FWD,포레스트 그린,US-GA,southeast,38500
2026-07,VF3VPFAXTU0039765,VST,2026,VST-PR,2.5 가솔린,FWD,스노우 화이트,US-GA,west,38500
2026-07,VF3VCAAXTU0039766,VST,2026,VST-CO,1.6T 하이브리드,AWD,스노우 화이트,US-GA,northeast,35420
2026-07,VF3VPAAXTU0039767,VST,2026,VST-PR,2.5 가솔린,AWD,스노우 화이트,US-GA,south,38500
2026-07,VF3VPFBXTU0039768,VST,2026,VST-PR,1.6T 하이브리드,FWD,미드나잇 블랙,US-GA,west,38500
2026-07,VF3VPAGXTU0039769,VST,2026,VST-PR,2.5 가솔린,AWD,포레스트 그린,US-GA,southeast,38500
2026-07,VF3VPFAXTU0039770,VST,2026,VST-PR,1.6T 하이브리드,FWD,스노우 화이트,US-GA,south,38500
2026-07,VF3VPABXTU0039771,VST,2026,VST-PR,2.5 가솔린,AWD,미드나잇 블랙,US-GA,south,38500
2026-07,VF3VPACXTU0039772,VST,2026,VST-PR,1.6T 하이브리드,AWD,스틸 그레이,US-GA,central,38500
2026-07,VF3VPFDXTU0039773,VST,2026,VST-PR,1.6T 하이브리드,FWD,실버,US-GA,southeast,38500
2026-07,VF3VCACXTU0039774,VST,2026,VST-CO,2.5 가솔린,AWD,스틸 그레이,US-GA,central,35420
2026-07,VF3VCAEXTU0039775,VST,2026,VST-CO,1.6T 하이브리드,AWD,오션 블루,US-GA,west,35420
2026-07,VF3VPAFXTU0039776,VST,2026,VST-PR,1.6T 하이브리드,AWD,선셋 레드,US-GA,south,38500
2026-07,VF3VPACXTU0039777,VST,2026,VST-PR,2.5 가솔린,AWD,스틸 그레이,US-GA,west,38500
2026-07,VF3VCFEXTU0039778,VST,2026,VST-CO,2.5 가솔린,FWD,오션 블루,US-GA,west,35420
2026-07,VF3VCAEXTU0039779,VST,2026,VST-CO,2.5 가솔린,AWD,오션 블루,US-GA,central,35420
2026-07,VF3VPABXTU0039780,VST,2026,VST-PR,1.6T 하이브리드,AWD,미드나잇 블랙,US-GA,south,38500
2026-07,VF3VCACXTU0039781,VST,2026,VST-CO,1.6T 하이브리드,AWD,스틸 그레이,US-GA,central,35420
2026-07,VF3VCABXTU0039782,VST,2026,VST-CO,1.6T 하이브리드,AWD,미드나잇 블랙,US-GA,northeast,35420
2026-07,VF3VPFFXTU0039783,VST,2026,VST-PR,2.5 가솔린,FWD,선셋 레드,US-GA,central,38500
2026-07,VF3VPFBXTU0039784,VST,2026,VST-PR,1.6T 하이브리드,FWD,미드나잇 블랙,US-GA,west,38500
2026-07,VF3VSFAXTU0039785,VST,2026,VST-TR,2.5 가솔린,FWD,스노우 화이트,US-GA,west,43890
2026-07,VF3VCFCXTU0039786,VST,2026,VST-CO,2.5 가솔린,FWD,스틸 그레이,US-GA,northeast,35420
2026-07,VF3VPFAXTU0039787,VST,2026,VST-PR,2.5 가솔린,FWD,스노우 화이트,US-GA,central,38500
2026-07,VF3VPFAXTU0039788,VST,2026,VST-PR,1.6T 하이브리드,FWD,스노우 화이트,US-GA,central,38500
2026-07,VF3VSFDXTU0039789,VST,2026,VST-TR,2.5 가솔린,FWD,실버,US-GA,south,43890
2026-07,VF3VSFDXTU0039790,VST,2026,VST-TR,2.5 가솔린,FWD,실버,US-GA,south,43890
2026-07,VF3VPADXTU0039791,VST,2026,VST-PR,1.6T 하이브리드,AWD,실버,US-GA,southeast,38500
2026-07,VF3VSAAXTU0039792,VST,2026,VST-TR,1.6T 하이브리드,AWD,스노우 화이트,US-GA,southeast,43890
2026-07,VF3VSFBXTU0039793,VST,2026,VST-TR,2.5 가솔린,FWD,미드나잇 블랙,US-GA,south,43890
2026-07,VF3VCFAXTU0039794,VST,2026,VST-CO,1.6T 하이브리드,FWD,스노우 화이트,US-GA,south,35420
2026-07,VF3VPFAXTU0039795,VST,2026,VST-PR,1.6T 하이브리드,FWD,스노우 화이트,US-GA,south,38500
2026-07,VF3VCFCXTU0039796,VST,2026,VST-CO,1.6T 하이브리드,FWD,스틸 그레이,US-GA,south,35420
2026-07,VF3VSFBXTU0039797,VST,2026,VST-TR,1.6T 하이브리드,FWD,미드나잇 블랙,US-GA,central,43890
2026-07,VF3VPFEXTU0039798,VST,2026,VST-PR,2.5 가솔린,FWD,오션 블루,US-GA,south,38500
2026-07,VF3VPACXTU0039799,VST,2026,VST-PR,1.6T 하이브리드,AWD,스틸 그레이,US-GA,southeast,38500
2026-07,VF3VPFCXTU0039800,VST,2026,VST-PR,2.5 가솔린,FWD,스틸 그레이,US-GA,southeast,38500
2026-07,VF3VCFBXTU0039801,VST,2026,VST-CO,1.6T 하이브리드,FWD,미드나잇 블랙,US-GA,west,35420
2026-07,VF3VSFCXTU0039802,VST,2026,VST-TR,2.5 가솔린,FWD,스틸 그레이,US-GA,central,43890
2026-07,VF3VPABXTU0039803,VST,2026,VST-PR,2.5 가솔린,AWD,미드나잇 블랙,US-GA,south,38500
2026-07,VF3VCABXTU0039804,VST,2026,VST-CO,1.6T 하이브리드,AWD,미드나잇 블랙,US-GA,central,35420
2026-07,VF3VPAFXTU0039805,VST,2026,VST-PR,2.5 가솔린,AWD,선셋 레드,US-GA,northeast,38500
2026-07,VF3VPAAXTU0039806,VST,2026,VST-PR,2.5 가솔린,AWD,스노우 화이트,US-GA,central,38500
2026-07,VF3VPFCXTU0039807,VST,2026,VST-PR,2.5 가솔린,FWD,스틸 그레이,US-GA,south,38500
2026-07,VF3VPFEXTU0039808,VST,2026,VST-PR,2.5 가솔린,FWD,오션 블루,US-GA,southeast,38500
2026-07,VF3VSACXTU0039809,VST,2026,VST-TR,1.6T 하이브리드,AWD,스틸 그레이,US-GA,west,43890
2026-07,VF3VCFAXTU0039810,VST,2026,VST-CO,1.6T 하이브리드,FWD,스노우 화이트,US-GA,south,35420
2026-07,VF3VSADXTU0039811,VST,2026,VST-TR,2.5 가솔린,AWD,실버,US-GA,central,43890
2026-07,VF3VSFGXTU0039812,VST,2026,VST-TR,1.6T 하이브리드,FWD,포레스트 그린,US-GA,central,43890
2026-07,VF3VPFAXTU0039813,VST,2026,VST-PR,2.5 가솔린,FWD,스노우 화이트,US-GA,central,38500
2026-07,VF3VCFAXTU0039814,VST,2026,VST-CO,2.5 가솔린,FWD,스노우 화이트,US-GA,central,35420
2026-07,VF3VPAEXTU0039815,VST,2026,VST-PR,1.6T 하이브리드,AWD,오션 블루,US-GA,west,38500
2026-07,VF3VCFHXTU0039816,VST,2026,VST-CO,1.6T 하이브리드,FWD,샌드 베이지,US-GA,south,35420
2026-07,VF3VCAAXTU0039817,VST,2026,VST-CO,1.6T 하이브리드,AWD,스노우 화이트,US-GA,northeast,35420
2026-07,VF3VPFCXTU0039818,VST,2026,VST-PR,1.6T 하이브리드,FWD,스틸 그레이,US-GA,southeast,38500
2026-07,VF3VPAAXTU0039819,VST,2026,VST-PR,1.6T 하이브리드,AWD,스노우 화이트,US-GA,northeast,38500
2026-07,VF3VSFDXTU0039820,VST,2026,VST-TR,1.6T 하이브리드,FWD,실버,US-GA,west,43890
2026-07,VF3VCFCXTU0039821,VST,2026,VST-CO,1.6T 하이브리드,FWD,스틸 그레이,US-GA,northeast,35420
2026-07,VF3VSFFXTU0039822,VST,2026,VST-TR,1.6T 하이브리드,FWD,선셋 레드,US-GA,west,43890
2026-07,VF3VCACXTU0039823,VST,2026,VST-CO,2.5 가솔린,AWD,스틸 그레이,US-GA,southeast,35420
2026-07,VF3VPFHXTU0039824,VST,2026,VST-PR,1.6T 하이브리드,FWD,샌드 베이지,US-GA,west,38500
2026-07,VF3VCFAXTU0039825,VST,2026,VST-CO,1.6T 하이브리드,FWD,스노우 화이트,US-GA,northeast,35420
2026-07,VF3VSADXTU0039826,VST,2026,VST-TR,1.6T 하이브리드,AWD,실버,US-GA,southeast,43890
2026-07,VF3VCAFXTU0039827,VST,2026,VST-CO,2.5 가솔린,AWD,선셋 레드,US-GA,south,35420
2026-07,VF3VSFEXTU0039828,VST,2026,VST-TR,1.6T 하이브리드,FWD,오션 블루,US-GA,south,43890
2026-07,VF3VPFBXTU0039829,VST,2026,VST-PR,2.5 가솔린,FWD,미드나잇 블랙,US-GA,northeast,38500
2026-07,VF3VSACXTU0039830,VST,2026,VST-TR,2.5 가솔린,AWD,스틸 그레이,US-GA,southeast,43890
2026-07,VF3VPABXTU0039831,VST,2026,VST-PR,2.5 가솔린,AWD,미드나잇 블랙,US-GA,southeast,38500
2026-07,VF3VPFGXTU0039832,VST,2026,VST-PR,1.6T 하이브리드,FWD,포레스트 그린,US-GA,southeast,38500
2026-07,VF3VPFCXTU0039833,VST,2026,VST-PR,2.5 가솔린,FWD,스틸 그레이,US-GA,southeast,38500
2026-07,VF3VPADXTU0039834,VST,2026,VST-PR,1.6T 하이브리드,AWD,실버,US-GA,southeast,38500
2026-07,VF3VCADXTU0039835,VST,2026,VST-CO,2.5 가솔린,AWD,실버,US-GA,central,35420
2026-07,VF3VPABXTU0039836,VST,2026,VST-PR,1.6T 하이브리드,AWD,미드나잇 블랙,US-GA,south,38500
2026-07,VF3VCFEXTU0039837,VST,2026,VST-CO,1.6T 하이브리드,FWD,오션 블루,US-GA,south,35420
2026-07,VF3VSFBXTU0039838,VST,2026,VST-TR,1.6T 하이브리드,FWD,미드나잇 블랙,US-GA,west,43890
2026-07,VF3VCACXTU0039839,VST,2026,VST-CO,1.6T 하이브리드,AWD,스틸 그레이,US-GA,southeast,35420
2026-07,VF3VPAAXTU0039840,VST,2026,VST-PR,2.5 가솔린,AWD,스노우 화이트,US-GA,south,38500
2026-07,VF3VSACXTU0039841,VST,2026,VST-TR,1.6T 하이브리드,AWD,스틸 그레이,US-GA,northeast,43890
2026-07,VF3VCFBXTU0039842,VST,2026,VST-CO,2.5 가솔린,FWD,미드나잇 블랙,US-GA,central,35420
2026-07,VF3VCFEXTU0039843,VST,2026,VST-CO,1.6T 하이브리드,FWD,오션 블루,US-GA,south,35420
2026-07,VF3VPAHXTU0039844,VST,2026,VST-PR,2.5 가솔린,AWD,샌드 베이지,US-GA,west,38500
2026-07,VF3VCABXTU0039845,VST,2026,VST-CO,1.6T 하이브리드,AWD,미드나잇 블랙,US-GA,south,35420
2026-07,VF3VSAAXTU0039846,VST,2026,VST-TR,2.5 가솔린,AWD,스노우 화이트,US-GA,central,43890
2026-07,VF3VCFCXTU0039847,VST,2026,VST-CO,2.5 가솔린,FWD,스틸 그레이,US-GA,west,35420
2026-07,VF3VCADXTU0039848,VST,2026,VST-CO,2.5 가솔린,AWD,실버,US-GA,central,35420
2026-07,VF3VPFBXTU0039849,VST,2026,VST-PR,2.5 가솔린,FWD,미드나잇 블랙,US-GA,west,38500
2026-07,VF3VCADXTU0039850,VST,2026,VST-CO,2.5 가솔린,AWD,실버,US-GA,west,35420
2026-07,VF3VCACXTU0039851,VST,2026,VST-CO,1.6T 하이브리드,AWD,스틸 그레이,US-GA,northeast,35420
2026-07,VF3VPAAXTU0039852,VST,2026,VST-PR,2.5 가솔린,AWD,스노우 화이트,US-GA,southeast,38500
2026-07,VF3VCFAXTU0039853,VST,2026,VST-CO,2.5 가솔린,FWD,스노우 화이트,US-GA,west,35420
2026-07,VF3VCAEXTU0039854,VST,2026,VST-CO,2.5 가솔린,AWD,오션 블루,US-GA,northeast,35420
2026-07,VF3VPABXTU0039855,VST,2026,VST-PR,2.5 가솔린,AWD,미드나잇 블랙,US-GA,south,38500
2026-07,VF3VSACXTU0039856,VST,2026,VST-TR,1.6T 하이브리드,AWD,스틸 그레이,US-GA,south,43890
2026-07,VF3VPAAXTU0039857,VST,2026,VST-PR,1.6T 하이브리드,AWD,스노우 화이트,US-GA,west,38500
2026-07,VF3VPAGXTU0039858,VST,2026,VST-PR,1.6T 하이브리드,AWD,포레스트 그린,US-GA,south,38500
2026-07,VF3VSACXTU0039859,VST,2026,VST-TR,1.6T 하이브리드,AWD,스틸 그레이,US-GA,south,43890
2026-07,VF3VSAFXTU0039860,VST,2026,VST-TR,1.6T 하이브리드,AWD,선셋 레드,US-GA,south,43890
2026-07,VF3VCFBXTU0039861,VST,2026,VST-CO,1.6T 하이브리드,FWD,미드나잇 블랙,US-GA,west,35420
2026-07,VF3VCFBXTU0039862,VST,2026,VST-CO,2.5 가솔린,FWD,미드나잇 블랙,US-GA,southeast,35420
2026-07,VF3VPAHXTU0039863,VST,2026,VST-PR,1.6T 하이브리드,AWD,샌드 베이지,US-GA,northeast,38500
2026-07,VF3VPFFXTU0039864,VST,2026,VST-PR,1.6T 하이브리드,FWD,선셋 레드,US-GA,central,38500
2026-07,VF3VPAEXTU0039865,VST,2026,VST-PR,1.6T 하이브리드,AWD,오션 블루,US-GA,southeast,38500
2026-07,VF3VPAEXTU0039866,VST,2026,VST-PR,1.6T 하이브리드,AWD,오션 블루,US-GA,northeast,38500
2026-07,VF3VCACXTU0039867,VST,2026,VST-CO,1.6T 하이브리드,AWD,스틸 그레이,US-GA,northeast,35420
2026-07,VF3VCFHXTU0039868,VST,2026,VST-CO,2.5 가솔린,FWD,샌드 베이지,US-GA,northeast,35420
2026-07,VF3VPABXTU0039869,VST,2026,VST-PR,2.5 가솔린,AWD,미드나잇 블랙,US-GA,central,38500
2026-07,VF3VCAAXTU0039870,VST,2026,VST-CO,2.5 가솔린,AWD,스노우 화이트,US-GA,central,35420
2026-07,VF3VPAAXTU0039871,VST,2026,VST-PR,1.6T 하이브리드,AWD,스노우 화이트,US-GA,northeast,38500
2026-07,VF3VCACXTU0039872,VST,2026,VST-CO,2.5 가솔린,AWD,스틸 그레이,US-GA,west,35420
2026-07,VF3VCFCXTU0039873,VST,2026,VST-CO,1.6T 하이브리드,FWD,스틸 그레이,US-GA,west,35420
2026-07,VF3VCFBXTU0039874,VST,2026,VST-CO,2.5 가솔린,FWD,미드나잇 블랙,US-GA,central,35420
2026-07,VF3VSFHXTU0039875,VST,2026,VST-TR,2.5 가솔린,FWD,샌드 베이지,US-GA,south,43890
2026-07,VF3VSFFXTU0039876,VST,2026,VST-TR,2.5 가솔린,FWD,선셋 레드,US-GA,south,43890
2026-07,VF3VCFAXTU0039877,VST,2026,VST-CO,1.6T 하이브리드,FWD,스노우 화이트,US-GA,west,35420
2026-07,VF3VCAEXTU0039878,VST,2026,VST-CO,2.5 가솔린,AWD,오션 블루,US-GA,south,35420
2026-07,VF3VPABXTU0039879,VST,2026,VST-PR,2.5 가솔린,AWD,미드나잇 블랙,US-GA,northeast,38500
2026-07,VF3VPFCXTU0039880,VST,2026,VST-PR,2.5 가솔린,FWD,스틸 그레이,US-GA,south,38500
2026-07,VF3VSFDXTU0039881,VST,2026,VST-TR,2.5 가솔린,FWD,실버,US-GA,southeast,43890
2026-07,VF3VSACXTU0039882,VST,2026,VST-TR,1.6T 하이브리드,AWD,스틸 그레이,US-GA,west,43890
2026-07,VF3VCFAXTU0039883,VST,2026,VST-CO,1.6T 하이브리드,FWD,스노우 화이트,US-GA,west,35420
2026-07,VF3VPFBXTU0039884,VST,2026,VST-PR,2.5 가솔린,FWD,미드나잇 블랙,US-GA,southeast,38500
2026-07,VF3VSFAXTU0039885,VST,2026,VST-TR,2.5 가솔린,FWD,스노우 화이트,US-GA,south,43890
2026-07,VF3VPAAXTU0039886,VST,2026,VST-PR,1.6T 하이브리드,AWD,스노우 화이트,US-GA,southeast,38500
2026-07,VF3VPFCXTU0039887,VST,2026,VST-PR,1.6T 하이브리드,FWD,스틸 그레이,US-GA,west,38500
2026-07,VF3VCFEXTU0039888,VST,2026,VST-CO,2.5 가솔린,FWD,오션 블루,US-GA,central,35420
2026-07,VF3VCACXTU0039889,VST,2026,VST-CO,2.5 가솔린,AWD,스틸 그레이,US-GA,northeast,35420
2026-07,VF3VSFEXTU0039890,VST,2026,VST-TR,1.6T 하이브리드,FWD,오션 블루,US-GA,south,43890
2026-07,VF3VSFAXTU0039891,VST,2026,VST-TR,1.6T 하이브리드,FWD,스노우 화이트,US-GA,southeast,43890
2026-07,VF3VPABXTU0039892,VST,2026,VST-PR,1.6T 하이브리드,AWD,미드나잇 블랙,US-GA,northeast,38500
2026-07,VF3VCFCXTU0039893,VST,2026,VST-CO,1.6T 하이브리드,FWD,스틸 그레이,US-GA,southeast,35420
2026-07,VF3VCFBXTU0039894,VST,2026,VST-CO,2.5 가솔린,FWD,미드나잇 블랙,US-GA,central,35420
2026-07,VF3VCFDXTU0039895,VST,2026,VST-CO,2.5 가솔린,FWD,실버,US-GA,west,35420
2026-07,VF3VPFEXTU0039896,VST,2026,VST-PR,1.6T 하이브리드,FWD,오션 블루,US-GA,south,38500
2026-07,VF3VCFCXTU0039897,VST,2026,VST-CO,1.6T 하이브리드,FWD,스틸 그레이,US-GA,southeast,35420
2026-07,VF3VSACXTU0039898,VST,2026,VST-TR,2.5 가솔린,AWD,스틸 그레이,US-GA,south,43890
2026-07,VF3VCFAXTU0039899,VST,2026,VST-CO,2.5 가솔린,FWD,스노우 화이트,US-GA,southeast,35420
2026-07,VF3VPAAXTU0039900,VST,2026,VST-PR,1.6T 하이브리드,AWD,스노우 화이트,US-GA,central,38500
2026-07,VF3VPFBXTU0039901,VST,2026,VST-PR,2.5 가솔린,FWD,미드나잇 블랙,US-GA,west,38500
2026-07,VF3VPAHXTU0039902,VST,2026,VST-PR,2.5 가솔린,AWD,샌드 베이지,US-GA,central,38500
2026-07,VF3VSFCXTU0039903,VST,2026,VST-TR,2.5 가솔린,FWD,스틸 그레이,US-GA,central,43890
2026-07,VF3VPFCXTU0039904,VST,2026,VST-PR,1.6T 하이브리드,FWD,스틸 그레이,US-GA,northeast,38500
2026-07,VF3VCABXTU0039905,VST,2026,VST-CO,1.6T 하이브리드,AWD,미드나잇 블랙,US-GA,south,35420
2026-07,VF3VSAEXTU0039906,VST,2026,VST-TR,2.5 가솔린,AWD,오션 블루,US-GA,southeast,43890
2026-07,VF3VCFBXTU0039907,VST,2026,VST-CO,1.6T 하이브리드,FWD,미드나잇 블랙,US-GA,southeast,35420
2026-07,VF3VPACXTU0039908,VST,2026,VST-PR,2.5 가솔린,AWD,스틸 그레이,US-GA,southeast,38500
2026-07,VF3VCACXTU0039909,VST,2026,VST-CO,2.5 가솔린,AWD,스틸 그레이,US-GA,southeast,35420
2026-07,VF3VCACXTU0039910,VST,2026,VST-CO,1.6T 하이브리드,AWD,스틸 그레이,US-GA,southeast,35420
2026-07,VF3VSFCXTU0039911,VST,2026,VST-TR,1.6T 하이브리드,FWD,스틸 그레이,US-GA,northeast,43890
2026-07,VF3VCFDXTU0039912,VST,2026,VST-CO,1.6T 하이브리드,FWD,실버,US-GA,south,35420
2026-07,VF3VCFDXTU0039913,VST,2026,VST-CO,1.6T 하이브리드,FWD,실버,US-GA,southeast,35420
2026-07,VF3VCAAXTU0039914,VST,2026,VST-CO,2.5 가솔린,AWD,스노우 화이트,US-GA,west,35420
2026-07,VF3VCFDXTU0039915,VST,2026,VST-CO,2.5 가솔린,FWD,실버,US-GA,south,35420
2026-07,VF3VCABXTU0039916,VST,2026,VST-CO,1.6T 하이브리드,AWD,미드나잇 블랙,US-GA,west,35420
2026-07,VF3VCFBXTU0039917,VST,2026,VST-CO,2.5 가솔린,FWD,미드나잇 블랙,US-GA,south,35420
2026-07,VF3VPAAXTU0039918,VST,2026,VST-PR,2.5 가솔린,AWD,스노우 화이트,US-GA,northeast,38500
2026-07,VF3VSAGXTU0039919,VST,2026,VST-TR,1.6T 하이브리드,AWD,포레스트 그린,US-GA,northeast,43890
2026-07,VF3VSFDXTU0039920,VST,2026,VST-TR,1.6T 하이브리드,FWD,실버,US-GA,west,43890
2026-07,VF3VPAFXTU0039921,VST,2026,VST-PR,2.5 가솔린,AWD,선셋 레드,US-GA,south,38500
2026-07,VF3VPFEXTU0039922,VST,2026,VST-PR,1.6T 하이브리드,FWD,오션 블루,US-GA,southeast,38500
2026-07,VF3VCABXTU0039923,VST,2026,VST-CO,1.6T 하이브리드,AWD,미드나잇 블랙,US-GA,northeast,35420
2026-07,VF3VPFGXTU0039924,VST,2026,VST-PR,1.6T 하이브리드,FWD,포레스트 그린,US-GA,northeast,38500
2026-07,VF3VPABXTU0039925,VST,2026,VST-PR,2.5 가솔린,AWD,미드나잇 블랙,US-GA,west,38500
2026-07,VF3VCACXTU0039926,VST,2026,VST-CO,1.6T 하이브리드,AWD,스틸 그레이,US-GA,south,35420
2026-07,VF3VPFDXTU0039927,VST,2026,VST-PR,2.5 가솔린,FWD,실버,US-GA,west,38500
2026-07,VF3VPFBXTU0039928,VST,2026,VST-PR,2.5 가솔린,FWD,미드나잇 블랙,US-GA,northeast,38500
2026-07,VF3VCFDXTU0039929,VST,2026,VST-CO,1.6T 하이브리드,FWD,실버,US-GA,southeast,35420
2026-07,VF3VPAAXTU0039930,VST,2026,VST-PR,1.6T 하이브리드,AWD,스노우 화이트,US-GA,south,38500
2026-07,VF3VSFAXTU0039931,VST,2026,VST-TR,2.5 가솔린,FWD,스노우 화이트,US-GA,southeast,43890
2026-07,VF3VSAFXTU0039932,VST,2026,VST-TR,1.6T 하이브리드,AWD,선셋 레드,US-GA,southeast,43890
2026-07,VF3VCFCXTU0039933,VST,2026,VST-CO,2.5 가솔린,FWD,스틸 그레이,US-GA,west,35420
2026-07,VF3VPFCXTU0039934,VST,2026,VST-PR,2.5 가솔린,FWD,스틸 그레이,US-GA,south,38500
2026-07,VF3VPFCXTU0039935,VST,2026,VST-PR,2.5 가솔린,FWD,스틸 그레이,US-GA,west,38500
2026-07,VF3VPFBXTU0039936,VST,2026,VST-PR,1.6T 하이브리드,FWD,미드나잇 블랙,US-GA,west,38500
2026-07,VF3VPFAXTU0039937,VST,2026,VST-PR,1.6T 하이브리드,FWD,스노우 화이트,US-GA,northeast,38500
2026-07,VF3VCACXTU0039938,VST,2026,VST-CO,2.5 가솔린,AWD,스틸 그레이,US-GA,central,35420
2026-07,VF3VSACXTU0039939,VST,2026,VST-TR,2.5 가솔린,AWD,스틸 그레이,US-GA,south,43890
2026-07,VF3VCABXTU0039940,VST,2026,VST-CO,2.5 가솔린,AWD,미드나잇 블랙,US-GA,northeast,35420
2026-07,VF3VPABXTU0039941,VST,2026,VST-PR,2.5 가솔린,AWD,미드나잇 블랙,US-GA,west,38500
2026-07,VF3VSABXTU0039942,VST,2026,VST-TR,2.5 가솔린,AWD,미드나잇 블랙,US-GA,west,43890
2026-07,VF3VCABXTU0039943,VST,2026,VST-CO,2.5 가솔린,AWD,미드나잇 블랙,US-GA,west,35420
2026-07,VF3VPABXTU0039944,VST,2026,VST-PR,1.6T 하이브리드,AWD,미드나잇 블랙,US-GA,west,38500
2026-07,VF3VPAFXTU0039945,VST,2026,VST-PR,2.5 가솔린,AWD,선셋 레드,US-GA,south,38500
2026-07,VF3VPAAXTU0039946,VST,2026,VST-PR,2.5 가솔린,AWD,스노우 화이트,US-GA,southeast,38500
2026-07,VF3VSADXTU0039947,VST,2026,VST-TR,2.5 가솔린,AWD,실버,US-GA,west,43890
2026-07,VF3VCACXTU0039948,VST,2026,VST-CO,1.6T 하이브리드,AWD,스틸 그레이,US-GA,south,35420
2026-07,VF3VCACXTU0039949,VST,2026,VST-CO,2.5 가솔린,AWD,스틸 그레이,US-GA,southeast,35420
2026-07,VF3VCACXTU0039950,VST,2026,VST-CO,1.6T 하이브리드,AWD,스틸 그레이,US-GA,northeast,35420
2026-07,VF3VPADXTU0039951,VST,2026,VST-PR,1.6T 하이브리드,AWD,실버,US-GA,south,38500
2026-07,VF3VPAAXTU0039952,VST,2026,VST-PR,1.6T 하이브리드,AWD,스노우 화이트,US-GA,west,38500
2026-07,VF3VPAAXTU0039953,VST,2026,VST-PR,1.6T 하이브리드,AWD,스노우 화이트,US-GA,west,38500
2026-07,VF3VPAAXTU0039954,VST,2026,VST-PR,1.6T 하이브리드,AWD,스노우 화이트,US-GA,south,38500
2026-07,VF3VCFDXTU0039955,VST,2026,VST-CO,1.6T 하이브리드,FWD,실버,US-GA,west,35420
2026-07,VF3VCABXTU0039956,VST,2026,VST-CO,2.5 가솔린,AWD,미드나잇 블랙,US-GA,northeast,35420
2026-07,VF3VPABXTU0039957,VST,2026,VST-PR,1.6T 하이브리드,AWD,미드나잇 블랙,US-GA,south,38500
2026-07,VF3VSFFXTU0039958,VST,2026,VST-TR,2.5 가솔린,FWD,선셋 레드,US-GA,central,43890
2026-07,VF3VPADXTU0039959,VST,2026,VST-PR,1.6T 하이브리드,AWD,실버,US-GA,central,38500
2026-07,VF3VPABXTU0039960,VST,2026,VST-PR,2.5 가솔린,AWD,미드나잇 블랙,US-GA,northeast,38500
2026-07,VF4ACACXTU0039961,AUR,2026,AUR-AI,롱레인지,AWD,스틸 그레이,US-SV,northeast,54188
2026-07,VF4ASAAXTU0039962,AUR,2026,AUR-MA,롱레인지,AWD,스노우 화이트,US-SV,west,67146
2026-07,VF4APAEXTU0039963,AUR,2026,AUR-RA,롱레인지,AWD,오션 블루,US-SV,west,58900
2026-07,VF4ACFCXTU0039964,AUR,2026,AUR-AI,롱레인지,FWD,스틸 그레이,US-SV,west,54188
2026-07,VF4ACABXTU0039965,AUR,2026,AUR-AI,스탠다드 레인지,AWD,미드나잇 블랙,US-SV,northeast,54188
2026-07,VF4ACAAXTU0039966,AUR,2026,AUR-AI,롱레인지,AWD,스노우 화이트,US-SV,west,54188
2026-07,VF4APFFXTU0039967,AUR,2026,AUR-RA,롱레인지,FWD,선셋 레드,US-SV,southeast,58900
2026-07,VF4ACAHXTU0039968,AUR,2026,AUR-AI,스탠다드 레인지,AWD,샌드 베이지,US-SV,southeast,54188
2026-07,VF4ACABXTU0039969,AUR,2026,AUR-AI,롱레인지,AWD,미드나잇 블랙,US-SV,southeast,54188
2026-07,VF4ACAAXTU0039970,AUR,2026,AUR-AI,롱레인지,AWD,스노우 화이트,US-SV,northeast,54188
2026-07,VF4APFBXTU0039971,AUR,2026,AUR-RA,롱레인지,FWD,미드나잇 블랙,US-SV,south,58900
2026-07,VF4APFAXTU0039972,AUR,2026,AUR-RA,롱레인지,FWD,스노우 화이트,US-SV,southeast,58900
2026-07,VF4APFFXTU0039973,AUR,2026,AUR-RA,롱레인지,FWD,선셋 레드,US-SV,west,58900
2026-07,VF4APFEXTU0039974,AUR,2026,AUR-RA,롱레인지,FWD,오션 블루,US-SV,southeast,58900
2026-07,VF4ACACXTU0039975,AUR,2026,AUR-AI,롱레인지,AWD,스틸 그레이,US-SV,west,54188
2026-07,VF4ACFFXTU0039976,AUR,2026,AUR-AI,롱레인지,FWD,선셋 레드,US-SV,central,54188
2026-07,VF4APACXTU0039977,AUR,2026,AUR-RA,롱레인지,AWD,스틸 그레이,US-SV,west,58900
2026-07,VF4ASACXTU0039978,AUR,2026,AUR-MA,롱레인지,AWD,스틸 그레이,US-SV,west,67146
2026-07,VF4ACAAXTU0039979,AUR,2026,AUR-AI,스탠다드 레인지,AWD,스노우 화이트,US-SV,west,54188
2026-07,VF4APFDXTU0039980,AUR,2026,AUR-RA,롱레인지,FWD,실버,US-SV,central,58900
2026-07,VF4ACACXTU0039981,AUR,2026,AUR-AI,롱레인지,AWD,스틸 그레이,US-SV,northeast,54188
2026-07,VF4ACFAXTU0039982,AUR,2026,AUR-AI,롱레인지,FWD,스노우 화이트,US-SV,south,54188
2026-07,VF4ACFFXTU0039983,AUR,2026,AUR-AI,롱레인지,FWD,선셋 레드,US-SV,northeast,54188
2026-07,VF4ASABXTU0039984,AUR,2026,AUR-MA,스탠다드 레인지,AWD,미드나잇 블랙,US-SV,central,67146
2026-07,VF4APAGXTU0039985,AUR,2026,AUR-RA,스탠다드 레인지,AWD,포레스트 그린,US-SV,northeast,58900
2026-07,VF4ACFEXTU0039986,AUR,2026,AUR-AI,롱레인지,FWD,오션 블루,US-SV,south,54188
2026-07,VF4ACABXTU0039987,AUR,2026,AUR-AI,롱레인지,AWD,미드나잇 블랙,US-SV,northeast,54188
2026-07,VF4ACFBXTU0039988,AUR,2026,AUR-AI,롱레인지,FWD,미드나잇 블랙,US-SV,west,54188
2026-07,VF4ACFCXTU0039989,AUR,2026,AUR-AI,롱레인지,FWD,스틸 그레이,US-SV,south,54188
2026-07,VF4APABXTU0039990,AUR,2026,AUR-RA,스탠다드 레인지,AWD,미드나잇 블랙,US-SV,central,58900
2026-07,VF4ACADXTU0039991,AUR,2026,AUR-AI,롱레인지,AWD,실버,US-SV,central,54188
2026-07,VF4ACAHXTU0039992,AUR,2026,AUR-AI,스탠다드 레인지,AWD,샌드 베이지,US-SV,northeast,54188
2026-07,VF4ACAAXTU0039993,AUR,2026,AUR-AI,롱레인지,AWD,스노우 화이트,US-SV,central,54188
2026-07,VF4ACAHXTU0039994,AUR,2026,AUR-AI,롱레인지,AWD,샌드 베이지,US-SV,west,54188
2026-07,VF4APAEXTU0039995,AUR,2026,AUR-RA,롱레인지,AWD,오션 블루,US-SV,southeast,58900
2026-07,VF4APFFXTU0039996,AUR,2026,AUR-RA,스탠다드 레인지,FWD,선셋 레드,US-SV,southeast,58900
2026-07,VF4ACAAXTU0039997,AUR,2026,AUR-AI,롱레인지,AWD,스노우 화이트,US-SV,southeast,54188
2026-07,VF4ACABXTU0039998,AUR,2026,AUR-AI,스탠다드 레인지,AWD,미드나잇 블랙,US-SV,southeast,54188
2026-07,VF4ACACXTU0039999,AUR,2026,AUR-AI,롱레인지,AWD,스틸 그레이,US-SV,northeast,54188
2026-07,VF4APAFXTU0040000,AUR,2026,AUR-RA,롱레인지,AWD,선셋 레드,US-SV,south,58900
2026-07,VF4APACXTU0040001,AUR,2026,AUR-RA,롱레인지,AWD,스틸 그레이,US-SV,northeast,58900
2026-07,VF4APABXTU0040002,AUR,2026,AUR-RA,스탠다드 레인지,AWD,미드나잇 블랙,US-SV,northeast,58900
2026-07,VF4APFBXTU0040003,AUR,2026,AUR-RA,롱레인지,FWD,미드나잇 블랙,US-SV,west,58900
2026-07,VF4ASFAXTU0040004,AUR,2026,AUR-MA,롱레인지,FWD,스노우 화이트,US-SV,west,67146
2026-07,VF4ACFCXTU0040005,AUR,2026,AUR-AI,롱레인지,FWD,스틸 그레이,US-SV,northeast,54188
2026-07,VF4APFDXTU0040006,AUR,2026,AUR-RA,롱레인지,FWD,실버,US-SV,west,58900
2026-07,VF4ACFDXTU0040007,AUR,2026,AUR-AI,스탠다드 레인지,FWD,실버,US-SV,south,54188
2026-07,VF4ACFGXTU0040008,AUR,2026,AUR-AI,롱레인지,FWD,포레스트 그린,US-SV,south,54188
2026-07,VF4ACFFXTU0040009,AUR,2026,AUR-AI,롱레인지,FWD,선셋 레드,US-SV,central,54188
2026-07,VF4ACABXTU0040010,AUR,2026,AUR-AI,롱레인지,AWD,미드나잇 블랙,US-SV,northeast,54188
2026-07,VF4APABXTU0040011,AUR,2026,AUR-RA,스탠다드 레인지,AWD,미드나잇 블랙,US-SV,northeast,58900
2026-07,VF4ASABXTU0040012,AUR,2026,AUR-MA,스탠다드 레인지,AWD,미드나잇 블랙,US-SV,west,67146
2026-07,VF4APADXTU0040013,AUR,2026,AUR-RA,롱레인지,AWD,실버,US-SV,west,58900
2026-07,VF4APABXTU0040014,AUR,2026,AUR-RA,롱레인지,AWD,미드나잇 블랙,US-SV,central,58900
2026-07,VF4APFGXTU0040015,AUR,2026,AUR-RA,스탠다드 레인지,FWD,포레스트 그린,US-SV,central,58900
2026-07,VF4APADXTU0040016,AUR,2026,AUR-RA,롱레인지,AWD,실버,US-SV,central,58900
2026-07,VF4ACFHXTU0040017,AUR,2026,AUR-AI,스탠다드 레인지,FWD,샌드 베이지,US-SV,south,54188
2026-07,VF4APAHXTU0040018,AUR,2026,AUR-RA,스탠다드 레인지,AWD,샌드 베이지,US-SV,northeast,58900
2026-07,VF4APAAXTU0040019,AUR,2026,AUR-RA,롱레인지,AWD,스노우 화이트,US-SV,southeast,58900
2026-07,VF4ACAAXTU0040020,AUR,2026,AUR-AI,롱레인지,AWD,스노우 화이트,US-SV,southeast,54188
2026-07,VF4ASFAXTU0040021,AUR,2026,AUR-MA,롱레인지,FWD,스노우 화이트,US-SV,west,67146
2026-07,VF4ACAEXTU0040022,AUR,2026,AUR-AI,롱레인지,AWD,오션 블루,US-SV,central,54188
2026-07,VF4APADXTU0040023,AUR,2026,AUR-RA,스탠다드 레인지,AWD,실버,US-SV,central,58900
2026-07,VF4ACAAXTU0040024,AUR,2026,AUR-AI,롱레인지,AWD,스노우 화이트,US-SV,south,54188
2026-07,VF4ACFDXTU0040025,AUR,2026,AUR-AI,롱레인지,FWD,실버,US-SV,south,54188
2026-07,VF4ACFEXTU0040026,AUR,2026,AUR-AI,스탠다드 레인지,FWD,오션 블루,US-SV,west,54188
2026-07,VF4ASFCXTU0040027,AUR,2026,AUR-MA,스탠다드 레인지,FWD,스틸 그레이,US-SV,central,67146
2026-07,VF4APFBXTU0040028,AUR,2026,AUR-RA,롱레인지,FWD,미드나잇 블랙,US-SV,south,58900
2026-07,VF4APFDXTU0040029,AUR,2026,AUR-RA,스탠다드 레인지,FWD,실버,US-SV,south,58900
2026-07,VF4APFCXTU0040030,AUR,2026,AUR-RA,롱레인지,FWD,스틸 그레이,US-SV,southeast,58900
2026-07,VF4ACABXTU0040031,AUR,2026,AUR-AI,스탠다드 레인지,AWD,미드나잇 블랙,US-SV,west,54188
2026-07,VF4APFAXTU0040032,AUR,2026,AUR-RA,롱레인지,FWD,스노우 화이트,US-SV,west,58900
2026-07,VF4ACFBXTU0040033,AUR,2026,AUR-AI,스탠다드 레인지,FWD,미드나잇 블랙,US-SV,west,54188
2026-07,VF4APAFXTU0040034,AUR,2026,AUR-RA,롱레인지,AWD,선셋 레드,US-SV,west,58900
2026-07,VF4APACXTU0040035,AUR,2026,AUR-RA,롱레인지,AWD,스틸 그레이,US-SV,southeast,58900
2026-07,VF4ASAEXTU0040036,AUR,2026,AUR-MA,스탠다드 레인지,AWD,오션 블루,US-SV,west,67146
2026-07,VF4ASFCXTU0040037,AUR,2026,AUR-MA,롱레인지,FWD,스틸 그레이,US-SV,west,67146
2026-07,VF4APFCXTU0040038,AUR,2026,AUR-RA,롱레인지,FWD,스틸 그레이,US-SV,northeast,58900
2026-07,VF4ACAEXTU0040039,AUR,2026,AUR-AI,롱레인지,AWD,오션 블루,US-SV,west,54188
2026-07,VF4APACXTU0040040,AUR,2026,AUR-RA,롱레인지,AWD,스틸 그레이,US-SV,west,58900
2026-07,VF4ASFCXTU0040041,AUR,2026,AUR-MA,스탠다드 레인지,FWD,스틸 그레이,US-SV,west,67146
2026-07,VF4ACABXTU0040042,AUR,2026,AUR-AI,롱레인지,AWD,미드나잇 블랙,US-SV,northeast,54188
2026-07,VF4ACFFXTU0040043,AUR,2026,AUR-AI,롱레인지,FWD,선셋 레드,US-SV,south,54188
2026-07,VF4ACFFXTU0040044,AUR,2026,AUR-AI,롱레인지,FWD,선셋 레드,US-SV,west,54188
2026-07,VF4ACFAXTU0040045,AUR,2026,AUR-AI,롱레인지,FWD,스노우 화이트,US-SV,south,54188
2026-07,VF4APAAXTU0040046,AUR,2026,AUR-RA,스탠다드 레인지,AWD,스노우 화이트,US-SV,southeast,58900
2026-07,VF4ACADXTU0040047,AUR,2026,AUR-AI,롱레인지,AWD,실버,US-SV,northeast,54188
2026-07,VF4ACAAXTU0040048,AUR,2026,AUR-AI,스탠다드 레인지,AWD,스노우 화이트,US-SV,central,54188
2026-07,VF4ACADXTU0040049,AUR,2026,AUR-AI,롱레인지,AWD,실버,US-SV,northeast,54188
2026-07,VF4ASFFXTU0040050,AUR,2026,AUR-MA,롱레인지,FWD,선셋 레드,US-SV,west,67146
2026-07,VF4ACFAXTU0040051,AUR,2026,AUR-AI,롱레인지,FWD,스노우 화이트,US-SV,central,54188
2026-07,VF4APADXTU0040052,AUR,2026,AUR-RA,롱레인지,AWD,실버,US-SV,west,58900
2026-07,VF4ACADXTU0040053,AUR,2026,AUR-AI,롱레인지,AWD,실버,US-SV,northeast,54188
2026-07,VF4ASFCXTU0040054,AUR,2026,AUR-MA,스탠다드 레인지,FWD,스틸 그레이,US-SV,west,67146
2026-07,VF4ACFAXTU0040055,AUR,2026,AUR-AI,스탠다드 레인지,FWD,스노우 화이트,US-SV,west,54188
2026-07,VF4ASADXTU0040056,AUR,2026,AUR-MA,롱레인지,AWD,실버,US-SV,west,67146
2026-07,VF4ACADXTU0040057,AUR,2026,AUR-AI,롱레인지,AWD,실버,US-SV,south,54188
2026-07,VF4ASABXTU0040058,AUR,2026,AUR-MA,롱레인지,AWD,미드나잇 블랙,US-SV,west,67146
2026-07,VF4APAAXTU0040059,AUR,2026,AUR-RA,롱레인지,AWD,스노우 화이트,US-SV,southeast,58900
2026-07,VF4APABXTU0040060,AUR,2026,AUR-RA,롱레인지,AWD,미드나잇 블랙,US-SV,southeast,58900
2026-07,VF4ACFBXTU0040061,AUR,2026,AUR-AI,롱레인지,FWD,미드나잇 블랙,US-SV,northeast,54188
2026-07,VF4ACFAXTU0040062,AUR,2026,AUR-AI,롱레인지,FWD,스노우 화이트,US-SV,central,54188
2026-07,VF4ACFEXTU0040063,AUR,2026,AUR-AI,스탠다드 레인지,FWD,오션 블루,US-SV,west,54188
2026-07,VF4APACXTU0040064,AUR,2026,AUR-RA,롱레인지,AWD,스틸 그레이,US-SV,west,58900
2026-07,VF4ACFAXTU0040065,AUR,2026,AUR-AI,스탠다드 레인지,FWD,스노우 화이트,US-SV,south,54188
2026-07,VF4ACACXTU0040066,AUR,2026,AUR-AI,롱레인지,AWD,스틸 그레이,US-SV,northeast,54188
2026-07,VF4ACAEXTU0040067,AUR,2026,AUR-AI,스탠다드 레인지,AWD,오션 블루,US-SV,northeast,54188
2026-07,VF4ASAAXTU0040068,AUR,2026,AUR-MA,롱레인지,AWD,스노우 화이트,US-SV,central,67146
2026-07,VF4APFDXTU0040069,AUR,2026,AUR-RA,롱레인지,FWD,실버,US-SV,south,58900
2026-07,VF4APFAXTU0040070,AUR,2026,AUR-RA,스탠다드 레인지,FWD,스노우 화이트,US-SV,southeast,58900
2026-07,VF4ACACXTU0040071,AUR,2026,AUR-AI,롱레인지,AWD,스틸 그레이,US-SV,northeast,54188
2026-07,VF5MCFHXTM0041536,MRD,2026,MRD-CO,2.0 가솔린,FWD,샌드 베이지,MX-MT,west,28704
2026-07,VF5MPFEXTM0041537,MRD,2026,MRD-PR,2.0 가솔린,FWD,오션 블루,MX-MT,northeast,31200
2026-07,VF5MCAFXTM0041538,MRD,2026,MRD-CO,2.0 가솔린,AWD,선셋 레드,MX-MT,central,28704
2026-07,VF5MPFAXTM0041539,MRD,2026,MRD-PR,1.6T 하이브리드,FWD,스노우 화이트,MX-MT,southeast,31200
2026-07,VF5MPABXTM0041540,MRD,2026,MRD-PR,1.6T 하이브리드,AWD,미드나잇 블랙,MX-MT,west,31200
2026-07,VF5MPFAXTM0041541,MRD,2026,MRD-PR,1.6T 하이브리드,FWD,스노우 화이트,MX-MT,south,31200
2026-07,VF5MCADXTM0041542,MRD,2026,MRD-CO,2.0 가솔린,AWD,실버,MX-MT,west,28704
2026-07,VF5MPFGXTM0041543,MRD,2026,MRD-PR,2.0 가솔린,FWD,포레스트 그린,MX-MT,south,31200
2026-07,VF5MCFBXTM0041544,MRD,2026,MRD-CO,1.6T 하이브리드,FWD,미드나잇 블랙,MX-MT,south,28704
2026-07,VF5MPFCXTM0041545,MRD,2026,MRD-PR,2.0 가솔린,FWD,스틸 그레이,MX-MT,west,31200
2026-07,VF5MCFCXTM0041546,MRD,2026,MRD-CO,1.6T 하이브리드,FWD,스틸 그레이,MX-MT,west,28704
2026-07,VF5MPAEXTM0041547,MRD,2026,MRD-PR,1.6T 하이브리드,AWD,오션 블루,MX-MT,west,31200
2026-07,VF5MPAFXTM0041548,MRD,2026,MRD-PR,1.6T 하이브리드,AWD,선셋 레드,MX-MT,northeast,31200
2026-07,VF5MPFCXTM0041549,MRD,2026,MRD-PR,2.0 가솔린,FWD,스틸 그레이,MX-MT,west,31200
2026-07,VF5MPAGXTM0041550,MRD,2026,MRD-PR,2.0 가솔린,AWD,포레스트 그린,MX-MT,west,31200
2026-07,VF5MPFAXTM0041551,MRD,2026,MRD-PR,1.6T 하이브리드,FWD,스노우 화이트,MX-MT,southeast,31200
2026-07,VF5MPFEXTM0041552,MRD,2026,MRD-PR,1.6T 하이브리드,FWD,오션 블루,MX-MT,west,31200
2026-07,VF5MCFBXTM0041553,MRD,2026,MRD-CO,1.6T 하이브리드,FWD,미드나잇 블랙,MX-MT,central,28704
2026-07,VF5MPFDXTM0041554,MRD,2026,MRD-PR,2.0 가솔린,FWD,실버,MX-MT,southeast,31200
2026-07,VF5MSFAXTM0041555,MRD,2026,MRD-SP,1.6T 하이브리드,FWD,스노우 화이트,MX-MT,southeast,35568
2026-07,VF5MCFFXTM0041556,MRD,2026,MRD-CO,2.0 가솔린,FWD,선셋 레드,MX-MT,west,28704
2026-07,VF5MPFCXVM0041557,MRD,2027,MRD-PR,2.0 가솔린,FWD,스틸 그레이,MX-MT,south,31200
2026-07,VF5MPFBXTM0041558,MRD,2026,MRD-PR,1.6T 하이브리드,FWD,미드나잇 블랙,MX-MT,northeast,31200
2026-07,VF5MCFHXTM0041559,MRD,2026,MRD-CO,1.6T 하이브리드,FWD,샌드 베이지,MX-MT,northeast,28704
2026-07,VF5MSFBXTM0041560,MRD,2026,MRD-SP,1.6T 하이브리드,FWD,미드나잇 블랙,MX-MT,west,35568
2026-07,VF5MPFEXTM0041561,MRD,2026,MRD-PR,1.6T 하이브리드,FWD,오션 블루,MX-MT,west,31200
2026-07,VF5MSFCXTM0041562,MRD,2026,MRD-SP,1.6T 하이브리드,FWD,스틸 그레이,MX-MT,southeast,35568
2026-07,VF5MCAFXTM0041563,MRD,2026,MRD-CO,2.0 가솔린,AWD,선셋 레드,MX-MT,west,28704
2026-07,VF5MCFBXTM0041564,MRD,2026,MRD-CO,1.6T 하이브리드,FWD,미드나잇 블랙,MX-MT,central,28704
2026-07,VF5MSFCXTM0041565,MRD,2026,MRD-SP,2.0 가솔린,FWD,스틸 그레이,MX-MT,northeast,35568
2026-07,VF5MSADXTM0041566,MRD,2026,MRD-SP,1.6T 하이브리드,AWD,실버,MX-MT,west,35568
2026-07,VF5MSFAXTM0041567,MRD,2026,MRD-SP,1.6T 하이브리드,FWD,스노우 화이트,MX-MT,west,35568
2026-07,VF5MPFFXVM0041568,MRD,2027,MRD-PR,1.6T 하이브리드,FWD,선셋 레드,MX-MT,west,31200
2026-07,VF5MCFAXTM0041569,MRD,2026,MRD-CO,1.6T 하이브리드,FWD,스노우 화이트,MX-MT,west,28704
2026-07,VF5MPABXVM0041570,MRD,2027,MRD-PR,1.6T 하이브리드,AWD,미드나잇 블랙,MX-MT,northeast,31200
2026-07,VF5MCFEXVM0041571,MRD,2027,MRD-CO,2.0 가솔린,FWD,오션 블루,MX-MT,southeast,28704
2026-07,VF5MCFDXVM0041572,MRD,2027,MRD-CO,2.0 가솔린,FWD,실버,MX-MT,west,28704
2026-07,VF5MPFFXVM0041573,MRD,2027,MRD-PR,1.6T 하이브리드,FWD,선셋 레드,MX-MT,northeast,31200
2026-07,VF5MPFBXTM0041574,MRD,2026,MRD-PR,2.0 가솔린,FWD,미드나잇 블랙,MX-MT,southeast,31200
2026-07,VF5MPFGXTM0041575,MRD,2026,MRD-PR,1.6T 하이브리드,FWD,포레스트 그린,MX-MT,southeast,31200
2026-07,VF5MPABXTM0041576,MRD,2026,MRD-PR,1.6T 하이브리드,AWD,미드나잇 블랙,MX-MT,west,31200
2026-07,VF5MPFDXVM0041577,MRD,2027,MRD-PR,1.6T 하이브리드,FWD,실버,MX-MT,central,31200
2026-07,VF5MPFCXTM0041578,MRD,2026,MRD-PR,2.0 가솔린,FWD,스틸 그레이,MX-MT,northeast,31200
2026-07,VF5MSFBXTM0041579,MRD,2026,MRD-SP,2.0 가솔린,FWD,미드나잇 블랙,MX-MT,west,35568
2026-07,VF5MCFCXTM0041580,MRD,2026,MRD-CO,1.6T 하이브리드,FWD,스틸 그레이,MX-MT,south,28704
2026-07,VF5MCFCXTM0041581,MRD,2026,MRD-CO,2.0 가솔린,FWD,스틸 그레이,MX-MT,west,28704
2026-07,VF5MSFEXTM0041582,MRD,2026,MRD-SP,1.6T 하이브리드,FWD,오션 블루,MX-MT,southeast,35568
2026-07,VF5MCFDXTM0041583,MRD,2026,MRD-CO,2.0 가솔린,FWD,실버,MX-MT,northeast,28704
2026-07,VF5MCFAXVM0041584,MRD,2027,MRD-CO,2.0 가솔린,FWD,스노우 화이트,MX-MT,central,28704
2026-07,VF5MCFEXTM0041585,MRD,2026,MRD-CO,1.6T 하이브리드,FWD,오션 블루,MX-MT,west,28704
2026-07,VF5MCFAXVM0041586,MRD,2027,MRD-CO,2.0 가솔린,FWD,스노우 화이트,MX-MT,northeast,28704
2026-07,VF5MPFAXTM0041587,MRD,2026,MRD-PR,1.6T 하이브리드,FWD,스노우 화이트,MX-MT,west,31200
2026-07,VF5MPFAXTM0041588,MRD,2026,MRD-PR,2.0 가솔린,FWD,스노우 화이트,MX-MT,central,31200
2026-07,VF5MCFCXTM0041589,MRD,2026,MRD-CO,1.6T 하이브리드,FWD,스틸 그레이,MX-MT,south,28704
2026-07,VF5MCFAXTM0041590,MRD,2026,MRD-CO,2.0 가솔린,FWD,스노우 화이트,MX-MT,west,28704
2026-07,VF5MCFHXTM0041591,MRD,2026,MRD-CO,2.0 가솔린,FWD,샌드 베이지,MX-MT,central,28704
2026-07,VF5MPFAXTM0041592,MRD,2026,MRD-PR,1.6T 하이브리드,FWD,스노우 화이트,MX-MT,southeast,31200
2026-07,VF5MPFDXTM0041593,MRD,2026,MRD-PR,2.0 가솔린,FWD,실버,MX-MT,northeast,31200
2026-07,VF5MSFDXTM0041594,MRD,2026,MRD-SP,1.6T 하이브리드,FWD,실버,MX-MT,southeast,35568
2026-07,VF5MCFAXVM0041595,MRD,2027,MRD-CO,2.0 가솔린,FWD,스노우 화이트,MX-MT,south,28704
2026-07,VF5MCFFXVM0041596,MRD,2027,MRD-CO,2.0 가솔린,FWD,선셋 레드,MX-MT,southeast,28704
2026-07,VF5MPFAXTM0041597,MRD,2026,MRD-PR,2.0 가솔린,FWD,스노우 화이트,MX-MT,west,31200
2026-07,VF5MSFAXTM0041598,MRD,2026,MRD-SP,1.6T 하이브리드,FWD,스노우 화이트,MX-MT,west,35568
2026-07,VF5MSFDXTM0041599,MRD,2026,MRD-SP,1.6T 하이브리드,FWD,실버,MX-MT,northeast,35568
2026-07,VF5MSFFXTM0041600,MRD,2026,MRD-SP,1.6T 하이브리드,FWD,선셋 레드,MX-MT,central,35568
2026-07,VF5MPABXTM0041601,MRD,2026,MRD-PR,1.6T 하이브리드,AWD,미드나잇 블랙,MX-MT,southeast,31200
2026-07,VF5MPFBXTM0041602,MRD,2026,MRD-PR,2.0 가솔린,FWD,미드나잇 블랙,MX-MT,northeast,31200
2026-07,VF5MPFDXTM0041603,MRD,2026,MRD-PR,1.6T 하이브리드,FWD,실버,MX-MT,south,31200
2026-07,VF5MPFAXTM0041604,MRD,2026,MRD-PR,2.0 가솔린,FWD,스노우 화이트,MX-MT,northeast,31200
2026-07,VF5MCFEXTM0041605,MRD,2026,MRD-CO,1.6T 하이브리드,FWD,오션 블루,MX-MT,central,28704
2026-07,VF5MPFCXTM0041606,MRD,2026,MRD-PR,1.6T 하이브리드,FWD,스틸 그레이,MX-MT,central,31200
2026-07,VF5MSFGXVM0041607,MRD,2027,MRD-SP,1.6T 하이브리드,FWD,포레스트 그린,MX-MT,central,35568
2026-07,VF5MCFBXTM0041608,MRD,2026,MRD-CO,1.6T 하이브리드,FWD,미드나잇 블랙,MX-MT,central,28704
2026-07,VF5MCABXTM0041609,MRD,2026,MRD-CO,2.0 가솔린,AWD,미드나잇 블랙,MX-MT,west,28704
2026-07,VF5MSFEXTM0041610,MRD,2026,MRD-SP,1.6T 하이브리드,FWD,오션 블루,MX-MT,northeast,35568
2026-07,VF5MPABXTM0041611,MRD,2026,MRD-PR,2.0 가솔린,AWD,미드나잇 블랙,MX-MT,northeast,31200
2026-07,VF5MPFBXTM0041612,MRD,2026,MRD-PR,2.0 가솔린,FWD,미드나잇 블랙,MX-MT,southeast,31200
2026-07,VF5MSFCXTM0041613,MRD,2026,MRD-SP,2.0 가솔린,FWD,스틸 그레이,MX-MT,southeast,35568
2026-07,VF5MPFDXTM0041614,MRD,2026,MRD-PR,1.6T 하이브리드,FWD,실버,MX-MT,northeast,31200
2026-07,VF5MCFBXTM0041615,MRD,2026,MRD-CO,1.6T 하이브리드,FWD,미드나잇 블랙,MX-MT,west,28704
2026-07,VF5MPFEXTM0041616,MRD,2026,MRD-PR,2.0 가솔린,FWD,오션 블루,MX-MT,south,31200
2026-07,VF5MSFCXVM0041617,MRD,2027,MRD-SP,1.6T 하이브리드,FWD,스틸 그레이,MX-MT,west,35568
2026-07,VF5MPFBXTM0041618,MRD,2026,MRD-PR,2.0 가솔린,FWD,미드나잇 블랙,MX-MT,southeast,31200
2026-07,VF5MPABXTM0041619,MRD,2026,MRD-PR,1.6T 하이브리드,AWD,미드나잇 블랙,MX-MT,west,31200
2026-07,VF5MCFDXTM0041620,MRD,2026,MRD-CO,1.6T 하이브리드,FWD,실버,MX-MT,central,28704
2026-07,VF5MSFFXTM0041621,MRD,2026,MRD-SP,2.0 가솔린,FWD,선셋 레드,MX-MT,southeast,35568
2026-07,VF5MSFBXTM0041622,MRD,2026,MRD-SP,1.6T 하이브리드,FWD,미드나잇 블랙,MX-MT,central,35568
2026-07,VF5MCFEXTM0041623,MRD,2026,MRD-CO,1.6T 하이브리드,FWD,오션 블루,MX-MT,southeast,28704
2026-07,VF5MPFBXTM0041624,MRD,2026,MRD-PR,2.0 가솔린,FWD,미드나잇 블랙,MX-MT,south,31200
2026-07,VF5MPAAXTM0041625,MRD,2026,MRD-PR,2.0 가솔린,AWD,스노우 화이트,MX-MT,northeast,31200
2026-07,VF5MCFAXTM0041626,MRD,2026,MRD-CO,2.0 가솔린,FWD,스노우 화이트,MX-MT,west,28704
2026-07,VF5MPFGXTM0041627,MRD,2026,MRD-PR,2.0 가솔린,FWD,포레스트 그린,MX-MT,southeast,31200
2026-07,VF5MPFAXTM0041628,MRD,2026,MRD-PR,1.6T 하이브리드,FWD,스노우 화이트,MX-MT,central,31200
2026-07,VF5MPFCXVM0041629,MRD,2027,MRD-PR,2.0 가솔린,FWD,스틸 그레이,MX-MT,central,31200
2026-07,VF5MPFDXVM0041630,MRD,2027,MRD-PR,1.6T 하이브리드,FWD,실버,MX-MT,southeast,31200
2026-07,VF5MCFBXTM0041631,MRD,2026,MRD-CO,1.6T 하이브리드,FWD,미드나잇 블랙,MX-MT,central,28704
2026-07,VF5MPACXTM0041632,MRD,2026,MRD-PR,2.0 가솔린,AWD,스틸 그레이,MX-MT,southeast,31200
2026-07,VF5MPFDXTM0041633,MRD,2026,MRD-PR,1.6T 하이브리드,FWD,실버,MX-MT,west,31200
2026-07,VF5MCFGXTM0041634,MRD,2026,MRD-CO,2.0 가솔린,FWD,포레스트 그린,MX-MT,west,28704
2026-07,VF5MCFCXTM0041635,MRD,2026,MRD-CO,2.0 가솔린,FWD,스틸 그레이,MX-MT,central,28704
2026-07,VF5MPAFXTM0041636,MRD,2026,MRD-PR,2.0 가솔린,AWD,선셋 레드,MX-MT,northeast,31200
2026-07,VF5MCFCXTM0041637,MRD,2026,MRD-CO,1.6T 하이브리드,FWD,스틸 그레이,MX-MT,northeast,28704
2026-07,VF5MPFAXVM0041638,MRD,2027,MRD-PR,1.6T 하이브리드,FWD,스노우 화이트,MX-MT,central,31200
2026-07,VF5MPFEXTM0041639,MRD,2026,MRD-PR,1.6T 하이브리드,FWD,오션 블루,MX-MT,southeast,31200
2026-07,VF5MCADXTM0041640,MRD,2026,MRD-CO,2.0 가솔린,AWD,실버,MX-MT,northeast,28704
2026-07,VF5MCFAXVM0041641,MRD,2027,MRD-CO,1.6T 하이브리드,FWD,스노우 화이트,MX-MT,south,28704
2026-07,VF5MCFCXTM0041642,MRD,2026,MRD-CO,1.6T 하이브리드,FWD,스틸 그레이,MX-MT,southeast,28704
2026-07,VF5MSFAXTM0041643,MRD,2026,MRD-SP,1.6T 하이브리드,FWD,스노우 화이트,MX-MT,south,35568
2026-07,VF5MCFCXTM0041644,MRD,2026,MRD-CO,1.6T 하이브리드,FWD,스틸 그레이,MX-MT,southeast,28704
2026-07,VF5MSFDXTM0041645,MRD,2026,MRD-SP,1.6T 하이브리드,FWD,실버,MX-MT,northeast,35568
2026-07,VF5MPFAXVM0041646,MRD,2027,MRD-PR,1.6T 하이브리드,FWD,스노우 화이트,MX-MT,southeast,31200
2026-07,VF5MPFHXTM0041647,MRD,2026,MRD-PR,2.0 가솔린,FWD,샌드 베이지,MX-MT,southeast,31200
2026-07,VF5MCFBXTM0041648,MRD,2026,MRD-CO,2.0 가솔린,FWD,미드나잇 블랙,MX-MT,central,28704
2026-07,VF5MPFBXTM0041649,MRD,2026,MRD-PR,1.6T 하이브리드,FWD,미드나잇 블랙,MX-MT,west,31200
2026-07,VF5MPAAXTM0041650,MRD,2026,MRD-PR,2.0 가솔린,AWD,스노우 화이트,MX-MT,west,31200
2026-07,VF5MPFDXTM0041651,MRD,2026,MRD-PR,1.6T 하이브리드,FWD,실버,MX-MT,central,31200
2026-07,VF5MCFEXTM0041652,MRD,2026,MRD-CO,1.6T 하이브리드,FWD,오션 블루,MX-MT,south,28704
2026-07,VF5MPFCXTM0041653,MRD,2026,MRD-PR,1.6T 하이브리드,FWD,스틸 그레이,MX-MT,southeast,31200
2026-07,VF5MCFFXTM0041654,MRD,2026,MRD-CO,1.6T 하이브리드,FWD,선셋 레드,MX-MT,southeast,28704
2026-07,VF5MSFCXTM0041655,MRD,2026,MRD-SP,2.0 가솔린,FWD,스틸 그레이,MX-MT,south,35568
2026-07,VF5MPACXTM0041656,MRD,2026,MRD-PR,1.6T 하이브리드,AWD,스틸 그레이,MX-MT,west,31200
2026-07,VF5MPFAXTM0041657,MRD,2026,MRD-PR,1.6T 하이브리드,FWD,스노우 화이트,MX-MT,west,31200
2026-07,VF5MCFAXTM0041658,MRD,2026,MRD-CO,2.0 가솔린,FWD,스노우 화이트,MX-MT,south,28704
2026-07,VF5MPACXTM0041659,MRD,2026,MRD-PR,2.0 가솔린,AWD,스틸 그레이,MX-MT,west,31200
2026-07,VF5MPFBXTM0041660,MRD,2026,MRD-PR,2.0 가솔린,FWD,미드나잇 블랙,MX-MT,southeast,31200
2026-07,VF5MPAEXTM0041661,MRD,2026,MRD-PR,2.0 가솔린,AWD,오션 블루,MX-MT,central,31200
2026-07,VF5MCFAXTM0041662,MRD,2026,MRD-CO,2.0 가솔린,FWD,스노우 화이트,MX-MT,southeast,28704
2026-07,VF5MPFBXTM0041663,MRD,2026,MRD-PR,1.6T 하이브리드,FWD,미드나잇 블랙,MX-MT,southeast,31200
2026-07,VF5MCACXVM0041664,MRD,2027,MRD-CO,1.6T 하이브리드,AWD,스틸 그레이,MX-MT,west,28704
2026-07,VF5MPFFXTM0041665,MRD,2026,MRD-PR,2.0 가솔린,FWD,선셋 레드,MX-MT,west,31200
2026-07,VF5MCFFXTM0041666,MRD,2026,MRD-CO,1.6T 하이브리드,FWD,선셋 레드,MX-MT,northeast,28704
2026-07,VF5MCFAXTM0041667,MRD,2026,MRD-CO,2.0 가솔린,FWD,스노우 화이트,MX-MT,south,28704
2026-07,VF5MCFAXVM0041668,MRD,2027,MRD-CO,1.6T 하이브리드,FWD,스노우 화이트,MX-MT,central,28704
2026-07,VF5MSFBXTM0041669,MRD,2026,MRD-SP,2.0 가솔린,FWD,미드나잇 블랙,MX-MT,west,35568
2026-07,VF5MCADXTM0041670,MRD,2026,MRD-CO,1.6T 하이브리드,AWD,실버,MX-MT,south,28704
2026-07,VF5MSFAXTM0041671,MRD,2026,MRD-SP,2.0 가솔린,FWD,스노우 화이트,MX-MT,south,35568
2026-07,VF5MPFFXVM0041672,MRD,2027,MRD-PR,2.0 가솔린,FWD,선셋 레드,MX-MT,west,31200
2026-07,VF5MCFDXTM0041673,MRD,2026,MRD-CO,1.6T 하이브리드,FWD,실버,MX-MT,northeast,28704
2026-07,VF5MPAEXTM0041674,MRD,2026,MRD-PR,1.6T 하이브리드,AWD,오션 블루,MX-MT,west,31200
2026-07,VF5MSFAXTM0041675,MRD,2026,MRD-SP,1.6T 하이브리드,FWD,스노우 화이트,MX-MT,west,35568
2026-07,VF5MCFFXVM0041676,MRD,2027,MRD-CO,2.0 가솔린,FWD,선셋 레드,MX-MT,south,28704
2026-07,VF5MPFDXTM0041677,MRD,2026,MRD-PR,1.6T 하이브리드,FWD,실버,MX-MT,northeast,31200
2026-07,VF5MPFEXTM0041678,MRD,2026,MRD-PR,2.0 가솔린,FWD,오션 블루,MX-MT,west,31200
2026-07,VF5MPFFXTM0041679,MRD,2026,MRD-PR,2.0 가솔린,FWD,선셋 레드,MX-MT,central,31200
2026-07,VF5MCFCXTM0041680,MRD,2026,MRD-CO,1.6T 하이브리드,FWD,스틸 그레이,MX-MT,south,28704
2026-07,VF5MCFDXTM0041681,MRD,2026,MRD-CO,2.0 가솔린,FWD,실버,MX-MT,northeast,28704
2026-07,VF5MPFHXTM0041682,MRD,2026,MRD-PR,2.0 가솔린,FWD,샌드 베이지,MX-MT,west,31200
2026-07,VF5MCFAXTM0041683,MRD,2026,MRD-CO,1.6T 하이브리드,FWD,스노우 화이트,MX-MT,southeast,28704
2026-07,VF5MPFGXVM0041684,MRD,2027,MRD-PR,2.0 가솔린,FWD,포레스트 그린,MX-MT,central,31200
2026-07,VF5MCFAXTM0041685,MRD,2026,MRD-CO,2.0 가솔린,FWD,스노우 화이트,MX-MT,central,28704
2026-07,VF5MPFCXTM0041686,MRD,2026,MRD-PR,2.0 가솔린,FWD,스틸 그레이,MX-MT,southeast,31200
2026-07,VF5MPFAXTM0041687,MRD,2026,MRD-PR,1.6T 하이브리드,FWD,스노우 화이트,MX-MT,west,31200
2026-07,VF5MPAAXTM0041688,MRD,2026,MRD-PR,1.6T 하이브리드,AWD,스노우 화이트,MX-MT,southeast,31200
2026-07,VF5MSFAXTM0041689,MRD,2026,MRD-SP,2.0 가솔린,FWD,스노우 화이트,MX-MT,central,35568
2026-07,VF5MPFBXTM0041690,MRD,2026,MRD-PR,1.6T 하이브리드,FWD,미드나잇 블랙,MX-MT,central,31200
2026-07,VF5MSFBXTM0041691,MRD,2026,MRD-SP,2.0 가솔린,FWD,미드나잇 블랙,MX-MT,south,35568
2026-07,VF5MCAAXTM0041692,MRD,2026,MRD-CO,1.6T 하이브리드,AWD,스노우 화이트,MX-MT,west,28704
2026-07,VF5MPFEXVM0041693,MRD,2027,MRD-PR,1.6T 하이브리드,FWD,오션 블루,MX-MT,central,31200
2026-07,VF5MSFCXTM0041694,MRD,2026,MRD-SP,1.6T 하이브리드,FWD,스틸 그레이,MX-MT,west,35568
2026-07,VF5MCFEXTM0041695,MRD,2026,MRD-CO,1.6T 하이브리드,FWD,오션 블루,MX-MT,northeast,28704
2026-07,VF5MCFAXTM0041696,MRD,2026,MRD-CO,2.0 가솔린,FWD,스노우 화이트,MX-MT,south,28704
2026-07,VF5MCFBXVM0041697,MRD,2027,MRD-CO,2.0 가솔린,FWD,미드나잇 블랙,MX-MT,northeast,28704
2026-07,VF5MPFCXTM0041698,MRD,2026,MRD-PR,2.0 가솔린,FWD,스틸 그레이,MX-MT,south,31200
2026-07,VF5MCFBXTM0041699,MRD,2026,MRD-CO,1.6T 하이브리드,FWD,미드나잇 블랙,MX-MT,southeast,28704
2026-07,VF5MSADXTM0041700,MRD,2026,MRD-SP,1.6T 하이브리드,AWD,실버,MX-MT,southeast,35568
2026-07,VF5MPFBXTM0041701,MRD,2026,MRD-PR,2.0 가솔린,FWD,미드나잇 블랙,MX-MT,west,31200
2026-07,VF5MCFHXTM0041702,MRD,2026,MRD-CO,2.0 가솔린,FWD,샌드 베이지,MX-MT,southeast,28704
2026-07,VF5MCFAXTM0041703,MRD,2026,MRD-CO,2.0 가솔린,FWD,스노우 화이트,MX-MT,west,28704
2026-07,VF5MPFAXVM0041704,MRD,2027,MRD-PR,1.6T 하이브리드,FWD,스노우 화이트,MX-MT,west,31200
2026-07,VF5MPFGXTM0041705,MRD,2026,MRD-PR,1.6T 하이브리드,FWD,포레스트 그린,MX-MT,southeast,31200
2026-07,VF5MCAAXTM0041706,MRD,2026,MRD-CO,1.6T 하이브리드,AWD,스노우 화이트,MX-MT,southeast,28704
2026-07,VF5MSFAXTM0041707,MRD,2026,MRD-SP,2.0 가솔린,FWD,스노우 화이트,MX-MT,west,35568
2026-07,VF5MPFCXTM0041708,MRD,2026,MRD-PR,2.0 가솔린,FWD,스틸 그레이,MX-MT,central,31200
2026-07,VF5MSFAXTM0041709,MRD,2026,MRD-SP,2.0 가솔린,FWD,스노우 화이트,MX-MT,south,35568
2026-07,VF5MPFCXTM0041710,MRD,2026,MRD-PR,1.6T 하이브리드,FWD,스틸 그레이,MX-MT,south,31200
2026-07,VF5MPFBXTM0041711,MRD,2026,MRD-PR,1.6T 하이브리드,FWD,미드나잇 블랙,MX-MT,west,31200
2026-07,VF5MPFAXVM0041712,MRD,2027,MRD-PR,1.6T 하이브리드,FWD,스노우 화이트,MX-MT,south,31200
2026-07,VF5MCFBXTM0041713,MRD,2026,MRD-CO,1.6T 하이브리드,FWD,미드나잇 블랙,MX-MT,west,28704
2026-07,VF5MCACXVM0041714,MRD,2027,MRD-CO,2.0 가솔린,AWD,스틸 그레이,MX-MT,west,28704
2026-07,VF5MSFBXTM0041715,MRD,2026,MRD-SP,2.0 가솔린,FWD,미드나잇 블랙,MX-MT,northeast,35568
2026-07,VF5MPFAXTM0041716,MRD,2026,MRD-PR,1.6T 하이브리드,FWD,스노우 화이트,MX-MT,south,31200
2026-07,VF5MCADXTM0041717,MRD,2026,MRD-CO,1.6T 하이브리드,AWD,실버,MX-MT,west,28704
2026-07,VF5MPFAXTM0041718,MRD,2026,MRD-PR,1.6T 하이브리드,FWD,스노우 화이트,MX-MT,south,31200
2026-07,VF5MPFDXVM0041719,MRD,2027,MRD-PR,1.6T 하이브리드,FWD,실버,MX-MT,south,31200
2026-07,VF5MPFEXTM0041720,MRD,2026,MRD-PR,2.0 가솔린,FWD,오션 블루,MX-MT,south,31200
2026-07,VF5MPAAXTM0041721,MRD,2026,MRD-PR,1.6T 하이브리드,AWD,스노우 화이트,MX-MT,southeast,31200
2026-07,VF5MPFAXTM0041722,MRD,2026,MRD-PR,1.6T 하이브리드,FWD,스노우 화이트,MX-MT,central,31200
2026-07,VF5MCFFXTM0041723,MRD,2026,MRD-CO,1.6T 하이브리드,FWD,선셋 레드,MX-MT,west,28704
2026-07,VF5MSFAXTM0041724,MRD,2026,MRD-SP,1.6T 하이브리드,FWD,스노우 화이트,MX-MT,central,35568
2026-07,VF5MSFHXTM0041725,MRD,2026,MRD-SP,1.6T 하이브리드,FWD,샌드 베이지,MX-MT,west,35568
2026-07,VF5MPFFXVM0041726,MRD,2027,MRD-PR,1.6T 하이브리드,FWD,선셋 레드,MX-MT,southeast,31200
2026-07,VF5MCAEXVM0041727,MRD,2027,MRD-CO,2.0 가솔린,AWD,오션 블루,MX-MT,west,28704
2026-07,VF5MCFAXTM0041728,MRD,2026,MRD-CO,1.6T 하이브리드,FWD,스노우 화이트,MX-MT,west,28704
2026-07,VF5MCFDXVM0041729,MRD,2027,MRD-CO,2.0 가솔린,FWD,실버,MX-MT,northeast,28704
2026-07,VF5MSFBXTM0041730,MRD,2026,MRD-SP,2.0 가솔린,FWD,미드나잇 블랙,MX-MT,west,35568
2026-07,VF5MSFAXVM0041731,MRD,2027,MRD-SP,2.0 가솔린,FWD,스노우 화이트,MX-MT,central,35568
2026-07,VF5MPFAXTM0041732,MRD,2026,MRD-PR,2.0 가솔린,FWD,스노우 화이트,MX-MT,southeast,31200
2026-07,VF5MPFBXVM0041733,MRD,2027,MRD-PR,2.0 가솔린,FWD,미드나잇 블랙,MX-MT,south,31200
2026-07,VF5MCFFXTM0041734,MRD,2026,MRD-CO,1.6T 하이브리드,FWD,선셋 레드,MX-MT,west,28704
2026-07,VF5MCFDXTM0041735,MRD,2026,MRD-CO,1.6T 하이브리드,FWD,실버,MX-MT,central,28704
2026-07,VF5MCFAXTM0041736,MRD,2026,MRD-CO,2.0 가솔린,FWD,스노우 화이트,MX-MT,southeast,28704
2026-07,VF5MPABXTM0041737,MRD,2026,MRD-PR,2.0 가솔린,AWD,미드나잇 블랙,MX-MT,northeast,31200
2026-07,VF5MCFBXTM0041738,MRD,2026,MRD-CO,1.6T 하이브리드,FWD,미드나잇 블랙,MX-MT,west,28704
2026-07,VF5MPFCXTM0041739,MRD,2026,MRD-PR,2.0 가솔린,FWD,스틸 그레이,MX-MT,northeast,31200
2026-07,VF5MCFAXTM0041740,MRD,2026,MRD-CO,2.0 가솔린,FWD,스노우 화이트,MX-MT,west,28704
2026-07,VF5MPFHXTM0041741,MRD,2026,MRD-PR,1.6T 하이브리드,FWD,샌드 베이지,MX-MT,southeast,31200
2026-07,VF5MPFBXTM0041742,MRD,2026,MRD-PR,2.0 가솔린,FWD,미드나잇 블랙,MX-MT,west,31200
2026-07,VF5MSACXTM0041743,MRD,2026,MRD-SP,1.6T 하이브리드,AWD,스틸 그레이,MX-MT,central,35568
2026-07,VF5MPFGXTM0041744,MRD,2026,MRD-PR,1.6T 하이브리드,FWD,포레스트 그린,MX-MT,west,31200
2026-07,VF5MSFFXTM0041745,MRD,2026,MRD-SP,2.0 가솔린,FWD,선셋 레드,MX-MT,south,35568
2026-07,VF5MSABXTM0041746,MRD,2026,MRD-SP,1.6T 하이브리드,AWD,미드나잇 블랙,MX-MT,central,35568
2026-07,VF5MPFDXTM0041747,MRD,2026,MRD-PR,1.6T 하이브리드,FWD,실버,MX-MT,west,31200
2026-07,VF5MPACXTM0041748,MRD,2026,MRD-PR,1.6T 하이브리드,AWD,스틸 그레이,MX-MT,south,31200
2026-07,VF5MCFCXTM0041749,MRD,2026,MRD-CO,2.0 가솔린,FWD,스틸 그레이,MX-MT,northeast,28704
2026-07,VF5MCFAXVM0041750,MRD,2027,MRD-CO,1.6T 하이브리드,FWD,스노우 화이트,MX-MT,southeast,28704
2026-07,VF5MCFCXTM0041751,MRD,2026,MRD-CO,2.0 가솔린,FWD,스틸 그레이,MX-MT,southeast,28704
2026-07,VF5MCFCXTM0041752,MRD,2026,MRD-CO,2.0 가솔린,FWD,스틸 그레이,MX-MT,west,28704
2026-07,VF5MCFCXTM0041753,MRD,2026,MRD-CO,1.6T 하이브리드,FWD,스틸 그레이,MX-MT,west,28704
2026-07,VF5MPFAXTM0041754,MRD,2026,MRD-PR,2.0 가솔린,FWD,스노우 화이트,MX-MT,west,31200
2026-07,VF5MCFDXTM0041755,MRD,2026,MRD-CO,2.0 가솔린,FWD,실버,MX-MT,northeast,28704
2026-07,VF5MSAFXTM0041756,MRD,2026,MRD-SP,1.6T 하이브리드,AWD,선셋 레드,MX-MT,west,35568
2026-07,VF5MCFCXVM0041757,MRD,2027,MRD-CO,1.6T 하이브리드,FWD,스틸 그레이,MX-MT,central,28704
2026-07,VF5MCABXVM0041758,MRD,2027,MRD-CO,1.6T 하이브리드,AWD,미드나잇 블랙,MX-MT,southeast,28704
2026-07,VF5MCAGXTM0041759,MRD,2026,MRD-CO,2.0 가솔린,AWD,포레스트 그린,MX-MT,northeast,28704
2026-07,VF5MCFAXTM0041760,MRD,2026,MRD-CO,1.6T 하이브리드,FWD,스노우 화이트,MX-MT,south,28704
2026-07,VF5MPFBXTM0041761,MRD,2026,MRD-PR,1.6T 하이브리드,FWD,미드나잇 블랙,MX-MT,northeast,31200
2026-07,VF5MCAFXTM0041762,MRD,2026,MRD-CO,1.6T 하이브리드,AWD,선셋 레드,MX-MT,central,28704
2026-07,VF5MPFDXTM0041763,MRD,2026,MRD-PR,1.6T 하이브리드,FWD,실버,MX-MT,west,31200
2026-07,VF5MPFAXTM0041764,MRD,2026,MRD-PR,1.6T 하이브리드,FWD,스노우 화이트,MX-MT,southeast,31200
2026-07,VF5MSFBXTM0041765,MRD,2026,MRD-SP,2.0 가솔린,FWD,미드나잇 블랙,MX-MT,southeast,35568
2026-07,VF5MCFEXTM0041766,MRD,2026,MRD-CO,2.0 가솔린,FWD,오션 블루,MX-MT,northeast,28704
2026-07,VF5MPFEXTM0041767,MRD,2026,MRD-PR,2.0 가솔린,FWD,오션 블루,MX-MT,south,31200
2026-07,VF5MSADXVM0041768,MRD,2027,MRD-SP,2.0 가솔린,AWD,실버,MX-MT,central,35568
2026-07,VF5MPFAXTM0041769,MRD,2026,MRD-PR,1.6T 하이브리드,FWD,스노우 화이트,MX-MT,west,31200
2026-07,VF5MPFBXTM0041770,MRD,2026,MRD-PR,1.6T 하이브리드,FWD,미드나잇 블랙,MX-MT,southeast,31200
2026-07,VF5MPAAXVM0041771,MRD,2027,MRD-PR,1.6T 하이브리드,AWD,스노우 화이트,MX-MT,southeast,31200
2026-07,VF5MSFBXTM0041772,MRD,2026,MRD-SP,2.0 가솔린,FWD,미드나잇 블랙,MX-MT,central,35568
2026-07,VF5MCFBXTM0041773,MRD,2026,MRD-CO,1.6T 하이브리드,FWD,미드나잇 블랙,MX-MT,west,28704
2026-07,VF5MCFAXVM0041774,MRD,2027,MRD-CO,1.6T 하이브리드,FWD,스노우 화이트,MX-MT,central,28704
2026-07,VF5MPFDXTM0041775,MRD,2026,MRD-PR,1.6T 하이브리드,FWD,실버,MX-MT,central,31200
2026-07,VF5MCABXTM0041776,MRD,2026,MRD-CO,2.0 가솔린,AWD,미드나잇 블랙,MX-MT,west,28704
