ym_order,model_id,zone_id,trim_id,color,retail_ma3,stock_qty,ds_days,dos_weight,order_qty,prod_ym
2025-01,TRN,west,TRN-CO,스노우 화이트,349.0,739,64.3,0.93,294,2025-01
2025-01,TRN,west,TRN-CO,미드나잇 블랙,276.3,585,64.3,0.93,233,2025-01
2025-01,TRN,west,TRN-CO,스틸 그레이,232.7,492,64.3,0.93,196,2025-01
2025-01,TRN,west,TRN-CO,실버,189.1,400,64.3,0.93,159,2025-01
2025-01,TRN,west,TRN-CO,오션 블루,145.4,308,64.3,0.93,123,2025-01
2025-01,TRN,west,TRN-CO,선셋 레드,116.3,246,64.3,0.93,98,2025-01
2025-01,TRN,west,TRN-CO,포레스트 그린,72.7,154,64.3,0.93,61,2025-01
2025-01,TRN,west,TRN-CO,샌드 베이지,72.7,154,64.3,0.93,61,2025-01
2025-01,TRN,west,TRN-PR,스노우 화이트,404.1,855,64.3,0.93,341,2025-01
2025-01,TRN,west,TRN-PR,미드나잇 블랙,320.0,677,64.3,0.93,270,2025-01
2025-01,TRN,west,TRN-PR,스틸 그레이,269.4,570,64.3,0.93,227,2025-01
2025-01,TRN,west,TRN-PR,실버,218.9,463,64.3,0.93,185,2025-01
2025-01,TRN,west,TRN-PR,오션 블루,168.4,356,64.3,0.93,142,2025-01
2025-01,TRN,west,TRN-PR,선셋 레드,134.7,285,64.3,0.93,114,2025-01
2025-01,TRN,west,TRN-PR,포레스트 그린,84.2,178,64.3,0.93,71,2025-01
2025-01,TRN,west,TRN-PR,샌드 베이지,84.2,178,64.3,0.93,71,2025-01
2025-01,TRN,west,TRN-SU,스노우 화이트,165.3,350,64.3,0.93,139,2025-01
2025-01,TRN,west,TRN-SU,미드나잇 블랙,130.9,277,64.3,0.93,110,2025-01
2025-01,TRN,west,TRN-SU,스틸 그레이,110.2,233,64.3,0.93,93,2025-01
2025-01,TRN,west,TRN-SU,실버,89.6,190,64.3,0.93,76,2025-01
2025-01,TRN,west,TRN-SU,오션 블루,68.9,146,64.3,0.93,58,2025-01
2025-01,TRN,west,TRN-SU,선셋 레드,55.1,117,64.3,0.93,46,2025-01
2025-01,TRN,west,TRN-SU,포레스트 그린,34.4,73,64.3,0.93,29,2025-01
2025-01,TRN,west,TRN-SU,샌드 베이지,34.4,73,64.3,0.93,29,2025-01
2025-01,TRN,central,TRN-CO,스노우 화이트,228.2,416,55.4,1.08,223,2025-01
2025-01,TRN,central,TRN-CO,미드나잇 블랙,180.7,329,55.4,1.08,177,2025-01
2025-01,TRN,central,TRN-CO,스틸 그레이,152.1,277,55.4,1.08,149,2025-01
2025-01,TRN,central,TRN-CO,실버,123.6,225,55.4,1.08,121,2025-01
2025-01,TRN,central,TRN-CO,오션 블루,95.1,173,55.4,1.08,93,2025-01
2025-01,TRN,central,TRN-CO,선셋 레드,76.1,139,55.4,1.08,74,2025-01
2025-01,TRN,central,TRN-CO,포레스트 그린,47.5,87,55.4,1.08,47,2025-01
2025-01,TRN,central,TRN-CO,샌드 베이지,47.5,87,55.4,1.08,47,2025-01
2025-01,TRN,central,TRN-PR,스노우 화이트,264.3,482,55.4,1.08,259,2025-01
2025-01,TRN,central,TRN-PR,미드나잇 블랙,209.2,381,55.4,1.08,205,2025-01
2025-01,TRN,central,TRN-PR,스틸 그레이,176.2,321,55.4,1.08,172,2025-01
2025-01,TRN,central,TRN-PR,실버,143.1,261,55.4,1.08,140,2025-01
2025-01,TRN,central,TRN-PR,오션 블루,110.1,201,55.4,1.08,108,2025-01
2025-01,TRN,central,TRN-PR,선셋 레드,88.1,161,55.4,1.08,86,2025-01
2025-01,TRN,central,TRN-PR,포레스트 그린,55.1,100,55.4,1.08,54,2025-01
2025-01,TRN,central,TRN-PR,샌드 베이지,55.1,100,55.4,1.08,54,2025-01
2025-01,TRN,central,TRN-SU,스노우 화이트,108.1,197,55.4,1.08,106,2025-01
2025-01,TRN,central,TRN-SU,미드나잇 블랙,85.6,156,55.4,1.08,84,2025-01
2025-01,TRN,central,TRN-SU,스틸 그레이,72.1,131,55.4,1.08,71,2025-01
2025-01,TRN,central,TRN-SU,실버,58.6,107,55.4,1.08,57,2025-01
2025-01,TRN,central,TRN-SU,오션 블루,45.0,82,55.4,1.08,44,2025-01
2025-01,TRN,central,TRN-SU,선셋 레드,36.0,66,55.4,1.08,35,2025-01
2025-01,TRN,central,TRN-SU,포레스트 그린,22.5,41,55.4,1.08,22,2025-01
2025-01,TRN,central,TRN-SU,샌드 베이지,22.5,41,55.4,1.08,22,2025-01
2025-01,TRN,south,TRN-CO,스노우 화이트,295.3,602,61.9,0.97,259,2025-01
2025-01,TRN,south,TRN-CO,미드나잇 블랙,233.8,476,61.9,0.97,205,2025-01
2025-01,TRN,south,TRN-CO,스틸 그레이,196.9,401,61.9,0.97,172,2025-01
2025-01,TRN,south,TRN-CO,실버,160.0,326,61.9,0.97,140,2025-01
2025-01,TRN,south,TRN-CO,오션 블루,123.1,251,61.9,0.97,108,2025-01
2025-01,TRN,south,TRN-CO,선셋 레드,98.4,201,61.9,0.97,86,2025-01
2025-01,TRN,south,TRN-CO,포레스트 그린,61.5,125,61.9,0.97,54,2025-01
2025-01,TRN,south,TRN-CO,샌드 베이지,61.5,125,61.9,0.97,54,2025-01
2025-01,TRN,south,TRN-PR,스노우 화이트,342.0,697,61.9,0.97,299,2025-01
2025-01,TRN,south,TRN-PR,미드나잇 블랙,270.7,552,61.9,0.97,237,2025-01
2025-01,TRN,south,TRN-PR,스틸 그레이,228.0,465,61.9,0.97,200,2025-01
2025-01,TRN,south,TRN-PR,실버,185.2,377,61.9,0.97,162,2025-01
2025-01,TRN,south,TRN-PR,오션 블루,142.5,290,61.9,0.97,125,2025-01
2025-01,TRN,south,TRN-PR,선셋 레드,114.0,232,61.9,0.97,100,2025-01
2025-01,TRN,south,TRN-PR,포레스트 그린,71.2,145,61.9,0.97,62,2025-01
2025-01,TRN,south,TRN-PR,샌드 베이지,71.2,145,61.9,0.97,62,2025-01
2025-01,TRN,south,TRN-SU,스노우 화이트,139.9,285,61.9,0.97,122,2025-01
2025-01,TRN,south,TRN-SU,미드나잇 블랙,110.8,226,61.9,0.97,97,2025-01
2025-01,TRN,south,TRN-SU,스틸 그레이,93.3,190,61.9,0.97,82,2025-01
2025-01,TRN,south,TRN-SU,실버,75.8,154,61.9,0.97,66,2025-01
2025-01,TRN,south,TRN-SU,오션 블루,58.3,119,61.9,0.97,51,2025-01
2025-01,TRN,south,TRN-SU,선셋 레드,46.6,95,61.9,0.97,41,2025-01
2025-01,TRN,south,TRN-SU,포레스트 그린,29.1,59,61.9,0.97,26,2025-01
2025-01,TRN,south,TRN-SU,샌드 베이지,29.1,59,61.9,0.97,26,2025-01
2025-01,TRN,northeast,TRN-CO,스노우 화이트,228.2,402,53.6,1.12,231,2025-01
2025-01,TRN,northeast,TRN-CO,미드나잇 블랙,180.7,319,53.6,1.12,183,2025-01
2025-01,TRN,northeast,TRN-CO,스틸 그레이,152.1,268,53.6,1.12,154,2025-01
2025-01,TRN,northeast,TRN-CO,실버,123.6,218,53.6,1.12,125,2025-01
2025-01,TRN,northeast,TRN-CO,오션 블루,95.1,168,53.6,1.12,96,2025-01
2025-01,TRN,northeast,TRN-CO,선셋 레드,76.1,134,53.6,1.12,77,2025-01
2025-01,TRN,northeast,TRN-CO,포레스트 그린,47.5,84,53.6,1.12,48,2025-01
2025-01,TRN,northeast,TRN-CO,샌드 베이지,47.5,84,53.6,1.12,48,2025-01
2025-01,TRN,northeast,TRN-PR,스노우 화이트,264.3,466,53.6,1.12,267,2025-01
2025-01,TRN,northeast,TRN-PR,미드나잇 블랙,209.2,369,53.6,1.12,212,2025-01
2025-01,TRN,northeast,TRN-PR,스틸 그레이,176.2,311,53.6,1.12,178,2025-01
2025-01,TRN,northeast,TRN-PR,실버,143.1,252,53.6,1.12,145,2025-01
2025-01,TRN,northeast,TRN-PR,오션 블루,110.1,194,53.6,1.12,111,2025-01
2025-01,TRN,northeast,TRN-PR,선셋 레드,88.1,155,53.6,1.12,89,2025-01
2025-01,TRN,northeast,TRN-PR,포레스트 그린,55.1,97,53.6,1.12,56,2025-01
2025-01,TRN,northeast,TRN-PR,샌드 베이지,55.1,97,53.6,1.12,56,2025-01
2025-01,TRN,northeast,TRN-SU,스노우 화이트,108.1,191,53.6,1.12,109,2025-01
2025-01,TRN,northeast,TRN-SU,미드나잇 블랙,85.6,151,53.6,1.12,87,2025-01
2025-01,TRN,northeast,TRN-SU,스틸 그레이,72.1,127,53.6,1.12,73,2025-01
2025-01,TRN,northeast,TRN-SU,실버,58.6,103,53.6,1.12,59,2025-01
2025-01,TRN,northeast,TRN-SU,오션 블루,45.0,79,53.6,1.12,46,2025-01
2025-01,TRN,northeast,TRN-SU,선셋 레드,36.0,64,53.6,1.12,36,2025-01
2025-01,TRN,northeast,TRN-SU,포레스트 그린,22.5,40,53.6,1.12,23,2025-01
2025-01,TRN,northeast,TRN-SU,샌드 베이지,22.5,40,53.6,1.12,23,2025-01
2025-01,TRN,southeast,TRN-CO,스노우 화이트,241.6,497,62.5,0.96,210,2025-01
2025-01,TRN,southeast,TRN-CO,미드나잇 블랙,191.3,394,62.5,0.96,166,2025-01
2025-01,TRN,southeast,TRN-CO,스틸 그레이,161.1,331,62.5,0.96,140,2025-01
2025-01,TRN,southeast,TRN-CO,실버,130.9,269,62.5,0.96,114,2025-01
2025-01,TRN,southeast,TRN-CO,오션 블루,100.7,207,62.5,0.96,87,2025-01
2025-01,TRN,southeast,TRN-CO,선셋 레드,80.5,166,62.5,0.96,70,2025-01
2025-01,TRN,southeast,TRN-CO,포레스트 그린,50.3,104,62.5,0.96,44,2025-01
2025-01,TRN,southeast,TRN-CO,샌드 베이지,50.3,104,62.5,0.96,44,2025-01
2025-01,TRN,southeast,TRN-PR,스노우 화이트,279.8,576,62.5,0.96,243,2025-01
2025-01,TRN,southeast,TRN-PR,미드나잇 블랙,221.5,456,62.5,0.96,192,2025-01
2025-01,TRN,southeast,TRN-PR,스틸 그레이,186.5,384,62.5,0.96,162,2025-01
2025-01,TRN,southeast,TRN-PR,실버,151.6,312,62.5,0.96,131,2025-01
2025-01,TRN,southeast,TRN-PR,오션 블루,116.6,240,62.5,0.96,101,2025-01
2025-01,TRN,southeast,TRN-PR,선셋 레드,93.3,192,62.5,0.96,81,2025-01
2025-01,TRN,southeast,TRN-PR,포레스트 그린,58.3,120,62.5,0.96,51,2025-01
2025-01,TRN,southeast,TRN-PR,샌드 베이지,58.3,120,62.5,0.96,51,2025-01
2025-01,TRN,southeast,TRN-SU,스노우 화이트,114.5,235,62.5,0.96,99,2025-01
2025-01,TRN,southeast,TRN-SU,미드나잇 블랙,90.6,186,62.5,0.96,79,2025-01
2025-01,TRN,southeast,TRN-SU,스틸 그레이,76.3,157,62.5,0.96,66,2025-01
2025-01,TRN,southeast,TRN-SU,실버,62.0,128,62.5,0.96,54,2025-01
2025-01,TRN,southeast,TRN-SU,오션 블루,47.7,98,62.5,0.96,41,2025-01
2025-01,TRN,southeast,TRN-SU,선셋 레드,38.2,78,62.5,0.96,33,2025-01
2025-01,TRN,southeast,TRN-SU,포레스트 그린,23.8,49,62.5,0.96,21,2025-01
2025-01,TRN,southeast,TRN-SU,샌드 베이지,23.8,49,62.5,0.96,21,2025-01
2025-01,VST,west,VST-CO,스노우 화이트,393.0,817,63.2,0.95,340,2025-01
2025-01,VST,west,VST-CO,미드나잇 블랙,311.1,647,63.2,0.95,270,2025-01
2025-01,VST,west,VST-CO,스틸 그레이,262.0,545,63.2,0.95,227,2025-01
2025-01,VST,west,VST-CO,실버,212.9,442,63.2,0.95,184,2025-01
2025-01,VST,west,VST-CO,오션 블루,163.8,340,63.2,0.95,142,2025-01
2025-01,VST,west,VST-CO,선셋 레드,131.0,272,63.2,0.95,113,2025-01
2025-01,VST,west,VST-CO,포레스트 그린,81.9,170,63.2,0.95,71,2025-01
2025-01,VST,west,VST-CO,샌드 베이지,81.9,170,63.2,0.95,71,2025-01
2025-01,VST,west,VST-PR,스노우 화이트,455.1,946,63.2,0.95,394,2025-01
2025-01,VST,west,VST-PR,미드나잇 블랙,360.3,749,63.2,0.95,312,2025-01
2025-01,VST,west,VST-PR,스틸 그레이,303.4,631,63.2,0.95,263,2025-01
2025-01,VST,west,VST-PR,실버,246.5,512,63.2,0.95,214,2025-01
2025-01,VST,west,VST-PR,오션 블루,189.6,394,63.2,0.95,164,2025-01
2025-01,VST,west,VST-PR,선셋 레드,151.7,315,63.2,0.95,131,2025-01
2025-01,VST,west,VST-PR,포레스트 그린,94.8,197,63.2,0.95,82,2025-01
2025-01,VST,west,VST-PR,샌드 베이지,94.8,197,63.2,0.95,82,2025-01
2025-01,VST,west,VST-TR,스노우 화이트,186.2,387,63.2,0.95,161,2025-01
2025-01,VST,west,VST-TR,미드나잇 블랙,147.4,306,63.2,0.95,128,2025-01
2025-01,VST,west,VST-TR,스틸 그레이,124.1,258,63.2,0.95,108,2025-01
2025-01,VST,west,VST-TR,실버,100.8,210,63.2,0.95,87,2025-01
2025-01,VST,west,VST-TR,오션 블루,77.6,161,63.2,0.95,67,2025-01
2025-01,VST,west,VST-TR,선셋 레드,62.1,129,63.2,0.95,54,2025-01
2025-01,VST,west,VST-TR,포레스트 그린,38.8,81,63.2,0.95,34,2025-01
2025-01,VST,west,VST-TR,샌드 베이지,38.8,81,63.2,0.95,34,2025-01
2025-01,VST,central,VST-CO,스노우 화이트,257.0,460,54.4,1.1,259,2025-01
2025-01,VST,central,VST-CO,미드나잇 블랙,203.4,364,54.4,1.1,205,2025-01
2025-01,VST,central,VST-CO,스틸 그레이,171.3,307,54.4,1.1,172,2025-01
2025-01,VST,central,VST-CO,실버,139.2,249,54.4,1.1,140,2025-01
2025-01,VST,central,VST-CO,오션 블루,107.1,192,54.4,1.1,108,2025-01
2025-01,VST,central,VST-CO,선셋 레드,85.7,153,54.4,1.1,86,2025-01
2025-01,VST,central,VST-CO,포레스트 그린,53.5,96,54.4,1.1,54,2025-01
2025-01,VST,central,VST-CO,샌드 베이지,53.5,96,54.4,1.1,54,2025-01
2025-01,VST,central,VST-PR,스노우 화이트,297.6,533,54.4,1.1,299,2025-01
2025-01,VST,central,VST-PR,미드나잇 블랙,235.6,422,54.4,1.1,237,2025-01
2025-01,VST,central,VST-PR,스틸 그레이,198.4,355,54.4,1.1,200,2025-01
2025-01,VST,central,VST-PR,실버,161.2,288,54.4,1.1,162,2025-01
2025-01,VST,central,VST-PR,오션 블루,124.0,222,54.4,1.1,125,2025-01
2025-01,VST,central,VST-PR,선셋 레드,99.2,178,54.4,1.1,100,2025-01
2025-01,VST,central,VST-PR,포레스트 그린,62.0,111,54.4,1.1,62,2025-01
2025-01,VST,central,VST-PR,샌드 베이지,62.0,111,54.4,1.1,62,2025-01
2025-01,VST,central,VST-TR,스노우 화이트,121.7,218,54.4,1.1,122,2025-01
2025-01,VST,central,VST-TR,미드나잇 블랙,96.4,172,54.4,1.1,97,2025-01
2025-01,VST,central,VST-TR,스틸 그레이,81.2,145,54.4,1.1,82,2025-01
2025-01,VST,central,VST-TR,실버,65.9,118,54.4,1.1,66,2025-01
2025-01,VST,central,VST-TR,오션 블루,50.7,91,54.4,1.1,51,2025-01
2025-01,VST,central,VST-TR,선셋 레드,40.6,73,54.4,1.1,41,2025-01
2025-01,VST,central,VST-TR,포레스트 그린,25.4,45,54.4,1.1,26,2025-01
2025-01,VST,central,VST-TR,샌드 베이지,25.4,45,54.4,1.1,26,2025-01
2025-01,VST,south,VST-CO,스노우 화이트,332.6,666,60.8,0.99,299,2025-01
2025-01,VST,south,VST-CO,미드나잇 블랙,263.3,527,60.8,0.99,237,2025-01
2025-01,VST,south,VST-CO,스틸 그레이,221.7,444,60.8,0.99,199,2025-01
2025-01,VST,south,VST-CO,실버,180.1,361,60.8,0.99,162,2025-01
2025-01,VST,south,VST-CO,오션 블루,138.6,277,60.8,0.99,125,2025-01
2025-01,VST,south,VST-CO,선셋 레드,110.9,222,60.8,0.99,100,2025-01
2025-01,VST,south,VST-CO,포레스트 그린,69.3,139,60.8,0.99,62,2025-01
2025-01,VST,south,VST-CO,샌드 베이지,69.3,139,60.8,0.99,62,2025-01
2025-01,VST,south,VST-PR,스노우 화이트,385.1,771,60.8,0.99,346,2025-01
2025-01,VST,south,VST-PR,미드나잇 블랙,304.9,610,60.8,0.99,274,2025-01
2025-01,VST,south,VST-PR,스틸 그레이,256.7,514,60.8,0.99,231,2025-01
2025-01,VST,south,VST-PR,실버,208.6,417,60.8,0.99,188,2025-01
2025-01,VST,south,VST-PR,오션 블루,160.4,321,60.8,0.99,144,2025-01
2025-01,VST,south,VST-PR,선셋 레드,128.4,257,60.8,0.99,115,2025-01
2025-01,VST,south,VST-PR,포레스트 그린,80.2,161,60.8,0.99,72,2025-01
2025-01,VST,south,VST-PR,샌드 베이지,80.2,161,60.8,0.99,72,2025-01
2025-01,VST,south,VST-TR,스노우 화이트,157.5,315,60.8,0.99,142,2025-01
2025-01,VST,south,VST-TR,미드나잇 블랙,124.7,250,60.8,0.99,112,2025-01
2025-01,VST,south,VST-TR,스틸 그레이,105.0,210,60.8,0.99,94,2025-01
2025-01,VST,south,VST-TR,실버,85.3,171,60.8,0.99,77,2025-01
2025-01,VST,south,VST-TR,오션 블루,65.6,131,60.8,0.99,59,2025-01
2025-01,VST,south,VST-TR,선셋 레드,52.5,105,60.8,0.99,47,2025-01
2025-01,VST,south,VST-TR,포레스트 그린,32.8,66,60.8,0.99,30,2025-01
2025-01,VST,south,VST-TR,샌드 베이지,32.8,66,60.8,0.99,30,2025-01
2025-01,VST,northeast,VST-CO,스노우 화이트,257.0,445,52.7,1.14,267,2025-01
2025-01,VST,northeast,VST-CO,미드나잇 블랙,203.4,352,52.7,1.14,211,2025-01
2025-01,VST,northeast,VST-CO,스틸 그레이,171.3,297,52.7,1.14,178,2025-01
2025-01,VST,northeast,VST-CO,실버,139.2,241,52.7,1.14,145,2025-01
2025-01,VST,northeast,VST-CO,오션 블루,107.1,185,52.7,1.14,111,2025-01
2025-01,VST,northeast,VST-CO,선셋 레드,85.7,148,52.7,1.14,89,2025-01
2025-01,VST,northeast,VST-CO,포레스트 그린,53.5,93,52.7,1.14,56,2025-01
2025-01,VST,northeast,VST-CO,샌드 베이지,53.5,93,52.7,1.14,56,2025-01
2025-01,VST,northeast,VST-PR,스노우 화이트,297.6,515,52.7,1.14,309,2025-01
2025-01,VST,northeast,VST-PR,미드나잇 블랙,235.6,408,52.7,1.14,245,2025-01
2025-01,VST,northeast,VST-PR,스틸 그레이,198.4,344,52.7,1.14,206,2025-01
2025-01,VST,northeast,VST-PR,실버,161.2,279,52.7,1.14,168,2025-01
2025-01,VST,northeast,VST-PR,오션 블루,124.0,215,52.7,1.14,129,2025-01
2025-01,VST,northeast,VST-PR,선셋 레드,99.2,172,52.7,1.14,103,2025-01
2025-01,VST,northeast,VST-PR,포레스트 그린,62.0,107,52.7,1.14,64,2025-01
2025-01,VST,northeast,VST-PR,샌드 베이지,62.0,107,52.7,1.14,64,2025-01
2025-01,VST,northeast,VST-TR,스노우 화이트,121.7,211,52.7,1.14,127,2025-01
2025-01,VST,northeast,VST-TR,미드나잇 블랙,96.4,167,52.7,1.14,100,2025-01
2025-01,VST,northeast,VST-TR,스틸 그레이,81.2,141,52.7,1.14,84,2025-01
2025-01,VST,northeast,VST-TR,실버,65.9,114,52.7,1.14,69,2025-01
2025-01,VST,northeast,VST-TR,오션 블루,50.7,88,52.7,1.14,53,2025-01
2025-01,VST,northeast,VST-TR,선셋 레드,40.6,70,52.7,1.14,42,2025-01
2025-01,VST,northeast,VST-TR,포레스트 그린,25.4,44,52.7,1.14,26,2025-01
2025-01,VST,northeast,VST-TR,샌드 베이지,25.4,44,52.7,1.14,26,2025-01
2025-01,VST,southeast,VST-CO,스노우 화이트,272.1,550,61.4,0.98,242,2025-01
2025-01,VST,southeast,VST-CO,미드나잇 블랙,215.4,435,61.4,0.98,192,2025-01
2025-01,VST,southeast,VST-CO,스틸 그레이,181.4,367,61.4,0.98,162,2025-01
2025-01,VST,southeast,VST-CO,실버,147.4,298,61.4,0.98,131,2025-01
2025-01,VST,southeast,VST-CO,오션 블루,113.4,229,61.4,0.98,101,2025-01
2025-01,VST,southeast,VST-CO,선셋 레드,90.7,183,61.4,0.98,81,2025-01
2025-01,VST,southeast,VST-CO,포레스트 그린,56.7,115,61.4,0.98,51,2025-01
2025-01,VST,southeast,VST-CO,샌드 베이지,56.7,115,61.4,0.98,51,2025-01
2025-01,VST,southeast,VST-PR,스노우 화이트,315.1,637,61.4,0.98,281,2025-01
2025-01,VST,southeast,VST-PR,미드나잇 블랙,249.4,504,61.4,0.98,222,2025-01
2025-01,VST,southeast,VST-PR,스틸 그레이,210.0,424,61.4,0.98,187,2025-01
2025-01,VST,southeast,VST-PR,실버,170.7,345,61.4,0.98,152,2025-01
2025-01,VST,southeast,VST-PR,오션 블루,131.3,265,61.4,0.98,117,2025-01
2025-01,VST,southeast,VST-PR,선셋 레드,105.0,212,61.4,0.98,94,2025-01
2025-01,VST,southeast,VST-PR,포레스트 그린,65.6,133,61.4,0.98,58,2025-01
2025-01,VST,southeast,VST-PR,샌드 베이지,65.6,133,61.4,0.98,58,2025-01
2025-01,VST,southeast,VST-TR,스노우 화이트,128.9,260,61.4,0.98,115,2025-01
2025-01,VST,southeast,VST-TR,미드나잇 블랙,102.0,206,61.4,0.98,91,2025-01
2025-01,VST,southeast,VST-TR,스틸 그레이,85.9,174,61.4,0.98,77,2025-01
2025-01,VST,southeast,VST-TR,실버,69.8,141,61.4,0.98,62,2025-01
2025-01,VST,southeast,VST-TR,오션 블루,53.7,109,61.4,0.98,48,2025-01
2025-01,VST,southeast,VST-TR,선셋 레드,43.0,87,61.4,0.98,38,2025-01
2025-01,VST,southeast,VST-TR,포레스트 그린,26.9,54,61.4,0.98,24,2025-01
2025-01,VST,southeast,VST-TR,샌드 베이지,26.9,54,61.4,0.98,24,2025-01
2025-01,AUR,west,AUR-AI,스노우 화이트,162.2,334,62.5,0.96,152,2025-01
2025-01,AUR,west,AUR-AI,미드나잇 블랙,128.4,264,62.5,0.96,120,2025-01
2025-01,AUR,west,AUR-AI,스틸 그레이,108.1,223,62.5,0.96,101,2025-01
2025-01,AUR,west,AUR-AI,실버,87.9,181,62.5,0.96,82,2025-01
2025-01,AUR,west,AUR-AI,오션 블루,67.6,139,62.5,0.96,63,2025-01
2025-01,AUR,west,AUR-AI,선셋 레드,54.1,111,62.5,0.96,51,2025-01
2025-01,AUR,west,AUR-AI,포레스트 그린,33.8,70,62.5,0.96,32,2025-01
2025-01,AUR,west,AUR-AI,샌드 베이지,33.8,70,62.5,0.96,32,2025-01
2025-01,AUR,west,AUR-RA,스노우 화이트,187.8,386,62.5,0.96,176,2025-01
2025-01,AUR,west,AUR-RA,미드나잇 블랙,148.7,306,62.5,0.96,139,2025-01
2025-01,AUR,west,AUR-RA,스틸 그레이,125.2,258,62.5,0.96,117,2025-01
2025-01,AUR,west,AUR-RA,실버,101.7,209,62.5,0.96,95,2025-01
2025-01,AUR,west,AUR-RA,오션 블루,78.3,161,62.5,0.96,73,2025-01
2025-01,AUR,west,AUR-RA,선셋 레드,62.6,129,62.5,0.96,59,2025-01
2025-01,AUR,west,AUR-RA,포레스트 그린,39.1,81,62.5,0.96,37,2025-01
2025-01,AUR,west,AUR-RA,샌드 베이지,39.1,81,62.5,0.96,37,2025-01
2025-01,AUR,west,AUR-MA,스노우 화이트,76.8,158,62.5,0.96,72,2025-01
2025-01,AUR,west,AUR-MA,미드나잇 블랙,60.8,125,62.5,0.96,57,2025-01
2025-01,AUR,west,AUR-MA,스틸 그레이,51.2,105,62.5,0.96,48,2025-01
2025-01,AUR,west,AUR-MA,실버,41.6,86,62.5,0.96,39,2025-01
2025-01,AUR,west,AUR-MA,오션 블루,32.0,66,62.5,0.96,30,2025-01
2025-01,AUR,west,AUR-MA,선셋 레드,25.6,53,62.5,0.96,24,2025-01
2025-01,AUR,west,AUR-MA,포레스트 그린,16.0,33,62.5,0.96,15,2025-01
2025-01,AUR,west,AUR-MA,샌드 베이지,16.0,33,62.5,0.96,15,2025-01
2025-01,AUR,central,AUR-AI,스노우 화이트,58.9,104,53.9,1.11,64,2025-01
2025-01,AUR,central,AUR-AI,미드나잇 블랙,46.7,83,53.9,1.11,51,2025-01
2025-01,AUR,central,AUR-AI,스틸 그레이,39.3,70,53.9,1.11,43,2025-01
2025-01,AUR,central,AUR-AI,실버,31.9,57,53.9,1.11,35,2025-01
2025-01,AUR,central,AUR-AI,오션 블루,24.6,43,53.9,1.11,27,2025-01
2025-01,AUR,central,AUR-AI,선셋 레드,19.6,35,53.9,1.11,21,2025-01
2025-01,AUR,central,AUR-AI,포레스트 그린,12.3,22,53.9,1.11,13,2025-01
2025-01,AUR,central,AUR-AI,샌드 베이지,12.3,22,53.9,1.11,13,2025-01
2025-01,AUR,central,AUR-RA,스노우 화이트,68.2,121,53.9,1.11,74,2025-01
2025-01,AUR,central,AUR-RA,미드나잇 블랙,54.0,96,53.9,1.11,59,2025-01
2025-01,AUR,central,AUR-RA,스틸 그레이,45.5,81,53.9,1.11,50,2025-01
2025-01,AUR,central,AUR-RA,실버,37.0,65,53.9,1.11,40,2025-01
2025-01,AUR,central,AUR-RA,오션 블루,28.4,50,53.9,1.11,31,2025-01
2025-01,AUR,central,AUR-RA,선셋 레드,22.7,40,53.9,1.11,25,2025-01
2025-01,AUR,central,AUR-RA,포레스트 그린,14.2,25,53.9,1.11,15,2025-01
2025-01,AUR,central,AUR-RA,샌드 베이지,14.2,25,53.9,1.11,15,2025-01
2025-01,AUR,central,AUR-MA,스노우 화이트,27.9,49,53.9,1.11,30,2025-01
2025-01,AUR,central,AUR-MA,미드나잇 블랙,22.1,39,53.9,1.11,24,2025-01
2025-01,AUR,central,AUR-MA,스틸 그레이,18.6,33,53.9,1.11,20,2025-01
2025-01,AUR,central,AUR-MA,실버,15.1,27,53.9,1.11,16,2025-01
2025-01,AUR,central,AUR-MA,오션 블루,11.6,21,53.9,1.11,13,2025-01
2025-01,AUR,central,AUR-MA,선셋 레드,9.3,16,53.9,1.11,10,2025-01
2025-01,AUR,central,AUR-MA,포레스트 그린,5.8,10,53.9,1.11,6,2025-01
2025-01,AUR,central,AUR-MA,샌드 베이지,5.8,10,53.9,1.11,6,2025-01
2025-01,AUR,south,AUR-AI,스노우 화이트,76.3,151,60.2,1.0,74,2025-01
2025-01,AUR,south,AUR-AI,미드나잇 블랙,60.4,120,60.2,1.0,59,2025-01
2025-01,AUR,south,AUR-AI,스틸 그레이,50.8,101,60.2,1.0,49,2025-01
2025-01,AUR,south,AUR-AI,실버,41.3,82,60.2,1.0,40,2025-01
2025-01,AUR,south,AUR-AI,오션 블루,31.8,63,60.2,1.0,31,2025-01
2025-01,AUR,south,AUR-AI,선셋 레드,25.4,50,60.2,1.0,25,2025-01
2025-01,AUR,south,AUR-AI,포레스트 그린,15.9,31,60.2,1.0,15,2025-01
2025-01,AUR,south,AUR-AI,샌드 베이지,15.9,31,60.2,1.0,15,2025-01
2025-01,AUR,south,AUR-RA,스노우 화이트,88.3,175,60.2,1.0,86,2025-01
2025-01,AUR,south,AUR-RA,미드나잇 블랙,69.9,138,60.2,1.0,68,2025-01
2025-01,AUR,south,AUR-RA,스틸 그레이,58.9,117,60.2,1.0,57,2025-01
2025-01,AUR,south,AUR-RA,실버,47.8,95,60.2,1.0,47,2025-01
2025-01,AUR,south,AUR-RA,오션 블루,36.8,73,60.2,1.0,36,2025-01
2025-01,AUR,south,AUR-RA,선셋 레드,29.4,58,60.2,1.0,29,2025-01
2025-01,AUR,south,AUR-RA,포레스트 그린,18.4,36,60.2,1.0,18,2025-01
2025-01,AUR,south,AUR-RA,샌드 베이지,18.4,36,60.2,1.0,18,2025-01
2025-01,AUR,south,AUR-MA,스노우 화이트,36.1,72,60.2,1.0,35,2025-01
2025-01,AUR,south,AUR-MA,미드나잇 블랙,28.6,57,60.2,1.0,28,2025-01
2025-01,AUR,south,AUR-MA,스틸 그레이,24.1,48,60.2,1.0,23,2025-01
2025-01,AUR,south,AUR-MA,실버,19.6,39,60.2,1.0,19,2025-01
2025-01,AUR,south,AUR-MA,오션 블루,15.1,30,60.2,1.0,15,2025-01
2025-01,AUR,south,AUR-MA,선셋 레드,12.0,24,60.2,1.0,12,2025-01
2025-01,AUR,south,AUR-MA,포레스트 그린,7.5,15,60.2,1.0,7,2025-01
2025-01,AUR,south,AUR-MA,샌드 베이지,7.5,15,60.2,1.0,7,2025-01
2025-01,AUR,northeast,AUR-AI,스노우 화이트,106.1,182,52.1,1.15,119,2025-01
2025-01,AUR,northeast,AUR-AI,미드나잇 블랙,84.0,144,52.1,1.15,94,2025-01
2025-01,AUR,northeast,AUR-AI,스틸 그레이,70.7,121,52.1,1.15,80,2025-01
2025-01,AUR,northeast,AUR-AI,실버,57.5,99,52.1,1.15,65,2025-01
2025-01,AUR,northeast,AUR-AI,오션 블루,44.2,76,52.1,1.15,50,2025-01
2025-01,AUR,northeast,AUR-AI,선셋 레드,35.4,61,52.1,1.15,40,2025-01
2025-01,AUR,northeast,AUR-AI,포레스트 그린,22.1,38,52.1,1.15,25,2025-01
2025-01,AUR,northeast,AUR-AI,샌드 베이지,22.1,38,52.1,1.15,25,2025-01
2025-01,AUR,northeast,AUR-RA,스노우 화이트,122.8,211,52.1,1.15,138,2025-01
2025-01,AUR,northeast,AUR-RA,미드나잇 블랙,97.2,167,52.1,1.15,109,2025-01
2025-01,AUR,northeast,AUR-RA,스틸 그레이,81.9,140,52.1,1.15,92,2025-01
2025-01,AUR,northeast,AUR-RA,실버,66.5,114,52.1,1.15,75,2025-01
2025-01,AUR,northeast,AUR-RA,오션 블루,51.2,88,52.1,1.15,58,2025-01
2025-01,AUR,northeast,AUR-RA,선셋 레드,40.9,70,52.1,1.15,46,2025-01
2025-01,AUR,northeast,AUR-RA,포레스트 그린,25.6,44,52.1,1.15,29,2025-01
2025-01,AUR,northeast,AUR-RA,샌드 베이지,25.6,44,52.1,1.15,29,2025-01
2025-01,AUR,northeast,AUR-MA,스노우 화이트,50.2,86,52.1,1.15,56,2025-01
2025-01,AUR,northeast,AUR-MA,미드나잇 블랙,39.8,68,52.1,1.15,45,2025-01
2025-01,AUR,northeast,AUR-MA,스틸 그레이,33.5,57,52.1,1.15,38,2025-01
2025-01,AUR,northeast,AUR-MA,실버,27.2,47,52.1,1.15,31,2025-01
2025-01,AUR,northeast,AUR-MA,오션 블루,20.9,36,52.1,1.15,24,2025-01
2025-01,AUR,northeast,AUR-MA,선셋 레드,16.7,29,52.1,1.15,19,2025-01
2025-01,AUR,northeast,AUR-MA,포레스트 그린,10.5,18,52.1,1.15,12,2025-01
2025-01,AUR,northeast,AUR-MA,샌드 베이지,10.5,18,52.1,1.15,12,2025-01
2025-01,AUR,southeast,AUR-AI,스노우 화이트,83.2,166,60.8,0.99,80,2025-01
2025-01,AUR,southeast,AUR-AI,미드나잇 블랙,65.9,132,60.8,0.99,63,2025-01
2025-01,AUR,southeast,AUR-AI,스틸 그레이,55.5,111,60.8,0.99,53,2025-01
2025-01,AUR,southeast,AUR-AI,실버,45.1,90,60.8,0.99,43,2025-01
2025-01,AUR,southeast,AUR-AI,오션 블루,34.7,69,60.8,0.99,33,2025-01
2025-01,AUR,southeast,AUR-AI,선셋 레드,27.7,55,60.8,0.99,27,2025-01
2025-01,AUR,southeast,AUR-AI,포레스트 그린,17.3,35,60.8,0.99,17,2025-01
2025-01,AUR,southeast,AUR-AI,샌드 베이지,17.3,35,60.8,0.99,17,2025-01
2025-01,AUR,southeast,AUR-RA,스노우 화이트,96.3,193,60.8,0.99,93,2025-01
2025-01,AUR,southeast,AUR-RA,미드나잇 블랙,76.3,153,60.8,0.99,74,2025-01
2025-01,AUR,southeast,AUR-RA,스틸 그레이,64.2,128,60.8,0.99,62,2025-01
2025-01,AUR,southeast,AUR-RA,실버,52.2,104,60.8,0.99,50,2025-01
2025-01,AUR,southeast,AUR-RA,오션 블루,40.1,80,60.8,0.99,39,2025-01
2025-01,AUR,southeast,AUR-RA,선셋 레드,32.1,64,60.8,0.99,31,2025-01
2025-01,AUR,southeast,AUR-RA,포레스트 그린,20.1,40,60.8,0.99,19,2025-01
2025-01,AUR,southeast,AUR-RA,샌드 베이지,20.1,40,60.8,0.99,19,2025-01
2025-01,AUR,southeast,AUR-MA,스노우 화이트,39.4,79,60.8,0.99,38,2025-01
2025-01,AUR,southeast,AUR-MA,미드나잇 블랙,31.2,62,60.8,0.99,30,2025-01
2025-01,AUR,southeast,AUR-MA,스틸 그레이,26.3,53,60.8,0.99,25,2025-01
2025-01,AUR,southeast,AUR-MA,실버,21.3,43,60.8,0.99,21,2025-01
2025-01,AUR,southeast,AUR-MA,오션 블루,16.4,33,60.8,0.99,16,2025-01
2025-01,AUR,southeast,AUR-MA,선셋 레드,13.1,26,60.8,0.99,13,2025-01
2025-01,AUR,southeast,AUR-MA,포레스트 그린,8.2,16,60.8,0.99,8,2025-01
2025-01,AUR,southeast,AUR-MA,샌드 베이지,8.2,16,60.8,0.99,8,2025-01
2025-01,MRD,west,MRD-CO,스노우 화이트,242.2,506,63.5,0.95,196,2025-02
2025-01,MRD,west,MRD-CO,미드나잇 블랙,191.7,400,63.5,0.95,155,2025-02
2025-01,MRD,west,MRD-CO,스틸 그레이,161.4,337,63.5,0.95,131,2025-02
2025-01,MRD,west,MRD-CO,실버,131.2,274,63.5,0.95,106,2025-02
2025-01,MRD,west,MRD-CO,오션 블루,100.9,211,63.5,0.95,82,2025-02
2025-01,MRD,west,MRD-CO,선셋 레드,80.7,169,63.5,0.95,65,2025-02
2025-01,MRD,west,MRD-CO,포레스트 그린,50.5,105,63.5,0.95,41,2025-02
2025-01,MRD,west,MRD-CO,샌드 베이지,50.5,105,63.5,0.95,41,2025-02
2025-01,MRD,west,MRD-PR,스노우 화이트,280.4,586,63.5,0.95,227,2025-02
2025-01,MRD,west,MRD-PR,미드나잇 블랙,222.0,464,63.5,0.95,180,2025-02
2025-01,MRD,west,MRD-PR,스틸 그레이,186.9,390,63.5,0.95,151,2025-02
2025-01,MRD,west,MRD-PR,실버,151.9,317,63.5,0.95,123,2025-02
2025-01,MRD,west,MRD-PR,오션 블루,116.8,244,63.5,0.95,95,2025-02
2025-01,MRD,west,MRD-PR,선셋 레드,93.5,195,63.5,0.95,76,2025-02
2025-01,MRD,west,MRD-PR,포레스트 그린,58.4,122,63.5,0.95,47,2025-02
2025-01,MRD,west,MRD-PR,샌드 베이지,58.4,122,63.5,0.95,47,2025-02
2025-01,MRD,west,MRD-SP,스노우 화이트,114.7,240,63.5,0.95,93,2025-02
2025-01,MRD,west,MRD-SP,미드나잇 블랙,90.8,190,63.5,0.95,74,2025-02
2025-01,MRD,west,MRD-SP,스틸 그레이,76.5,160,63.5,0.95,62,2025-02
2025-01,MRD,west,MRD-SP,실버,62.1,130,63.5,0.95,50,2025-02
2025-01,MRD,west,MRD-SP,오션 블루,47.8,100,63.5,0.95,39,2025-02
2025-01,MRD,west,MRD-SP,선셋 레드,38.2,80,63.5,0.95,31,2025-02
2025-01,MRD,west,MRD-SP,포레스트 그린,23.9,50,63.5,0.95,19,2025-02
2025-01,MRD,west,MRD-SP,샌드 베이지,23.9,50,63.5,0.95,19,2025-02
2025-01,MRD,central,MRD-CO,스노우 화이트,158.3,285,54.7,1.1,149,2025-02
2025-01,MRD,central,MRD-CO,미드나잇 블랙,125.4,225,54.7,1.1,118,2025-02
2025-01,MRD,central,MRD-CO,스틸 그레이,105.6,190,54.7,1.1,99,2025-02
2025-01,MRD,central,MRD-CO,실버,85.8,154,54.7,1.1,81,2025-02
2025-01,MRD,central,MRD-CO,오션 블루,66.0,119,54.7,1.1,62,2025-02
2025-01,MRD,central,MRD-CO,선셋 레드,52.8,95,54.7,1.1,50,2025-02
2025-01,MRD,central,MRD-CO,포레스트 그린,33.0,59,54.7,1.1,31,2025-02
2025-01,MRD,central,MRD-CO,샌드 베이지,33.0,59,54.7,1.1,31,2025-02
2025-01,MRD,central,MRD-PR,스노우 화이트,183.3,330,54.7,1.1,172,2025-02
2025-01,MRD,central,MRD-PR,미드나잇 블랙,145.1,261,54.7,1.1,136,2025-02
2025-01,MRD,central,MRD-PR,스틸 그레이,122.2,220,54.7,1.1,115,2025-02
2025-01,MRD,central,MRD-PR,실버,99.3,179,54.7,1.1,93,2025-02
2025-01,MRD,central,MRD-PR,오션 블루,76.4,137,54.7,1.1,72,2025-02
2025-01,MRD,central,MRD-PR,선셋 레드,61.1,110,54.7,1.1,57,2025-02
2025-01,MRD,central,MRD-PR,포레스트 그린,38.2,69,54.7,1.1,36,2025-02
2025-01,MRD,central,MRD-PR,샌드 베이지,38.2,69,54.7,1.1,36,2025-02
2025-01,MRD,central,MRD-SP,스노우 화이트,75.0,135,54.7,1.1,71,2025-02
2025-01,MRD,central,MRD-SP,미드나잇 블랙,59.4,107,54.7,1.1,56,2025-02
2025-01,MRD,central,MRD-SP,스틸 그레이,50.0,90,54.7,1.1,47,2025-02
2025-01,MRD,central,MRD-SP,실버,40.6,73,54.7,1.1,38,2025-02
2025-01,MRD,central,MRD-SP,오션 블루,31.3,56,54.7,1.1,29,2025-02
2025-01,MRD,central,MRD-SP,선셋 레드,25.0,45,54.7,1.1,24,2025-02
2025-01,MRD,central,MRD-SP,포레스트 그린,15.6,28,54.7,1.1,15,2025-02
2025-01,MRD,central,MRD-SP,샌드 베이지,15.6,28,54.7,1.1,15,2025-02
2025-01,MRD,south,MRD-CO,스노우 화이트,204.9,412,61.1,0.98,172,2025-02
2025-01,MRD,south,MRD-CO,미드나잇 블랙,162.2,326,61.1,0.98,136,2025-02
2025-01,MRD,south,MRD-CO,스틸 그레이,136.6,275,61.1,0.98,115,2025-02
2025-01,MRD,south,MRD-CO,실버,111.0,223,61.1,0.98,93,2025-02
2025-01,MRD,south,MRD-CO,오션 블루,85.4,172,61.1,0.98,72,2025-02
2025-01,MRD,south,MRD-CO,선셋 레드,68.3,137,61.1,0.98,57,2025-02
2025-01,MRD,south,MRD-CO,포레스트 그린,42.7,86,61.1,0.98,36,2025-02
2025-01,MRD,south,MRD-CO,샌드 베이지,42.7,86,61.1,0.98,36,2025-02
2025-01,MRD,south,MRD-PR,스노우 화이트,237.3,477,61.1,0.98,200,2025-02
2025-01,MRD,south,MRD-PR,미드나잇 블랙,187.8,378,61.1,0.98,158,2025-02
2025-01,MRD,south,MRD-PR,스틸 그레이,158.2,318,61.1,0.98,133,2025-02
2025-01,MRD,south,MRD-PR,실버,128.5,258,61.1,0.98,108,2025-02
2025-01,MRD,south,MRD-PR,오션 블루,98.9,199,61.1,0.98,83,2025-02
2025-01,MRD,south,MRD-PR,선셋 레드,79.1,159,61.1,0.98,67,2025-02
2025-01,MRD,south,MRD-PR,포레스트 그린,49.4,99,61.1,0.98,42,2025-02
2025-01,MRD,south,MRD-PR,샌드 베이지,49.4,99,61.1,0.98,42,2025-02
2025-01,MRD,south,MRD-SP,스노우 화이트,97.1,195,61.1,0.98,82,2025-02
2025-01,MRD,south,MRD-SP,미드나잇 블랙,76.8,155,61.1,0.98,65,2025-02
2025-01,MRD,south,MRD-SP,스틸 그레이,64.7,130,61.1,0.98,54,2025-02
2025-01,MRD,south,MRD-SP,실버,52.6,106,61.1,0.98,44,2025-02
2025-01,MRD,south,MRD-SP,오션 블루,40.4,81,61.1,0.98,34,2025-02
2025-01,MRD,south,MRD-SP,선셋 레드,32.4,65,61.1,0.98,27,2025-02
2025-01,MRD,south,MRD-SP,포레스트 그린,20.2,41,61.1,0.98,17,2025-02
2025-01,MRD,south,MRD-SP,샌드 베이지,20.2,41,61.1,0.98,17,2025-02
2025-01,MRD,northeast,MRD-CO,스노우 화이트,158.3,276,52.9,1.13,154,2025-02
2025-01,MRD,northeast,MRD-CO,미드나잇 블랙,125.4,218,52.9,1.13,122,2025-02
2025-01,MRD,northeast,MRD-CO,스틸 그레이,105.6,184,52.9,1.13,103,2025-02
2025-01,MRD,northeast,MRD-CO,실버,85.8,149,52.9,1.13,83,2025-02
2025-01,MRD,northeast,MRD-CO,오션 블루,66.0,115,52.9,1.13,64,2025-02
2025-01,MRD,northeast,MRD-CO,선셋 레드,52.8,92,52.9,1.13,51,2025-02
2025-01,MRD,northeast,MRD-CO,포레스트 그린,33.0,57,52.9,1.13,32,2025-02
2025-01,MRD,northeast,MRD-CO,샌드 베이지,33.0,57,52.9,1.13,32,2025-02
2025-01,MRD,northeast,MRD-PR,스노우 화이트,183.3,319,52.9,1.13,178,2025-02
2025-01,MRD,northeast,MRD-PR,미드나잇 블랙,145.1,253,52.9,1.13,141,2025-02
2025-01,MRD,northeast,MRD-PR,스틸 그레이,122.2,213,52.9,1.13,119,2025-02
2025-01,MRD,northeast,MRD-PR,실버,99.3,173,52.9,1.13,96,2025-02
2025-01,MRD,northeast,MRD-PR,오션 블루,76.4,133,52.9,1.13,74,2025-02
2025-01,MRD,northeast,MRD-PR,선셋 레드,61.1,106,52.9,1.13,59,2025-02
2025-01,MRD,northeast,MRD-PR,포레스트 그린,38.2,66,52.9,1.13,37,2025-02
2025-01,MRD,northeast,MRD-PR,샌드 베이지,38.2,66,52.9,1.13,37,2025-02
2025-01,MRD,northeast,MRD-SP,스노우 화이트,75.0,131,52.9,1.13,73,2025-02
2025-01,MRD,northeast,MRD-SP,미드나잇 블랙,59.4,103,52.9,1.13,58,2025-02
2025-01,MRD,northeast,MRD-SP,스틸 그레이,50.0,87,52.9,1.13,49,2025-02
2025-01,MRD,northeast,MRD-SP,실버,40.6,71,52.9,1.13,39,2025-02
2025-01,MRD,northeast,MRD-SP,오션 블루,31.3,54,52.9,1.13,30,2025-02
2025-01,MRD,northeast,MRD-SP,선셋 레드,25.0,44,52.9,1.13,24,2025-02
2025-01,MRD,northeast,MRD-SP,포레스트 그린,15.6,27,52.9,1.13,15,2025-02
2025-01,MRD,northeast,MRD-SP,샌드 베이지,15.6,27,52.9,1.13,15,2025-02
2025-01,MRD,southeast,MRD-CO,스노우 화이트,167.7,340,61.7,0.97,140,2025-02
2025-01,MRD,southeast,MRD-CO,미드나잇 블랙,132.7,270,61.7,0.97,111,2025-02
2025-01,MRD,southeast,MRD-CO,스틸 그레이,111.8,227,61.7,0.97,93,2025-02
2025-01,MRD,southeast,MRD-CO,실버,90.8,184,61.7,0.97,76,2025-02
2025-01,MRD,southeast,MRD-CO,오션 블루,69.9,142,61.7,0.97,58,2025-02
2025-01,MRD,southeast,MRD-CO,선셋 레드,55.9,113,61.7,0.97,47,2025-02
2025-01,MRD,southeast,MRD-CO,포레스트 그린,34.9,71,61.7,0.97,29,2025-02
2025-01,MRD,southeast,MRD-CO,샌드 베이지,34.9,71,61.7,0.97,29,2025-02
2025-01,MRD,southeast,MRD-PR,스노우 화이트,194.1,394,61.7,0.97,162,2025-02
2025-01,MRD,southeast,MRD-PR,미드나잇 블랙,153.7,312,61.7,0.97,128,2025-02
2025-01,MRD,southeast,MRD-PR,스틸 그레이,129.4,263,61.7,0.97,108,2025-02
2025-01,MRD,southeast,MRD-PR,실버,105.2,214,61.7,0.97,88,2025-02
2025-01,MRD,southeast,MRD-PR,오션 블루,80.9,164,61.7,0.97,67,2025-02
2025-01,MRD,southeast,MRD-PR,선셋 레드,64.7,131,61.7,0.97,54,2025-02
2025-01,MRD,southeast,MRD-PR,포레스트 그린,40.4,82,61.7,0.97,34,2025-02
2025-01,MRD,southeast,MRD-PR,샌드 베이지,40.4,82,61.7,0.97,34,2025-02
2025-01,MRD,southeast,MRD-SP,스노우 화이트,79.4,161,61.7,0.97,66,2025-02
2025-01,MRD,southeast,MRD-SP,미드나잇 블랙,62.9,128,61.7,0.97,52,2025-02
2025-01,MRD,southeast,MRD-SP,스틸 그레이,52.9,108,61.7,0.97,44,2025-02
2025-01,MRD,southeast,MRD-SP,실버,43.0,87,61.7,0.97,36,2025-02
2025-01,MRD,southeast,MRD-SP,오션 블루,33.1,67,61.7,0.97,28,2025-02
2025-01,MRD,southeast,MRD-SP,선셋 레드,26.5,54,61.7,0.97,22,2025-02
2025-01,MRD,southeast,MRD-SP,포레스트 그린,16.5,34,61.7,0.97,14,2025-02
2025-01,MRD,southeast,MRD-SP,샌드 베이지,16.5,34,61.7,0.97,14,2025-02
2025-01,NOV,west,NOV-CO,스노우 화이트,192.3,403,63.7,0.94,192,2025-03
2025-01,NOV,west,NOV-CO,미드나잇 블랙,152.2,319,63.7,0.94,152,2025-03
2025-01,NOV,west,NOV-CO,스틸 그레이,128.2,269,63.7,0.94,128,2025-03
2025-01,NOV,west,NOV-CO,실버,104.2,218,63.7,0.94,104,2025-03
2025-01,NOV,west,NOV-CO,오션 블루,80.1,168,63.7,0.94,80,2025-03
2025-01,NOV,west,NOV-CO,선셋 레드,64.1,134,63.7,0.94,64,2025-03
2025-01,NOV,west,NOV-CO,포레스트 그린,40.1,84,63.7,0.94,40,2025-03
2025-01,NOV,west,NOV-CO,샌드 베이지,40.1,84,63.7,0.94,40,2025-03
2025-01,NOV,west,NOV-PR,스노우 화이트,222.7,467,63.7,0.94,222,2025-03
2025-01,NOV,west,NOV-PR,미드나잇 블랙,176.3,370,63.7,0.94,176,2025-03
2025-01,NOV,west,NOV-PR,스틸 그레이,148.4,311,63.7,0.94,148,2025-03
2025-01,NOV,west,NOV-PR,실버,120.6,253,63.7,0.94,120,2025-03
2025-01,NOV,west,NOV-PR,오션 블루,92.8,195,63.7,0.94,93,2025-03
2025-01,NOV,west,NOV-PR,선셋 레드,74.2,156,63.7,0.94,74,2025-03
2025-01,NOV,west,NOV-PR,포레스트 그린,46.4,97,63.7,0.94,46,2025-03
2025-01,NOV,west,NOV-PR,샌드 베이지,46.4,97,63.7,0.94,46,2025-03
2025-01,NOV,west,NOV-LO,스노우 화이트,91.1,191,63.7,0.94,91,2025-03
2025-01,NOV,west,NOV-LO,미드나잇 블랙,72.1,151,63.7,0.94,72,2025-03
2025-01,NOV,west,NOV-LO,스틸 그레이,60.7,127,63.7,0.94,61,2025-03
2025-01,NOV,west,NOV-LO,실버,49.3,103,63.7,0.94,49,2025-03
2025-01,NOV,west,NOV-LO,오션 블루,38.0,80,63.7,0.94,38,2025-03
2025-01,NOV,west,NOV-LO,선셋 레드,30.4,64,63.7,0.94,30,2025-03
2025-01,NOV,west,NOV-LO,포레스트 그린,19.0,40,63.7,0.94,19,2025-03
2025-01,NOV,west,NOV-LO,샌드 베이지,19.0,40,63.7,0.94,19,2025-03
2025-01,NOV,central,NOV-CO,스노우 화이트,125.7,227,54.9,1.09,146,2025-03
2025-01,NOV,central,NOV-CO,미드나잇 블랙,99.5,180,54.9,1.09,115,2025-03
2025-01,NOV,central,NOV-CO,스틸 그레이,83.8,151,54.9,1.09,97,2025-03
2025-01,NOV,central,NOV-CO,실버,68.1,123,54.9,1.09,79,2025-03
2025-01,NOV,central,NOV-CO,오션 블루,52.4,95,54.9,1.09,61,2025-03
2025-01,NOV,central,NOV-CO,선셋 레드,41.9,76,54.9,1.09,49,2025-03
2025-01,NOV,central,NOV-CO,포레스트 그린,26.2,47,54.9,1.09,30,2025-03
2025-01,NOV,central,NOV-CO,샌드 베이지,26.2,47,54.9,1.09,30,2025-03
2025-01,NOV,central,NOV-PR,스노우 화이트,145.6,263,54.9,1.09,169,2025-03
2025-01,NOV,central,NOV-PR,미드나잇 블랙,115.3,208,54.9,1.09,134,2025-03
2025-01,NOV,central,NOV-PR,스틸 그레이,97.1,175,54.9,1.09,113,2025-03
2025-01,NOV,central,NOV-PR,실버,78.9,142,54.9,1.09,91,2025-03
2025-01,NOV,central,NOV-PR,오션 블루,60.7,110,54.9,1.09,70,2025-03
2025-01,NOV,central,NOV-PR,선셋 레드,48.5,88,54.9,1.09,56,2025-03
2025-01,NOV,central,NOV-PR,포레스트 그린,30.3,55,54.9,1.09,35,2025-03
2025-01,NOV,central,NOV-PR,샌드 베이지,30.3,55,54.9,1.09,35,2025-03
2025-01,NOV,central,NOV-LO,스노우 화이트,59.6,108,54.9,1.09,69,2025-03
2025-01,NOV,central,NOV-LO,미드나잇 블랙,47.2,85,54.9,1.09,55,2025-03
2025-01,NOV,central,NOV-LO,스틸 그레이,39.7,72,54.9,1.09,46,2025-03
2025-01,NOV,central,NOV-LO,실버,32.3,58,54.9,1.09,37,2025-03
2025-01,NOV,central,NOV-LO,오션 블루,24.8,45,54.9,1.09,29,2025-03
2025-01,NOV,central,NOV-LO,선셋 레드,19.9,36,54.9,1.09,23,2025-03
2025-01,NOV,central,NOV-LO,포레스트 그린,12.4,22,54.9,1.09,14,2025-03
2025-01,NOV,central,NOV-LO,샌드 베이지,12.4,22,54.9,1.09,14,2025-03
2025-01,NOV,south,NOV-CO,스노우 화이트,162.7,329,61.4,0.98,169,2025-03
2025-01,NOV,south,NOV-CO,미드나잇 블랙,128.8,260,61.4,0.98,134,2025-03
2025-01,NOV,south,NOV-CO,스틸 그레이,108.5,219,61.4,0.98,112,2025-03
2025-01,NOV,south,NOV-CO,실버,88.1,178,61.4,0.98,91,2025-03
2025-01,NOV,south,NOV-CO,오션 블루,67.8,137,61.4,0.98,70,2025-03
2025-01,NOV,south,NOV-CO,선셋 레드,54.2,110,61.4,0.98,56,2025-03
2025-01,NOV,south,NOV-CO,포레스트 그린,33.9,68,61.4,0.98,35,2025-03
2025-01,NOV,south,NOV-CO,샌드 베이지,33.9,68,61.4,0.98,35,2025-03
2025-01,NOV,south,NOV-PR,스노우 화이트,188.4,380,61.4,0.98,195,2025-03
2025-01,NOV,south,NOV-PR,미드나잇 블랙,149.2,301,61.4,0.98,155,2025-03
2025-01,NOV,south,NOV-PR,스틸 그레이,125.6,254,61.4,0.98,130,2025-03
2025-01,NOV,south,NOV-PR,실버,102.1,206,61.4,0.98,106,2025-03
2025-01,NOV,south,NOV-PR,오션 블루,78.5,158,61.4,0.98,81,2025-03
2025-01,NOV,south,NOV-PR,선셋 레드,62.8,127,61.4,0.98,65,2025-03
2025-01,NOV,south,NOV-PR,포레스트 그린,39.3,79,61.4,0.98,41,2025-03
2025-01,NOV,south,NOV-PR,샌드 베이지,39.3,79,61.4,0.98,41,2025-03
2025-01,NOV,south,NOV-LO,스노우 화이트,77.1,156,61.4,0.98,80,2025-03
2025-01,NOV,south,NOV-LO,미드나잇 블랙,61.0,123,61.4,0.98,63,2025-03
2025-01,NOV,south,NOV-LO,스틸 그레이,51.4,104,61.4,0.98,53,2025-03
2025-01,NOV,south,NOV-LO,실버,41.8,84,61.4,0.98,43,2025-03
2025-01,NOV,south,NOV-LO,오션 블루,32.1,65,61.4,0.98,33,2025-03
2025-01,NOV,south,NOV-LO,선셋 레드,25.7,52,61.4,0.98,27,2025-03
2025-01,NOV,south,NOV-LO,포레스트 그린,16.1,32,61.4,0.98,17,2025-03
2025-01,NOV,south,NOV-LO,샌드 베이지,16.1,32,61.4,0.98,17,2025-03
2025-01,NOV,northeast,NOV-CO,스노우 화이트,125.7,220,53.1,1.13,151,2025-03
2025-01,NOV,northeast,NOV-CO,미드나잇 블랙,99.5,174,53.1,1.13,119,2025-03
2025-01,NOV,northeast,NOV-CO,스틸 그레이,83.8,146,53.1,1.13,100,2025-03
2025-01,NOV,northeast,NOV-CO,실버,68.1,119,53.1,1.13,82,2025-03
2025-01,NOV,northeast,NOV-CO,오션 블루,52.4,92,53.1,1.13,63,2025-03
2025-01,NOV,northeast,NOV-CO,선셋 레드,41.9,73,53.1,1.13,50,2025-03
2025-01,NOV,northeast,NOV-CO,포레스트 그린,26.2,46,53.1,1.13,31,2025-03
2025-01,NOV,northeast,NOV-CO,샌드 베이지,26.2,46,53.1,1.13,31,2025-03
2025-01,NOV,northeast,NOV-PR,스노우 화이트,145.6,254,53.1,1.13,174,2025-03
2025-01,NOV,northeast,NOV-PR,미드나잇 블랙,115.3,201,53.1,1.13,138,2025-03
2025-01,NOV,northeast,NOV-PR,스틸 그레이,97.1,170,53.1,1.13,116,2025-03
2025-01,NOV,northeast,NOV-PR,실버,78.9,138,53.1,1.13,94,2025-03
2025-01,NOV,northeast,NOV-PR,오션 블루,60.7,106,53.1,1.13,73,2025-03
2025-01,NOV,northeast,NOV-PR,선셋 레드,48.5,85,53.1,1.13,58,2025-03
2025-01,NOV,northeast,NOV-PR,포레스트 그린,30.3,53,53.1,1.13,36,2025-03
2025-01,NOV,northeast,NOV-PR,샌드 베이지,30.3,53,53.1,1.13,36,2025-03
2025-01,NOV,northeast,NOV-LO,스노우 화이트,59.6,104,53.1,1.13,71,2025-03
2025-01,NOV,northeast,NOV-LO,미드나잇 블랙,47.2,82,53.1,1.13,56,2025-03
2025-01,NOV,northeast,NOV-LO,스틸 그레이,39.7,69,53.1,1.13,48,2025-03
2025-01,NOV,northeast,NOV-LO,실버,32.3,56,53.1,1.13,39,2025-03
2025-01,NOV,northeast,NOV-LO,오션 블루,24.8,43,53.1,1.13,30,2025-03
2025-01,NOV,northeast,NOV-LO,선셋 레드,19.9,35,53.1,1.13,24,2025-03
2025-01,NOV,northeast,NOV-LO,포레스트 그린,12.4,22,53.1,1.13,15,2025-03
2025-01,NOV,northeast,NOV-LO,샌드 베이지,12.4,22,53.1,1.13,15,2025-03
2025-01,NOV,southeast,NOV-CO,스노우 화이트,133.1,271,62.0,0.97,137,2025-03
2025-01,NOV,southeast,NOV-CO,미드나잇 블랙,105.4,215,62.0,0.97,108,2025-03
2025-01,NOV,southeast,NOV-CO,스틸 그레이,88.8,181,62.0,0.97,91,2025-03
2025-01,NOV,southeast,NOV-CO,실버,72.1,147,62.0,0.97,74,2025-03
2025-01,NOV,southeast,NOV-CO,오션 블루,55.5,113,62.0,0.97,57,2025-03
2025-01,NOV,southeast,NOV-CO,선셋 레드,44.4,90,62.0,0.97,46,2025-03
2025-01,NOV,southeast,NOV-CO,포레스트 그린,27.7,57,62.0,0.97,28,2025-03
2025-01,NOV,southeast,NOV-CO,샌드 베이지,27.7,57,62.0,0.97,28,2025-03
2025-01,NOV,southeast,NOV-PR,스노우 화이트,154.2,314,62.0,0.97,158,2025-03
2025-01,NOV,southeast,NOV-PR,미드나잇 블랙,122.0,249,62.0,0.97,125,2025-03
2025-01,NOV,southeast,NOV-PR,스틸 그레이,102.8,209,62.0,0.97,106,2025-03
2025-01,NOV,southeast,NOV-PR,실버,83.5,170,62.0,0.97,86,2025-03
2025-01,NOV,southeast,NOV-PR,오션 블루,64.2,131,62.0,0.97,66,2025-03
2025-01,NOV,southeast,NOV-PR,선셋 레드,51.4,105,62.0,0.97,53,2025-03
2025-01,NOV,southeast,NOV-PR,포레스트 그린,32.1,65,62.0,0.97,33,2025-03
2025-01,NOV,southeast,NOV-PR,샌드 베이지,32.1,65,62.0,0.97,33,2025-03
2025-01,NOV,southeast,NOV-LO,스노우 화이트,63.1,129,62.0,0.97,65,2025-03
2025-01,NOV,southeast,NOV-LO,미드나잇 블랙,49.9,102,62.0,0.97,51,2025-03
2025-01,NOV,southeast,NOV-LO,스틸 그레이,42.0,86,62.0,0.97,43,2025-03
2025-01,NOV,southeast,NOV-LO,실버,34.2,70,62.0,0.97,35,2025-03
2025-01,NOV,southeast,NOV-LO,오션 블루,26.3,54,62.0,0.97,27,2025-03
2025-01,NOV,southeast,NOV-LO,선셋 레드,21.0,43,62.0,0.97,22,2025-03
2025-01,NOV,southeast,NOV-LO,포레스트 그린,13.1,27,62.0,0.97,13,2025-03
2025-01,NOV,southeast,NOV-LO,샌드 베이지,13.1,27,62.0,0.97,13,2025-03
2025-01,LUM,west,LUM-AI,스노우 화이트,258.6,539,63.4,0.95,258,2025-03
2025-01,LUM,west,LUM-AI,미드나잇 블랙,204.7,427,63.4,0.95,204,2025-03
2025-01,LUM,west,LUM-AI,스틸 그레이,172.4,359,63.4,0.95,172,2025-03
2025-01,LUM,west,LUM-AI,실버,140.1,292,63.4,0.95,140,2025-03
2025-01,LUM,west,LUM-AI,오션 블루,107.8,225,63.4,0.95,107,2025-03
2025-01,LUM,west,LUM-AI,선셋 레드,86.2,180,63.4,0.95,86,2025-03
2025-01,LUM,west,LUM-AI,포레스트 그린,53.9,112,63.4,0.95,54,2025-03
2025-01,LUM,west,LUM-AI,샌드 베이지,53.9,112,63.4,0.95,54,2025-03
2025-01,LUM,west,LUM-RA,스노우 화이트,299.4,624,63.4,0.95,298,2025-03
2025-01,LUM,west,LUM-RA,미드나잇 블랙,237.1,494,63.4,0.95,236,2025-03
2025-01,LUM,west,LUM-RA,스틸 그레이,199.6,416,63.4,0.95,199,2025-03
2025-01,LUM,west,LUM-RA,실버,162.2,338,63.4,0.95,162,2025-03
2025-01,LUM,west,LUM-RA,오션 블루,124.8,260,63.4,0.95,124,2025-03
2025-01,LUM,west,LUM-RA,선셋 레드,99.8,208,63.4,0.95,99,2025-03
2025-01,LUM,west,LUM-RA,포레스트 그린,62.4,130,63.4,0.95,62,2025-03
2025-01,LUM,west,LUM-RA,샌드 베이지,62.4,130,63.4,0.95,62,2025-03
2025-01,LUM,west,LUM-SP,스노우 화이트,122.5,255,63.4,0.95,122,2025-03
2025-01,LUM,west,LUM-SP,미드나잇 블랙,97.0,202,63.4,0.95,97,2025-03
2025-01,LUM,west,LUM-SP,스틸 그레이,81.7,170,63.4,0.95,81,2025-03
2025-01,LUM,west,LUM-SP,실버,66.4,138,63.4,0.95,66,2025-03
2025-01,LUM,west,LUM-SP,오션 블루,51.0,106,63.4,0.95,51,2025-03
2025-01,LUM,west,LUM-SP,선셋 레드,40.8,85,63.4,0.95,41,2025-03
2025-01,LUM,west,LUM-SP,포레스트 그린,25.5,53,63.4,0.95,25,2025-03
2025-01,LUM,west,LUM-SP,샌드 베이지,25.5,53,63.4,0.95,25,2025-03
2025-01,LUM,central,LUM-AI,스노우 화이트,93.9,169,54.6,1.1,109,2025-03
2025-01,LUM,central,LUM-AI,미드나잇 블랙,74.4,134,54.6,1.1,86,2025-03
2025-01,LUM,central,LUM-AI,스틸 그레이,62.6,112,54.6,1.1,72,2025-03
2025-01,LUM,central,LUM-AI,실버,50.9,91,54.6,1.1,59,2025-03
2025-01,LUM,central,LUM-AI,오션 블루,39.1,70,54.6,1.1,45,2025-03
2025-01,LUM,central,LUM-AI,선셋 레드,31.3,56,54.6,1.1,36,2025-03
2025-01,LUM,central,LUM-AI,포레스트 그린,19.6,35,54.6,1.1,23,2025-03
2025-01,LUM,central,LUM-AI,샌드 베이지,19.6,35,54.6,1.1,23,2025-03
2025-01,LUM,central,LUM-RA,스노우 화이트,108.8,195,54.6,1.1,126,2025-03
2025-01,LUM,central,LUM-RA,미드나잇 블랙,86.1,155,54.6,1.1,100,2025-03
2025-01,LUM,central,LUM-RA,스틸 그레이,72.5,130,54.6,1.1,84,2025-03
2025-01,LUM,central,LUM-RA,실버,58.9,106,54.6,1.1,68,2025-03
2025-01,LUM,central,LUM-RA,오션 블루,45.3,81,54.6,1.1,52,2025-03
2025-01,LUM,central,LUM-RA,선셋 레드,36.3,65,54.6,1.1,42,2025-03
2025-01,LUM,central,LUM-RA,포레스트 그린,22.7,41,54.6,1.1,26,2025-03
2025-01,LUM,central,LUM-RA,샌드 베이지,22.7,41,54.6,1.1,26,2025-03
2025-01,LUM,central,LUM-SP,스노우 화이트,44.5,80,54.6,1.1,51,2025-03
2025-01,LUM,central,LUM-SP,미드나잇 블랙,35.2,63,54.6,1.1,41,2025-03
2025-01,LUM,central,LUM-SP,스틸 그레이,29.7,53,54.6,1.1,34,2025-03
2025-01,LUM,central,LUM-SP,실버,24.1,43,54.6,1.1,28,2025-03
2025-01,LUM,central,LUM-SP,오션 블루,18.5,33,54.6,1.1,21,2025-03
2025-01,LUM,central,LUM-SP,선셋 레드,14.8,27,54.6,1.1,17,2025-03
2025-01,LUM,central,LUM-SP,포레스트 그린,9.3,17,54.6,1.1,11,2025-03
2025-01,LUM,central,LUM-SP,샌드 베이지,9.3,17,54.6,1.1,11,2025-03
2025-01,LUM,south,LUM-AI,스노우 화이트,121.6,244,61.0,0.98,126,2025-03
2025-01,LUM,south,LUM-AI,미드나잇 블랙,96.2,193,61.0,0.98,100,2025-03
2025-01,LUM,south,LUM-AI,스틸 그레이,81.0,163,61.0,0.98,84,2025-03
2025-01,LUM,south,LUM-AI,실버,65.8,132,61.0,0.98,68,2025-03
2025-01,LUM,south,LUM-AI,오션 블루,50.7,102,61.0,0.98,52,2025-03
2025-01,LUM,south,LUM-AI,선셋 레드,40.5,81,61.0,0.98,42,2025-03
2025-01,LUM,south,LUM-AI,포레스트 그린,25.3,51,61.0,0.98,26,2025-03
2025-01,LUM,south,LUM-AI,샌드 베이지,25.3,51,61.0,0.98,26,2025-03
2025-01,LUM,south,LUM-RA,스노우 화이트,140.8,283,61.0,0.98,146,2025-03
2025-01,LUM,south,LUM-RA,미드나잇 블랙,111.4,224,61.0,0.98,115,2025-03
2025-01,LUM,south,LUM-RA,스틸 그레이,93.8,188,61.0,0.98,97,2025-03
2025-01,LUM,south,LUM-RA,실버,76.2,153,61.0,0.98,79,2025-03
2025-01,LUM,south,LUM-RA,오션 블루,58.7,118,61.0,0.98,61,2025-03
2025-01,LUM,south,LUM-RA,선셋 레드,46.9,94,61.0,0.98,49,2025-03
2025-01,LUM,south,LUM-RA,포레스트 그린,29.3,59,61.0,0.98,30,2025-03
2025-01,LUM,south,LUM-RA,샌드 베이지,29.3,59,61.0,0.98,30,2025-03
2025-01,LUM,south,LUM-SP,스노우 화이트,57.6,116,61.0,0.98,60,2025-03
2025-01,LUM,south,LUM-SP,미드나잇 블랙,45.6,92,61.0,0.98,47,2025-03
2025-01,LUM,south,LUM-SP,스틸 그레이,38.4,77,61.0,0.98,40,2025-03
2025-01,LUM,south,LUM-SP,실버,31.2,63,61.0,0.98,32,2025-03
2025-01,LUM,south,LUM-SP,오션 블루,24.0,48,61.0,0.98,25,2025-03
2025-01,LUM,south,LUM-SP,선셋 레드,19.2,39,61.0,0.98,20,2025-03
2025-01,LUM,south,LUM-SP,포레스트 그린,12.0,24,61.0,0.98,12,2025-03
2025-01,LUM,south,LUM-SP,샌드 베이지,12.0,24,61.0,0.98,12,2025-03
2025-01,LUM,northeast,LUM-AI,스노우 화이트,169.1,294,52.8,1.14,202,2025-03
2025-01,LUM,northeast,LUM-AI,미드나잇 블랙,133.9,233,52.8,1.14,160,2025-03
2025-01,LUM,northeast,LUM-AI,스틸 그레이,112.7,196,52.8,1.14,135,2025-03
2025-01,LUM,northeast,LUM-AI,실버,91.6,159,52.8,1.14,109,2025-03
2025-01,LUM,northeast,LUM-AI,오션 블루,70.5,122,52.8,1.14,84,2025-03
2025-01,LUM,northeast,LUM-AI,선셋 레드,56.4,98,52.8,1.14,67,2025-03
2025-01,LUM,northeast,LUM-AI,포레스트 그린,35.2,61,52.8,1.14,42,2025-03
2025-01,LUM,northeast,LUM-AI,샌드 베이지,35.2,61,52.8,1.14,42,2025-03
2025-01,LUM,northeast,LUM-RA,스노우 화이트,195.8,340,52.8,1.14,234,2025-03
2025-01,LUM,northeast,LUM-RA,미드나잇 블랙,155.0,269,52.8,1.14,185,2025-03
2025-01,LUM,northeast,LUM-RA,스틸 그레이,130.5,227,52.8,1.14,156,2025-03
2025-01,LUM,northeast,LUM-RA,실버,106.1,184,52.8,1.14,127,2025-03
2025-01,LUM,northeast,LUM-RA,오션 블루,81.6,142,52.8,1.14,98,2025-03
2025-01,LUM,northeast,LUM-RA,선셋 레드,65.3,113,52.8,1.14,78,2025-03
2025-01,LUM,northeast,LUM-RA,포레스트 그린,40.8,71,52.8,1.14,49,2025-03
2025-01,LUM,northeast,LUM-RA,샌드 베이지,40.8,71,52.8,1.14,49,2025-03
2025-01,LUM,northeast,LUM-SP,스노우 화이트,80.1,139,52.8,1.14,96,2025-03
2025-01,LUM,northeast,LUM-SP,미드나잇 블랙,63.4,110,52.8,1.14,76,2025-03
2025-01,LUM,northeast,LUM-SP,스틸 그레이,53.4,93,52.8,1.14,64,2025-03
2025-01,LUM,northeast,LUM-SP,실버,43.4,75,52.8,1.14,52,2025-03
2025-01,LUM,northeast,LUM-SP,오션 블루,33.4,58,52.8,1.14,40,2025-03
2025-01,LUM,northeast,LUM-SP,선셋 레드,26.7,46,52.8,1.14,32,2025-03
2025-01,LUM,northeast,LUM-SP,포레스트 그린,16.7,29,52.8,1.14,20,2025-03
2025-01,LUM,northeast,LUM-SP,샌드 베이지,16.7,29,52.8,1.14,20,2025-03
2025-01,LUM,southeast,LUM-AI,스노우 화이트,132.6,269,61.6,0.97,136,2025-03
2025-01,LUM,southeast,LUM-AI,미드나잇 블랙,105.0,213,61.6,0.97,108,2025-03
2025-01,LUM,southeast,LUM-AI,스틸 그레이,88.4,179,61.6,0.97,91,2025-03
2025-01,LUM,southeast,LUM-AI,실버,71.8,146,61.6,0.97,74,2025-03
2025-01,LUM,southeast,LUM-AI,오션 블루,55.3,112,61.6,0.97,57,2025-03
2025-01,LUM,southeast,LUM-AI,선셋 레드,44.2,90,61.6,0.97,45,2025-03
2025-01,LUM,southeast,LUM-AI,포레스트 그린,27.6,56,61.6,0.97,28,2025-03
2025-01,LUM,southeast,LUM-AI,샌드 베이지,27.6,56,61.6,0.97,28,2025-03
2025-01,LUM,southeast,LUM-RA,스노우 화이트,153.6,311,61.6,0.97,157,2025-03
2025-01,LUM,southeast,LUM-RA,미드나잇 블랙,121.6,246,61.6,0.97,125,2025-03
2025-01,LUM,southeast,LUM-RA,스틸 그레이,102.4,207,61.6,0.97,105,2025-03
2025-01,LUM,southeast,LUM-RA,실버,83.2,169,61.6,0.97,85,2025-03
2025-01,LUM,southeast,LUM-RA,오션 블루,64.0,130,61.6,0.97,66,2025-03
2025-01,LUM,southeast,LUM-RA,선셋 레드,51.2,104,61.6,0.97,52,2025-03
2025-01,LUM,southeast,LUM-RA,포레스트 그린,32.0,65,61.6,0.97,33,2025-03
2025-01,LUM,southeast,LUM-RA,샌드 베이지,32.0,65,61.6,0.97,33,2025-03
2025-01,LUM,southeast,LUM-SP,스노우 화이트,62.8,127,61.6,0.97,64,2025-03
2025-01,LUM,southeast,LUM-SP,미드나잇 블랙,49.7,101,61.6,0.97,51,2025-03
2025-01,LUM,southeast,LUM-SP,스틸 그레이,41.9,85,61.6,0.97,43,2025-03
2025-01,LUM,southeast,LUM-SP,실버,34.0,69,61.6,0.97,35,2025-03
2025-01,LUM,southeast,LUM-SP,오션 블루,26.2,53,61.6,0.97,27,2025-03
2025-01,LUM,southeast,LUM-SP,선셋 레드,20.9,42,61.6,0.97,21,2025-03
2025-01,LUM,southeast,LUM-SP,포레스트 그린,13.1,27,61.6,0.97,13,2025-03
2025-01,LUM,southeast,LUM-SP,샌드 베이지,13.1,27,61.6,0.97,13,2025-03
