retail_ym,vin,zone_id,retail_date,channel,txn_price_usd,incentive_usd
2025-11,VF3TCACXTU0025485,west,2025-11-17,retail,46140,1700
2025-11,VF3TCFAXSU0025489,west,2025-11-19,retail,46140,1700
2025-11,VF3TSAAXTU0025504,west,2025-11-26,retail,57580,1700
2025-11,VF3TCFAXTU0025518,west,2025-11-19,retail,46140,1700
2025-11,VF3TCAEXSU0025539,south,2025-11-21,retail,46140,1700
2025-11,VF3TCACXSU0025543,west,2025-11-06,retail,46140,1700
2025-11,VF3TCAAXSU0025546,central,2025-11-18,retail,46140,1700
2025-11,VF3TPAEXSU0025547,central,2025-11-02,retail,50300,1700
2025-11,VF3TSABXSU0025551,central,2025-11-24,fleet,57580,1700
2025-11,VF3TPADXSU0025557,south,2025-11-08,retail,50300,1700
2025-11,VF3TCAHXSU0025558,west,2025-11-11,retail,46140,1700
2025-11,VF3TPADXSU0025565,northeast,2025-11-24,retail,50300,1700
2025-11,VF3TPAFXSU0025566,south,2025-11-27,retail,50300,1700
2025-11,VF3TPAAXSU0025576,west,2025-11-28,retail,50300,1700
2025-11,VF3TSAAXTU0025582,south,2025-11-25,retail,57580,1700
2025-11,VF3TPABXTU0025584,southeast,2025-11-17,retail,50300,1700
2025-11,VF3TPABXSU0025602,south,2025-11-15,retail,50300,1700
2025-11,VF3TPABXSU0025610,south,2025-11-06,retail,50300,1700
2025-11,VF3TSAHXSU0025617,northeast,2025-11-21,retail,57580,1700
2025-11,VF3TPAAXSU0025619,northeast,2025-11-14,retail,50300,1700
2025-11,VF3TCAAXTU0025622,northeast,2025-11-10,retail,46140,1700
2025-11,VF3TPFCXTU0025642,southeast,2025-11-23,retail,50300,1700
2025-11,VF3TCAAXTU0025648,west,2025-11-25,retail,46140,1700
2025-11,VF3TCAHXTU0025661,central,2025-11-23,retail,46140,1700
2025-11,VF3TCABXSU0025663,northeast,2025-11-23,retail,46140,1700
2025-11,VF3TPFEXTU0025664,west,2025-11-15,retail,50300,1700
2025-11,VF3TCAAXSU0025670,south,2025-11-08,retail,46140,1700
2025-11,VF3TPFAXTU0025699,west,2025-11-21,retail,50300,1700
2025-11,VF3TSAAXSU0025707,northeast,2025-11-16,retail,57580,1700
2025-11,VF3TPFAXTU0025723,south,2025-11-23,retail,50300,1700
2025-11,VF3TPADXTU0025734,southeast,2025-11-07,retail,50300,1700
2025-11,VF3TPABXSU0025743,west,2025-11-14,retail,50300,1700
2025-11,VF3TPAAXTU0025750,northeast,2025-11-15,retail,50300,1700
2025-11,VF3TCACXSU0025756,central,2025-11-08,retail,46140,1700
2025-11,VF3TSFFXSU0025763,south,2025-11-17,fleet,57580,1700
2025-11,VF3TPFAXTU0025770,south,2025-11-03,retail,50300,1700
2025-11,VF3TPFBXSU0025771,northeast,2025-11-19,retail,50300,1700
2025-11,VF3VPFCXSU0025786,west,2025-11-14,retail,36800,1700
2025-11,VF3VPFCXSU0025803,northeast,2025-11-24,retail,36800,1700
2025-11,VF3VPFAXSU0025810,southeast,2025-11-12,fleet,36800,1700
2025-11,VF3VPFFXTU0025818,west,2025-11-16,retail,36800,1700
2025-11,VF3VCFDXSU0025839,northeast,2025-11-27,retail,33720,1700
2025-11,VF3VSFAXSU0025846,northeast,2025-11-15,retail,42190,1700
2025-11,VF3VCACXSU0025855,central,2025-11-27,retail,33720,1700
2025-11,VF3VPFCXSU0025856,west,2025-11-20,retail,36800,1700
2025-11,VF3VCFBXTU0025864,central,2025-11-05,retail,33720,1700
2025-11,VF3VSAGXTU0025865,southeast,2025-11-05,fleet,42190,1700
2025-11,VF3VSFBXTU0025867,central,2025-11-25,fleet,42190,1700
2025-11,VF3VSFDXSU0025868,southeast,2025-11-04,retail,42190,1700
2025-11,VF3VPFEXSU0025871,southeast,2025-11-08,retail,36800,1700
2025-11,VF3VPFDXSU0025897,west,2025-11-08,retail,36800,1700
2025-11,VF3VCAEXTU0025898,southeast,2025-11-21,retail,33720,1700
2025-11,VF3VPFCXSU0025904,northeast,2025-11-09,retail,36800,1700
2025-11,VF3VCADXSU0025906,central,2025-11-09,retail,33720,1700
2025-11,VF3VCFBXSU0025907,central,2025-11-23,fleet,33720,1700
2025-11,VF3VPFFXTU0025917,central,2025-11-01,retail,36800,1700
2025-11,VF3VPACXSU0025924,northeast,2025-11-19,retail,36800,1700
2025-11,VF3VPFDXTU0025925,south,2025-11-01,retail,36800,1700
2025-11,VF3VPFCXSU0025937,southeast,2025-11-25,retail,36800,1700
2025-11,VF3VSFBXTU0025941,west,2025-11-18,retail,42190,1700
2025-11,VF3VPFCXSU0025947,south,2025-11-08,retail,36800,1700
2025-11,VF3VSFAXSU0025951,central,2025-11-15,retail,42190,1700
2025-11,VF3VPAAXSU0025969,south,2025-11-25,retail,36800,1700
2025-11,VF3VPADXSU0025970,central,2025-11-23,retail,36800,1700
2025-11,VF3VPADXTU0026012,south,2025-11-11,retail,36800,1700
2025-11,VF3VCFFXTU0026025,south,2025-11-20,fleet,33720,1700
2025-11,VF3VSFGXSU0026027,south,2025-11-20,retail,42190,1700
2025-11,VF3VPABXSU0026055,southeast,2025-11-03,retail,36800,1700
2025-11,VF3VPFAXTU0026057,south,2025-11-10,retail,36800,1700
2025-11,VF3VSFDXSU0026061,west,2025-11-04,retail,42190,1700
2025-11,VF3VPFBXSU0026066,southeast,2025-11-05,retail,36800,1700
2025-11,VF3VCFBXSU0026078,southeast,2025-11-15,retail,33720,1700
2025-11,VF4ACFDXSU0026111,west,2025-11-14,retail,52188,2000
2025-11,VF4ASAGXSU0026130,southeast,2025-11-02,retail,65146,2000
2025-11,VF4APFBXTU0026135,northeast,2025-11-24,retail,56900,2000
2025-11,VF4APAEXSU0026154,west,2025-11-16,retail,56900,2000
2025-11,VF4ACFFXTU0026160,west,2025-11-22,retail,52188,2000
2025-11,VF4APABXSU0026163,central,2025-11-24,fleet,56900,2000
2025-11,VF4ACFAXTU0026178,southeast,2025-11-05,retail,52188,2000
2025-11,VF5MPAEXTM0026198,southeast,2025-11-01,retail,28800,2400
2025-11,VF5MPFBXTM0026201,west,2025-11-23,retail,28800,2400
2025-11,VF5MCFDXTM0026203,west,2025-11-09,retail,26304,2400
2025-11,VF5MPFAXSM0026206,south,2025-11-23,retail,28800,2400
2025-11,VF5MPFAXSM0026216,west,2025-11-25,retail,28800,2400
2025-11,VF5MSFAXTM0026242,west,2025-11-15,retail,33168,2400
2025-11,VF5MPFBXSM0026250,south,2025-11-19,retail,28800,2400
2025-11,VF5MPFFXSM0026253,west,2025-11-05,retail,28800,2400
2025-11,VF5MPAEXSM0026256,northeast,2025-11-01,retail,28800,2400
2025-11,VF5MPFGXTM0026273,west,2025-11-25,retail,28800,2400
2025-11,VF5MPAGXTM0026277,south,2025-11-19,retail,28800,2400
2025-11,VF5MSFFXSM0026288,northeast,2025-11-17,retail,33168,2400
2025-11,VF5MCFBXSM0026295,southeast,2025-11-28,retail,26304,2400
2025-11,VF5MCFEXTM0026297,central,2025-11-09,retail,26304,2400
2025-11,VF5MCFDXTM0026303,west,2025-11-14,retail,26304,2400
2025-11,VF5MPFAXTM0026322,south,2025-11-09,retail,28800,2400
2025-11,VF5MSFAXSM0026342,central,2025-11-11,retail,33168,2400
2025-11,VF5MPFDXSM0026357,west,2025-11-25,retail,28800,2400
2025-11,VF5MCFGXTM0026359,south,2025-11-19,retail,26304,2400
2025-11,VF5MCFAXTM0026381,central,2025-11-17,retail,26304,2400
2025-11,VF5MPFCXSM0026391,west,2025-11-14,retail,28800,2400
2025-11,VF2NSFHXSK0026408,southeast,2025-11-15,retail,48802,1700
2025-11,VF2NCFBXSK0026413,central,2025-11-09,retail,39056,1700
2025-11,VF2NCAAXSK0026416,southeast,2025-11-07,retail,39056,1700
2025-11,VF2NPFDXSK0026432,south,2025-11-10,retail,42600,1700
2025-11,VF2NCAGXSK0026445,central,2025-11-04,retail,39056,1700
2025-11,VF2NCFCXSK0026460,northeast,2025-11-26,retail,39056,1700
2025-11,VF2NCFAXSK0026469,southeast,2025-11-22,retail,39056,1700
2025-11,VF2NPADXSK0026473,west,2025-11-22,retail,42600,1700
2025-11,VF2NCFAXSK0026482,west,2025-11-21,retail,39056,1700
2025-11,VF2NPFBXSK0026484,southeast,2025-11-03,retail,42600,1700
2025-11,VF2NCFBXSK0026506,south,2025-11-03,retail,39056,1700
2025-11,VF2NPFBXSK0026512,central,2025-11-20,retail,42600,1700
2025-11,VF2NPFBXSK0026519,southeast,2025-11-19,retail,42600,1700
2025-11,VF2NCFEXSK0026526,west,2025-11-15,retail,39056,1700
2025-11,VF2NCAAXSK0026533,south,2025-11-11,retail,39056,1700
2025-11,VF2NPACXTK0026545,southeast,2025-11-07,retail,42600,1700
2025-11,VF2NPFBXSK0026547,northeast,2025-11-15,retail,42600,1700
2025-11,VF2NSFBXTK0026549,west,2025-11-14,retail,48802,1700
2025-11,VF2NCFBXSK0026556,central,2025-11-28,retail,39056,1700
2025-11,VF1LCAAXTK0026566,west,2025-11-06,retail,37284,2000
2025-11,VF1LCAEXSK0026574,central,2025-11-24,retail,37284,2000
2025-11,VF1LCACXSK0026579,northeast,2025-11-25,fleet,37284,2000
2025-11,VF1LPFBXSK0026580,northeast,2025-11-07,retail,40700,2000
2025-11,VF1LCAAXSK0026583,west,2025-11-23,retail,37284,2000
2025-11,VF1LCACXSK0026597,south,2025-11-23,retail,37284,2000
2025-11,VF1LSAGXTK0026602,west,2025-11-25,retail,46678,2000
2025-11,VF1LCFEXSK0026606,west,2025-11-02,retail,37284,2000
2025-11,VF1LPFGXTK0026613,west,2025-11-08,retail,40700,2000
2025-11,VF1LSFEXTK0026614,northeast,2025-11-19,retail,46678,2000
2025-11,VF1LPFBXSK0026624,south,2025-11-06,retail,40700,2000
2025-11,VF1LPFCXSK0026678,southeast,2025-11-01,retail,40700,2000
2025-11,VF1LPABXTK0026685,west,2025-11-11,retail,40700,2000
2025-11,VF3TCACXTU0026698,central,2025-11-14,retail,46140,1700
2025-11,VF3TSABXTU0026699,west,2025-11-01,retail,57580,1700
2025-11,VF3TSFBXTU0026700,southeast,2025-11-21,retail,57580,1700
2025-11,VF3TPFFXTU0026701,south,2025-11-03,retail,50300,1700
2025-11,VF3TCAGXSU0026706,west,2025-11-18,retail,46140,1700
2025-11,VF3TCFGXTU0026708,southeast,2025-11-18,retail,46140,1700
2025-11,VF3TPABXTU0026711,central,2025-11-12,retail,50300,1700
2025-11,VF3TPFGXTU0026713,south,2025-11-22,retail,50300,1700
2025-11,VF3TSAAXSU0026719,northeast,2025-11-21,retail,57580,1700
2025-11,VF3TPAHXTU0026721,west,2025-11-15,retail,50300,1700
2025-11,VF3TPAAXTU0026723,northeast,2025-11-18,retail,50300,1700
2025-11,VF3TCFCXTU0026730,south,2025-11-03,retail,46140,1700
2025-11,VF3TPADXTU0026732,central,2025-11-06,retail,50300,1700
2025-11,VF3TPACXTU0026733,southeast,2025-11-08,retail,50300,1700
2025-11,VF3TCAAXTU0026734,northeast,2025-11-14,retail,46140,1700
2025-11,VF3TSAFXSU0026740,northeast,2025-11-28,retail,57580,1700
2025-11,VF3TPAAXSU0026743,west,2025-11-23,retail,50300,1700
2025-11,VF3TPFCXSU0026747,south,2025-11-13,retail,50300,1700
2025-11,VF3TPFBXSU0026748,south,2025-11-15,retail,50300,1700
2025-11,VF3TPAEXTU0026754,southeast,2025-11-17,retail,50300,1700
2025-11,VF3TSAAXTU0026756,west,2025-11-13,retail,57580,1700
2025-11,VF3TPFBXTU0026757,south,2025-11-19,retail,50300,1700
2025-11,VF3TPABXTU0026760,central,2025-11-08,fleet,50300,1700
2025-11,VF3TPFDXSU0026761,south,2025-11-20,retail,50300,1700
2025-11,VF3TPAEXTU0026762,west,2025-11-01,retail,50300,1700
2025-11,VF3TSFCXTU0026763,northeast,2025-11-14,retail,57580,1700
2025-11,VF3TPAAXTU0026765,southeast,2025-11-24,retail,50300,1700
2025-11,VF3TPAAXTU0026766,northeast,2025-11-18,retail,50300,1700
2025-11,VF3TPACXSU0026768,northeast,2025-11-23,retail,50300,1700
2025-11,VF3TPAAXTU0026769,central,2025-11-07,retail,50300,1700
2025-11,VF3TCFDXTU0026774,southeast,2025-11-15,retail,46140,1700
2025-11,VF3TPFBXTU0026775,southeast,2025-11-08,retail,50300,1700
2025-11,VF3TPFFXTU0026777,west,2025-11-19,retail,50300,1700
2025-11,VF3TSAAXSU0026780,southeast,2025-11-08,retail,57580,1700
2025-11,VF3TCABXTU0026782,central,2025-11-22,retail,46140,1700
2025-11,VF3TCAGXTU0026783,central,2025-11-14,retail,46140,1700
2025-11,VF3TCAAXTU0026790,west,2025-11-18,retail,46140,1700
2025-11,VF3TPFGXSU0026791,southeast,2025-11-20,retail,50300,1700
2025-11,VF3TPABXSU0026792,southeast,2025-11-11,retail,50300,1700
2025-11,VF3TCFBXTU0026793,south,2025-11-18,retail,46140,1700
2025-11,VF3TCADXSU0026794,west,2025-11-19,retail,46140,1700
2025-11,VF3TCAHXTU0026804,south,2025-11-16,retail,46140,1700
2025-11,VF3TPAAXTU0026806,west,2025-11-13,retail,50300,1700
2025-11,VF3TCACXTU0026807,central,2025-11-05,retail,46140,1700
2025-11,VF3TCADXTU0026808,west,2025-11-19,retail,46140,1700
2025-11,VF3TSACXTU0026809,west,2025-11-10,retail,57580,1700
2025-11,VF3TPABXSU0026812,northeast,2025-11-28,retail,50300,1700
2025-11,VF3TCAAXSU0026813,south,2025-11-01,retail,46140,1700
2025-11,VF3TCADXTU0026820,west,2025-11-07,retail,46140,1700
2025-11,VF3TCFDXTU0026821,south,2025-11-11,retail,46140,1700
2025-11,VF3TSABXSU0026824,central,2025-11-17,retail,57580,1700
2025-11,VF3TCAAXSU0026827,west,2025-11-27,retail,46140,1700
2025-11,VF3TPAGXSU0026828,west,2025-11-09,retail,50300,1700
2025-11,VF3TPACXSU0026830,central,2025-11-13,retail,50300,1700
2025-11,VF3TPFHXTU0026834,southeast,2025-11-21,retail,50300,1700
2025-11,VF3TPACXTU0026840,west,2025-11-05,retail,50300,1700
2025-11,VF3TCFEXTU0026842,west,2025-11-11,retail,46140,1700
2025-11,VF3TPACXTU0026843,southeast,2025-11-21,retail,50300,1700
2025-11,VF3TPAEXSU0026846,southeast,2025-11-05,retail,50300,1700
2025-11,VF3TPFHXTU0026850,west,2025-11-01,retail,50300,1700
2025-11,VF3TPAEXTU0026851,northeast,2025-11-06,fleet,50300,1700
2025-11,VF3TCAHXSU0026854,central,2025-11-21,retail,46140,1700
2025-11,VF3TCAGXTU0026855,west,2025-11-09,fleet,46140,1700
2025-11,VF3TPFAXTU0026856,west,2025-11-15,retail,50300,1700
2025-11,VF3TCFAXTU0026859,south,2025-11-08,retail,46140,1700
2025-11,VF3TSFAXSU0026861,west,2025-11-04,retail,57580,1700
2025-11,VF3TCFBXTU0026873,west,2025-11-12,retail,46140,1700
2025-11,VF3TSAAXSU0026875,southeast,2025-11-27,retail,57580,1700
2025-11,VF3TPAHXTU0026879,northeast,2025-11-06,retail,50300,1700
2025-11,VF3TSADXTU0026880,northeast,2025-11-10,retail,57580,1700
2025-11,VF3TCABXSU0026882,west,2025-11-11,retail,46140,1700
2025-11,VF3TPAGXTU0026883,south,2025-11-21,fleet,50300,1700
2025-11,VF3TCFEXTU0026884,west,2025-11-05,retail,46140,1700
2025-11,VF3TSFEXSU0026891,southeast,2025-11-22,retail,57580,1700
2025-11,VF3TPAAXTU0026892,southeast,2025-11-28,retail,50300,1700
2025-11,VF3TCAHXSU0026895,west,2025-11-25,retail,46140,1700
2025-11,VF3TPABXTU0026897,northeast,2025-11-28,retail,50300,1700
2025-11,VF3TCABXSU0026903,west,2025-11-23,retail,46140,1700
2025-11,VF3TCAEXTU0026904,west,2025-11-23,retail,46140,1700
2025-11,VF3TSACXTU0026906,central,2025-11-11,retail,57580,1700
2025-11,VF3TSAGXSU0026909,northeast,2025-11-12,retail,57580,1700
2025-11,VF3TCABXSU0026911,west,2025-11-19,retail,46140,1700
2025-11,VF3TPACXSU0026918,southeast,2025-11-18,retail,50300,1700
2025-11,VF3TSAAXTU0026921,south,2025-11-12,retail,57580,1700
2025-11,VF3TCACXTU0026928,south,2025-11-07,retail,46140,1700
2025-11,VF3TPFGXTU0026934,west,2025-11-18,retail,50300,1700
2025-11,VF3TCFDXTU0026942,west,2025-11-04,retail,46140,1700
2025-11,VF3TPFCXTU0026944,south,2025-11-13,retail,50300,1700
2025-11,VF3TCAAXTU0026945,west,2025-11-18,retail,46140,1700
2025-11,VF3TPADXTU0026946,northeast,2025-11-02,fleet,50300,1700
2025-11,VF3TPFBXTU0026947,south,2025-11-19,fleet,50300,1700
2025-11,VF3TSAAXTU0026949,south,2025-11-07,retail,57580,1700
2025-11,VF3TPADXTU0026950,northeast,2025-11-28,retail,50300,1700
2025-11,VF3TPFDXTU0026951,central,2025-11-22,retail,50300,1700
2025-11,VF3TSAFXSU0026954,southeast,2025-11-01,retail,57580,1700
2025-11,VF3TSFBXTU0026960,central,2025-11-22,retail,57580,1700
2025-11,VF3TPFCXTU0026961,southeast,2025-11-01,retail,50300,1700
2025-11,VF3TCFAXSU0026965,west,2025-11-18,retail,46140,1700
2025-11,VF3TCAEXSU0026967,south,2025-11-04,retail,46140,1700
2025-11,VF3TSAAXTU0026974,west,2025-11-10,retail,57580,1700
2025-11,VF3TSFCXTU0026977,south,2025-11-09,retail,57580,1700
2025-11,VF3TPAAXTU0026980,west,2025-11-10,retail,50300,1700
2025-11,VF3TSFBXTU0026981,southeast,2025-11-21,retail,57580,1700
2025-11,VF3TCABXTU0026983,central,2025-11-13,retail,46140,1700
2025-11,VF3TPFCXTU0026984,south,2025-11-09,fleet,50300,1700
2025-11,VF3TPACXTU0026987,southeast,2025-11-04,retail,50300,1700
2025-11,VF3TPFBXTU0026988,southeast,2025-11-28,retail,50300,1700
2025-11,VF3TPAEXSU0026990,central,2025-11-08,retail,50300,1700
2025-11,VF3VPAAXTU0026994,west,2025-11-16,retail,36800,1700
2025-11,VF3VCAAXSU0026995,northeast,2025-11-20,retail,33720,1700
2025-11,VF3VSFDXSU0026998,northeast,2025-11-08,retail,42190,1700
2025-11,VF3VSFCXTU0027000,central,2025-11-17,retail,42190,1700
2025-11,VF3VCFCXTU0027001,west,2025-11-22,retail,33720,1700
2025-11,VF3VPFFXTU0027005,central,2025-11-12,retail,36800,1700
2025-11,VF3VCACXTU0027007,south,2025-11-05,retail,33720,1700
2025-11,VF3VCFAXTU0027009,west,2025-11-27,fleet,33720,1700
2025-11,VF3VCFAXSU0027010,south,2025-11-28,retail,33720,1700
2025-11,VF3VPFCXTU0027016,southeast,2025-11-25,retail,36800,1700
2025-11,VF3VSABXTU0027022,central,2025-11-20,retail,42190,1700
2025-11,VF3VSABXTU0027023,central,2025-11-02,retail,42190,1700
2025-11,VF3VCFEXSU0027026,west,2025-11-27,retail,33720,1700
2025-11,VF3VPAAXTU0027033,west,2025-11-26,retail,36800,1700
2025-11,VF3VCFBXTU0027034,west,2025-11-05,fleet,33720,1700
2025-11,VF3VPACXTU0027037,south,2025-11-24,retail,36800,1700
2025-11,VF3VCACXTU0027040,northeast,2025-11-19,retail,33720,1700
2025-11,VF3VCADXTU0027041,central,2025-11-19,retail,33720,1700
2025-11,VF3VPAFXSU0027043,central,2025-11-16,retail,36800,1700
2025-11,VF3VCFFXSU0027045,west,2025-11-05,retail,33720,1700
2025-11,VF3VSAHXTU0027050,south,2025-11-15,retail,42190,1700
2025-11,VF3VPFDXTU0027052,southeast,2025-11-23,retail,36800,1700
2025-11,VF3VCFBXTU0027053,south,2025-11-16,retail,33720,1700
2025-11,VF3VSFDXTU0027057,central,2025-11-15,fleet,42190,1700
2025-11,VF3VCFBXTU0027058,south,2025-11-22,retail,33720,1700
2025-11,VF3VPAEXTU0027060,west,2025-11-05,fleet,36800,1700
2025-11,VF3VCFCXTU0027061,west,2025-11-18,retail,33720,1700
2025-11,VF3VPAEXTU0027062,northeast,2025-11-24,retail,36800,1700
2025-11,VF3VCFBXSU0027066,west,2025-11-03,retail,33720,1700
2025-11,VF3VPAAXTU0027067,southeast,2025-11-13,retail,36800,1700
2025-11,VF3VCAGXTU0027069,northeast,2025-11-13,retail,33720,1700
2025-11,VF3VCABXTU0027072,west,2025-11-28,retail,33720,1700
2025-11,VF3VPABXSU0027073,northeast,2025-11-07,retail,36800,1700
2025-11,VF3VPAAXTU0027074,southeast,2025-11-08,fleet,36800,1700
2025-11,VF3VPFBXTU0027080,south,2025-11-06,retail,36800,1700
2025-11,VF3VCACXSU0027082,central,2025-11-11,fleet,33720,1700
2025-11,VF3VCFFXTU0027084,southeast,2025-11-14,retail,33720,1700
2025-11,VF3VCABXTU0027085,central,2025-11-22,retail,33720,1700
2025-11,VF3VCFFXTU0027086,northeast,2025-11-25,retail,33720,1700
2025-11,VF3VSACXTU0027087,southeast,2025-11-15,retail,42190,1700
2025-11,VF3VPAFXTU0027090,south,2025-11-21,fleet,36800,1700
2025-11,VF3VSFBXTU0027099,west,2025-11-05,retail,42190,1700
2025-11,VF3VSFAXTU0027100,south,2025-11-18,retail,42190,1700
2025-11,VF3VSFGXTU0027101,west,2025-11-15,retail,42190,1700
2025-11,VF3VCABXTU0027103,west,2025-11-18,retail,33720,1700
2025-11,VF3VPACXSU0027106,southeast,2025-11-27,retail,36800,1700
2025-11,VF3VPFFXSU0027108,southeast,2025-11-12,retail,36800,1700
2025-11,VF3VPFGXTU0027109,south,2025-11-21,retail,36800,1700
2025-11,VF3VCFAXSU0027111,northeast,2025-11-19,retail,33720,1700
2025-11,VF3VCFCXTU0027114,west,2025-11-26,retail,33720,1700
2025-11,VF3VCAHXTU0027115,south,2025-11-27,retail,33720,1700
2025-11,VF3VCFGXTU0027123,southeast,2025-11-25,retail,33720,1700
2025-11,VF3VCACXTU0027124,central,2025-11-06,retail,33720,1700
2025-11,VF3VPFEXTU0027125,northeast,2025-11-21,retail,36800,1700
2025-11,VF3VCAAXTU0027127,south,2025-11-11,retail,33720,1700
2025-11,VF3VSABXSU0027128,northeast,2025-11-02,retail,42190,1700
2025-11,VF3VPAFXTU0027130,west,2025-11-03,retail,36800,1700
2025-11,VF3VCFFXTU0027132,northeast,2025-11-14,retail,33720,1700
2025-11,VF3VCAGXTU0027136,south,2025-11-02,retail,33720,1700
2025-11,VF3VPAEXTU0027139,west,2025-11-13,retail,36800,1700
2025-11,VF3VPACXTU0027140,northeast,2025-11-01,retail,36800,1700
2025-11,VF3VSFEXTU0027143,northeast,2025-11-19,retail,42190,1700
2025-11,VF3VCADXTU0027150,west,2025-11-01,retail,33720,1700
2025-11,VF3VPAEXTU0027151,northeast,2025-11-20,retail,36800,1700
2025-11,VF3VCFCXTU0027152,northeast,2025-11-18,retail,33720,1700
2025-11,VF3VSFFXTU0027153,west,2025-11-22,retail,42190,1700
2025-11,VF3VCFAXTU0027157,central,2025-11-01,fleet,33720,1700
2025-11,VF3VCFCXSU0027160,northeast,2025-11-28,retail,33720,1700
2025-11,VF3VCAAXTU0027161,northeast,2025-11-02,retail,33720,1700
2025-11,VF3VPFAXTU0027162,west,2025-11-01,retail,36800,1700
2025-11,VF3VPFCXSU0027168,southeast,2025-11-21,retail,36800,1700
2025-11,VF3VPFEXTU0027170,south,2025-11-20,retail,36800,1700
2025-11,VF3VCABXTU0027173,west,2025-11-10,retail,33720,1700
2025-11,VF3VPACXTU0027174,west,2025-11-03,retail,36800,1700
2025-11,VF3VCFBXSU0027175,west,2025-11-22,retail,33720,1700
2025-11,VF3VPFBXTU0027181,south,2025-11-01,retail,36800,1700
2025-11,VF3VSFFXTU0027183,west,2025-11-23,retail,42190,1700
2025-11,VF3VCFGXSU0027185,southeast,2025-11-25,retail,33720,1700
2025-11,VF3VCFCXTU0027187,west,2025-11-22,retail,33720,1700
2025-11,VF3VPFHXTU0027190,northeast,2025-11-03,retail,36800,1700
2025-11,VF3VSAAXSU0027193,south,2025-11-06,retail,42190,1700
2025-11,VF3VPFCXTU0027195,south,2025-11-11,retail,36800,1700
2025-11,VF3VCFBXTU0027197,south,2025-11-05,retail,33720,1700
2025-11,VF3VPACXTU0027199,south,2025-11-18,retail,36800,1700
2025-11,VF3VPFCXTU0027202,south,2025-11-04,retail,36800,1700
2025-11,VF3VPAEXTU0027203,south,2025-11-16,retail,36800,1700
2025-11,VF3VCAAXTU0027205,south,2025-11-17,retail,33720,1700
2025-11,VF3VSABXTU0027206,central,2025-11-23,retail,42190,1700
2025-11,VF3VPAEXSU0027208,west,2025-11-11,retail,36800,1700
2025-11,VF3VSAEXSU0027219,southeast,2025-11-18,retail,42190,1700
2025-11,VF3VSAGXTU0027220,central,2025-11-28,fleet,42190,1700
2025-11,VF3VCFCXSU0027227,southeast,2025-11-27,retail,33720,1700
2025-11,VF3VPFFXTU0027228,west,2025-11-18,retail,36800,1700
2025-11,VF3VCAEXTU0027233,southeast,2025-11-08,retail,33720,1700
2025-11,VF3VCACXTU0027234,west,2025-11-21,fleet,33720,1700
2025-11,VF3VCFCXSU0027235,southeast,2025-11-12,fleet,33720,1700
2025-11,VF3VSAAXSU0027240,west,2025-11-02,retail,42190,1700
2025-11,VF3VCFEXTU0027244,northeast,2025-11-05,retail,33720,1700
2025-11,VF3VPAGXTU0027247,west,2025-11-20,retail,36800,1700
2025-11,VF3VPFCXTU0027250,south,2025-11-08,retail,36800,1700
2025-11,VF3VCFFXTU0027253,west,2025-11-07,retail,33720,1700
2025-11,VF3VSABXTU0027257,south,2025-11-28,retail,42190,1700
2025-11,VF3VPAAXTU0027258,west,2025-11-02,retail,36800,1700
2025-11,VF3VCFAXTU0027260,south,2025-11-13,retail,33720,1700
2025-11,VF3VPFBXTU0027266,west,2025-11-26,retail,36800,1700
2025-11,VF3VPFAXSU0027270,northeast,2025-11-12,retail,36800,1700
2025-11,VF3VPACXSU0027272,central,2025-11-19,retail,36800,1700
2025-11,VF3VCAEXTU0027277,south,2025-11-19,retail,33720,1700
2025-11,VF3VCADXTU0027279,west,2025-11-09,retail,33720,1700
2025-11,VF3VPACXSU0027280,southeast,2025-11-05,retail,36800,1700
2025-11,VF3VCAEXTU0027283,northeast,2025-11-20,retail,33720,1700
2025-11,VF3VCFFXTU0027284,south,2025-11-11,retail,33720,1700
2025-11,VF3VCFEXTU0027285,central,2025-11-24,retail,33720,1700
2025-11,VF3VPFEXTU0027288,west,2025-11-09,retail,36800,1700
2025-11,VF3VSFHXTU0027291,south,2025-11-19,retail,42190,1700
2025-11,VF3VCFBXSU0027293,west,2025-11-15,retail,33720,1700
2025-11,VF3VSACXTU0027294,west,2025-11-04,retail,42190,1700
2025-11,VF4ACFBXTU0027295,south,2025-11-02,retail,52188,2000
2025-11,VF4APAGXSU0027297,central,2025-11-17,retail,56900,2000
2025-11,VF4ASAFXTU0027306,northeast,2025-11-25,retail,65146,2000
2025-11,VF4APFCXSU0027308,west,2025-11-08,retail,56900,2000
2025-11,VF4ACADXSU0027319,northeast,2025-11-15,retail,52188,2000
2025-11,VF4ACFAXTU0027320,west,2025-11-24,retail,52188,2000
2025-11,VF4ACAAXTU0027321,west,2025-11-28,retail,52188,2000
2025-11,VF4ACACXTU0027322,south,2025-11-07,retail,52188,2000
2025-11,VF4APFHXTU0027323,west,2025-11-25,retail,56900,2000
2025-11,VF4APAGXSU0027324,west,2025-11-23,retail,56900,2000
2025-11,VF4ACAGXTU0027325,central,2025-11-03,retail,52188,2000
2025-11,VF4ASACXTU0027333,northeast,2025-11-05,retail,65146,2000
2025-11,VF4ACAEXSU0027338,central,2025-11-08,fleet,52188,2000
2025-11,VF4APFBXTU0027339,west,2025-11-15,retail,56900,2000
2025-11,VF4APFFXSU0027340,west,2025-11-06,retail,56900,2000
2025-11,VF4APFCXSU0027341,northeast,2025-11-06,retail,56900,2000
2025-11,VF4APFDXTU0027342,southeast,2025-11-14,retail,56900,2000
2025-11,VF4APFDXTU0027348,central,2025-11-13,retail,56900,2000
2025-11,VF4APADXSU0027349,west,2025-11-10,retail,56900,2000
2025-11,VF4APFBXTU0027357,west,2025-11-28,retail,56900,2000
2025-11,VF4APFDXTU0027363,southeast,2025-11-23,retail,56900,2000
2025-11,VF4ACADXSU0027364,west,2025-11-09,retail,52188,2000
2025-11,VF4APFAXTU0027365,south,2025-11-03,retail,56900,2000
2025-11,VF4ACAAXTU0027367,south,2025-11-20,retail,52188,2000
2025-11,VF4APFEXSU0027377,central,2025-11-21,retail,56900,2000
2025-11,VF4APFDXTU0027378,west,2025-11-19,retail,56900,2000
2025-11,VF4ACFDXSU0027380,south,2025-11-09,retail,52188,2000
2025-11,VF4APACXSU0027384,southeast,2025-11-11,retail,56900,2000
2025-11,VF4ACFCXTU0027388,west,2025-11-15,retail,52188,2000
2025-11,VF4ACFAXSU0027391,south,2025-11-06,retail,52188,2000
2025-11,VF4ACAHXTU0027395,northeast,2025-11-18,retail,52188,2000
2025-11,VF4APFCXTU0027396,southeast,2025-11-01,retail,56900,2000
2025-11,VF4APFFXTU0027397,southeast,2025-11-27,retail,56900,2000
2025-11,VF5MPFEXSM0027399,southeast,2025-11-13,retail,28800,2400
2025-11,VF5MSFBXSM0027401,south,2025-11-01,retail,33168,2400
2025-11,VF5MPFBXTM0027402,south,2025-11-07,retail,28800,2400
2025-11,VF5MSAAXTM0027403,west,2025-11-28,retail,33168,2400
2025-11,VF5MCFBXTM0027407,northeast,2025-11-15,retail,26304,2400
2025-11,VF5MSAHXSM0027408,central,2025-11-17,retail,33168,2400
2025-11,VF5MPFDXTM0027411,southeast,2025-11-24,retail,28800,2400
2025-11,VF5MCFEXSM0027413,northeast,2025-11-13,retail,26304,2400
2025-11,VF5MSFBXSM0027415,northeast,2025-11-06,retail,33168,2400
2025-11,VF5MSFDXSM0027418,west,2025-11-23,retail,33168,2400
2025-11,VF5MPFEXTM0027430,southeast,2025-11-09,retail,28800,2400
2025-11,VF5MSACXTM0027431,central,2025-11-08,retail,33168,2400
2025-11,VF5MCFGXSM0027434,northeast,2025-11-08,retail,26304,2400
2025-11,VF5MCFBXTM0027436,west,2025-11-07,retail,26304,2400
2025-11,VF5MPFDXTM0027437,southeast,2025-11-13,retail,28800,2400
2025-11,VF5MCFAXTM0027438,south,2025-11-06,retail,26304,2400
2025-11,VF5MCFAXTM0027441,south,2025-11-15,retail,26304,2400
2025-11,VF5MCFCXSM0027442,northeast,2025-11-10,retail,26304,2400
2025-11,VF5MCFBXTM0027444,west,2025-11-08,retail,26304,2400
2025-11,VF5MCAAXTM0027446,northeast,2025-11-26,retail,26304,2400
2025-11,VF5MPFAXTM0027448,west,2025-11-10,retail,28800,2400
2025-11,VF5MPFDXTM0027449,central,2025-11-10,retail,28800,2400
2025-11,VF5MPFEXTM0027451,northeast,2025-11-19,retail,28800,2400
2025-11,VF5MSFCXTM0027456,southeast,2025-11-21,retail,33168,2400
2025-11,VF5MPFEXSM0027458,northeast,2025-11-12,retail,28800,2400
2025-11,VF5MCFEXSM0027461,southeast,2025-11-02,retail,26304,2400
2025-11,VF5MCFEXTM0027468,southeast,2025-11-01,retail,26304,2400
2025-11,VF5MSFCXTM0027469,northeast,2025-11-23,retail,33168,2400
2025-11,VF5MPFAXSM0027470,southeast,2025-11-24,retail,28800,2400
2025-11,VF5MSFAXTM0027472,southeast,2025-11-21,retail,33168,2400
2025-11,VF5MSFCXTM0027473,central,2025-11-07,retail,33168,2400
2025-11,VF5MPAGXSM0027477,central,2025-11-28,retail,28800,2400
2025-11,VF5MCABXTM0027479,southeast,2025-11-11,retail,26304,2400
2025-11,VF5MPFAXTM0027480,west,2025-11-22,retail,28800,2400
2025-11,VF5MCFBXTM0027481,southeast,2025-11-28,retail,26304,2400
2025-11,VF5MPFDXTM0027484,west,2025-11-12,retail,28800,2400
2025-11,VF5MPFAXSM0027486,northeast,2025-11-25,retail,28800,2400
2025-11,VF5MPFBXTM0027487,south,2025-11-27,retail,28800,2400
2025-11,VF5MPFHXTM0027491,northeast,2025-11-08,retail,28800,2400
2025-11,VF5MSFFXTM0027493,south,2025-11-21,retail,33168,2400
2025-11,VF5MCFBXTM0027496,south,2025-11-04,fleet,26304,2400
2025-11,VF5MPAAXSM0027497,central,2025-11-26,retail,28800,2400
2025-11,VF5MCAFXTM0027499,central,2025-11-02,retail,26304,2400
2025-11,VF5MPFFXTM0027500,south,2025-11-23,retail,28800,2400
2025-11,VF5MCFHXTM0027502,south,2025-11-09,retail,26304,2400
2025-11,VF5MCFEXTM0027503,southeast,2025-11-25,retail,26304,2400
2025-11,VF5MCFDXSM0027504,southeast,2025-11-01,retail,26304,2400
2025-11,VF5MCFAXTM0027506,west,2025-11-11,retail,26304,2400
2025-11,VF5MCAGXTM0027507,northeast,2025-11-03,retail,26304,2400
2025-11,VF5MCADXSM0027508,central,2025-11-02,fleet,26304,2400
2025-11,VF5MPFEXSM0027509,northeast,2025-11-01,retail,28800,2400
2025-11,VF5MCFEXSM0027516,west,2025-11-02,retail,26304,2400
2025-11,VF5MSACXSM0027520,northeast,2025-11-19,retail,33168,2400
2025-11,VF5MCFEXTM0027523,west,2025-11-14,retail,26304,2400
2025-11,VF5MPACXTM0027531,west,2025-11-10,retail,28800,2400
2025-11,VF5MPFBXTM0027534,west,2025-11-08,retail,28800,2400
2025-11,VF5MPFBXTM0027535,central,2025-11-09,fleet,28800,2400
2025-11,VF5MCFAXTM0027536,south,2025-11-13,retail,26304,2400
2025-11,VF5MPFFXTM0027538,west,2025-11-23,retail,28800,2400
2025-11,VF5MCFCXTM0027539,central,2025-11-08,retail,26304,2400
2025-11,VF5MCFAXTM0027540,south,2025-11-18,retail,26304,2400
2025-11,VF5MPFDXSM0027543,northeast,2025-11-15,retail,28800,2400
2025-11,VF5MPADXSM0027546,south,2025-11-07,retail,28800,2400
2025-11,VF5MPFEXTM0027548,southeast,2025-11-01,retail,28800,2400
2025-11,VF5MCFAXTM0027549,northeast,2025-11-10,fleet,26304,2400
2025-11,VF5MPFBXTM0027551,northeast,2025-11-27,retail,28800,2400
2025-11,VF5MCFEXTM0027556,northeast,2025-11-08,retail,26304,2400
2025-11,VF5MPFBXTM0027558,west,2025-11-07,retail,28800,2400
2025-11,VF5MPFHXTM0027559,central,2025-11-08,retail,28800,2400
2025-11,VF5MPFBXTM0027561,west,2025-11-16,retail,28800,2400
2025-11,VF5MCFAXTM0027562,west,2025-11-15,retail,26304,2400
2025-11,VF5MPFDXTM0027569,west,2025-11-16,retail,28800,2400
2025-11,VF5MCFDXTM0027572,northeast,2025-11-12,fleet,26304,2400
2025-11,VF5MCFDXSM0027574,central,2025-11-10,retail,26304,2400
2025-11,VF5MSFDXTM0027582,south,2025-11-19,retail,33168,2400
2025-11,VF5MCFBXTM0027583,northeast,2025-11-04,retail,26304,2400
2025-11,VF5MPFDXTM0027585,west,2025-11-18,retail,28800,2400
2025-11,VF5MCFDXTM0027586,central,2025-11-28,retail,26304,2400
2025-11,VF5MPAAXTM0027590,northeast,2025-11-17,retail,28800,2400
2025-11,VF5MPFBXTM0027593,west,2025-11-01,retail,28800,2400
2025-11,VF5MPACXTM0027596,northeast,2025-11-13,fleet,28800,2400
2025-11,VF5MCAFXSM0027598,south,2025-11-23,retail,26304,2400
2025-11,VF5MCFDXTM0027599,central,2025-11-27,retail,26304,2400
2025-11,VF5MCABXSM0027607,southeast,2025-11-16,retail,26304,2400
2025-11,VF5MPFAXTM0027609,northeast,2025-11-11,retail,28800,2400
2025-11,VF5MPADXTM0027610,west,2025-11-20,retail,28800,2400
2025-11,VF5MCFCXTM0027612,west,2025-11-05,retail,26304,2400
2025-11,VF5MPFAXTM0027613,south,2025-11-07,retail,28800,2400
2025-11,VF5MCFAXTM0027614,west,2025-11-09,retail,26304,2400
2025-11,VF5MSFFXTM0027615,southeast,2025-11-21,retail,33168,2400
2025-11,VF5MPFAXSM0027617,northeast,2025-11-23,retail,28800,2400
2025-11,VF5MPFBXTM0027618,central,2025-11-18,retail,28800,2400
2025-11,VF2NPAFXSK0027619,northeast,2025-11-19,retail,42600,1700
2025-11,VF2NSFCXSK0027623,south,2025-11-05,retail,48802,1700
2025-11,VF2NPFBXSK0027631,central,2025-11-06,retail,42600,1700
2025-11,VF2NSFGXTK0027632,central,2025-11-04,retail,48802,1700
2025-11,VF2NCAHXTK0027633,northeast,2025-11-04,retail,39056,1700
2025-11,VF2NCFFXSK0027634,southeast,2025-11-28,retail,39056,1700
2025-11,VF2NCFDXTK0027636,west,2025-11-25,retail,39056,1700
2025-11,VF2NCAAXTK0027640,northeast,2025-11-26,retail,39056,1700
2025-11,VF2NCFAXTK0027646,southeast,2025-11-06,retail,39056,1700
2025-11,VF2NPFDXSK0027651,southeast,2025-11-24,retail,42600,1700
2025-11,VF2NPFAXTK0027652,southeast,2025-11-07,retail,42600,1700
2025-11,VF2NSFCXTK0027654,west,2025-11-01,retail,48802,1700
2025-11,VF2NSFAXTK0027655,southeast,2025-11-08,retail,48802,1700
2025-11,VF2NPFCXTK0027659,southeast,2025-11-22,retail,42600,1700
2025-11,VF2NPFDXTK0027662,central,2025-11-14,retail,42600,1700
2025-11,VF2NCFAXTK0027664,central,2025-11-15,fleet,39056,1700
2025-11,VF2NPAHXTK0027665,south,2025-11-11,retail,42600,1700
2025-11,VF2NCFBXTK0027667,central,2025-11-08,retail,39056,1700
2025-11,VF2NPABXSK0027671,southeast,2025-11-28,retail,42600,1700
2025-11,VF2NPFCXTK0027672,central,2025-11-14,retail,42600,1700
2025-11,VF2NSAEXTK0027673,southeast,2025-11-03,retail,48802,1700
2025-11,VF2NCAAXTK0027675,south,2025-11-28,retail,39056,1700
2025-11,VF2NPFAXTK0027676,west,2025-11-07,retail,42600,1700
2025-11,VF2NPABXTK0027677,west,2025-11-11,retail,42600,1700
2025-11,VF2NCFBXSK0027678,south,2025-11-21,retail,39056,1700
2025-11,VF2NSFEXSK0027681,south,2025-11-01,retail,48802,1700
2025-11,VF2NSFHXTK0027684,central,2025-11-23,retail,48802,1700
2025-11,VF2NCAFXSK0027686,central,2025-11-03,fleet,39056,1700
2025-11,VF2NCFFXTK0027687,southeast,2025-11-01,fleet,39056,1700
2025-11,VF2NPFDXTK0027692,west,2025-11-08,retail,42600,1700
2025-11,VF2NPFAXTK0027695,west,2025-11-07,retail,42600,1700
2025-11,VF2NPFAXTK0027697,southeast,2025-11-01,fleet,42600,1700
2025-11,VF2NCFAXTK0027702,south,2025-11-12,retail,39056,1700
2025-11,VF2NPAAXTK0027704,central,2025-11-11,retail,42600,1700
2025-11,VF2NPACXSK0027706,northeast,2025-11-05,retail,42600,1700
2025-11,VF2NPFDXTK0027711,south,2025-11-11,retail,42600,1700
2025-11,VF2NCABXTK0027715,west,2025-11-18,retail,39056,1700
2025-11,VF2NPFEXTK0027722,northeast,2025-11-05,retail,42600,1700
2025-11,VF2NPABXTK0027723,west,2025-11-02,retail,42600,1700
2025-11,VF2NPFEXTK0027725,south,2025-11-11,retail,42600,1700
2025-11,VF2NPABXTK0027726,west,2025-11-24,retail,42600,1700
2025-11,VF2NPFHXTK0027728,northeast,2025-11-15,retail,42600,1700
2025-11,VF2NSFGXTK0027730,central,2025-11-24,fleet,48802,1700
2025-11,VF2NPAAXTK0027732,south,2025-11-23,retail,42600,1700
2025-11,VF2NCABXSK0027737,west,2025-11-25,retail,39056,1700
2025-11,VF2NSFCXTK0027740,west,2025-11-17,retail,48802,1700
2025-11,VF2NCFCXTK0027741,west,2025-11-10,retail,39056,1700
2025-11,VF2NPFHXSK0027743,central,2025-11-14,retail,42600,1700
2025-11,VF2NCFCXSK0027745,west,2025-11-06,retail,39056,1700
2025-11,VF2NPFFXSK0027749,west,2025-11-28,retail,42600,1700
2025-11,VF2NPFAXSK0027750,south,2025-11-01,retail,42600,1700
2025-11,VF2NCADXTK0027751,central,2025-11-21,fleet,39056,1700
2025-11,VF2NCFAXTK0027753,southeast,2025-11-20,retail,39056,1700
2025-11,VF2NPAEXTK0027754,southeast,2025-11-21,retail,42600,1700
2025-11,VF2NCFHXSK0027755,west,2025-11-09,retail,39056,1700
2025-11,VF2NSADXTK0027756,west,2025-11-01,retail,48802,1700
2025-11,VF2NCAAXTK0027759,west,2025-11-11,retail,39056,1700
2025-11,VF2NCFDXSK0027761,south,2025-11-15,retail,39056,1700
2025-11,VF2NCFEXTK0027762,northeast,2025-11-24,fleet,39056,1700
2025-11,VF2NSFBXSK0027765,south,2025-11-08,retail,48802,1700
2025-11,VF2NCAEXTK0027769,northeast,2025-11-09,retail,39056,1700
2025-11,VF2NPFAXTK0027773,central,2025-11-10,retail,42600,1700
2025-11,VF2NCFBXSK0027774,west,2025-11-26,retail,39056,1700
2025-11,VF2NCFDXTK0027775,south,2025-11-12,fleet,39056,1700
2025-11,VF2NSFGXTK0027778,west,2025-11-26,retail,48802,1700
2025-11,VF2NPADXTK0027779,northeast,2025-11-17,retail,42600,1700
2025-11,VF1LCABXTK0027782,northeast,2025-11-19,retail,37284,2000
2025-11,VF1LPAEXTK0027785,south,2025-11-10,retail,40700,2000
2025-11,VF1LCFHXTK0027793,northeast,2025-11-16,fleet,37284,2000
2025-11,VF1LPFFXTK0027795,northeast,2025-11-22,retail,40700,2000
2025-11,VF1LPFBXSK0027796,central,2025-11-18,retail,40700,2000
2025-11,VF1LSFCXTK0027800,south,2025-11-27,retail,46678,2000
2025-11,VF1LPFEXTK0027801,west,2025-11-03,retail,40700,2000
2025-11,VF1LPABXTK0027805,northeast,2025-11-21,retail,40700,2000
2025-11,VF1LPFFXTK0027806,southeast,2025-11-09,retail,40700,2000
2025-11,VF1LPFBXSK0027810,southeast,2025-11-26,retail,40700,2000
2025-11,VF1LPAAXSK0027811,northeast,2025-11-10,retail,40700,2000
2025-11,VF1LCADXSK0027814,northeast,2025-11-01,fleet,37284,2000
2025-11,VF1LSFAXTK0027815,northeast,2025-11-20,retail,46678,2000
2025-11,VF1LSFAXTK0027816,northeast,2025-11-02,retail,46678,2000
2025-11,VF1LPFBXSK0027817,southeast,2025-11-26,retail,40700,2000
2025-11,VF1LCABXTK0027820,southeast,2025-11-13,retail,37284,2000
2025-11,VF1LPAAXTK0027822,northeast,2025-11-01,retail,40700,2000
2025-11,VF1LCFCXTK0027825,southeast,2025-11-17,retail,37284,2000
2025-11,VF1LPFGXTK0027826,northeast,2025-11-26,retail,40700,2000
2025-11,VF1LSFAXTK0027828,southeast,2025-11-09,retail,46678,2000
2025-11,VF1LCABXTK0027829,central,2025-11-20,retail,37284,2000
2025-11,VF1LCAAXTK0027830,northeast,2025-11-11,retail,37284,2000
2025-11,VF1LPFCXTK0027831,south,2025-11-20,retail,40700,2000
2025-11,VF1LSFHXTK0027834,west,2025-11-11,retail,46678,2000
2025-11,VF1LCFEXTK0027835,west,2025-11-20,retail,37284,2000
2025-11,VF1LPAAXTK0027840,central,2025-11-24,retail,40700,2000
2025-11,VF1LCFCXTK0027841,west,2025-11-09,retail,37284,2000
2025-11,VF1LPFGXTK0027843,west,2025-11-12,retail,40700,2000
2025-11,VF1LPFFXTK0027845,southeast,2025-11-06,retail,40700,2000
2025-11,VF1LPABXTK0027846,southeast,2025-11-19,retail,40700,2000
2025-11,VF1LPADXTK0027848,west,2025-11-17,retail,40700,2000
2025-11,VF1LSFDXSK0027851,south,2025-11-02,retail,46678,2000
2025-11,VF1LPFAXTK0027856,south,2025-11-04,retail,40700,2000
2025-11,VF1LSFDXSK0027858,west,2025-11-24,retail,46678,2000
2025-11,VF1LCADXSK0027859,southeast,2025-11-27,retail,37284,2000
2025-11,VF1LCACXTK0027860,west,2025-11-27,retail,37284,2000
2025-11,VF1LCACXTK0027862,central,2025-11-26,retail,37284,2000
2025-11,VF1LCAAXTK0027871,west,2025-11-18,retail,37284,2000
2025-11,VF1LCFDXSK0027877,west,2025-11-03,retail,37284,2000
2025-11,VF1LPAEXTK0027880,central,2025-11-10,retail,40700,2000
2025-11,VF1LSFDXSK0027882,west,2025-11-06,retail,46678,2000
2025-11,VF1LPFAXTK0027884,west,2025-11-02,retail,40700,2000
2025-11,VF1LCADXTK0027885,southeast,2025-11-04,retail,37284,2000
2025-11,VF1LCFAXTK0027890,west,2025-11-19,retail,37284,2000
2025-11,VF1LPFAXTK0027898,southeast,2025-11-25,retail,40700,2000
2025-11,VF1LPADXTK0027906,west,2025-11-25,retail,40700,2000
2025-11,VF1LSAAXSK0027908,northeast,2025-11-23,retail,46678,2000
2025-11,VF1LCFAXSK0027910,south,2025-11-10,retail,37284,2000
2025-11,VF1LPFGXSK0027912,west,2025-11-14,retail,40700,2000
2025-11,VF1LCACXSK0027913,northeast,2025-11-24,retail,37284,2000
2025-11,VF1LSACXSK0027916,south,2025-11-03,retail,46678,2000
2025-11,VF1LSFBXTK0027917,west,2025-11-07,retail,46678,2000
2025-11,VF1LCAAXTK0027918,west,2025-11-19,retail,37284,2000
2025-11,VF1LSAHXTK0027920,central,2025-11-03,retail,46678,2000
2025-11,VF1LPABXTK0027921,northeast,2025-11-14,retail,40700,2000
2025-11,VF1LSAEXSK0027924,northeast,2025-11-22,retail,46678,2000
2025-11,VF1LCFBXSK0027927,northeast,2025-11-15,retail,37284,2000
2025-11,VF1LCACXTK0027929,south,2025-11-27,retail,37284,2000
2025-11,VF1LSFBXTK0027930,central,2025-11-24,retail,46678,2000
2025-11,VF1LCFEXTK0027935,northeast,2025-11-12,retail,37284,2000
2025-11,VF1LPAEXTK0027940,south,2025-11-19,retail,40700,2000
2025-11,VF1LCAAXTK0027943,northeast,2025-11-02,retail,37284,2000
2025-11,VF1LCFDXSK0027944,southeast,2025-11-01,retail,37284,2000
2025-11,VF3TPAAXTU0027948,west,2025-11-22,retail,50300,1700
2025-11,VF3TCABXTU0027949,northeast,2025-11-16,retail,46140,1700
2025-11,VF3TPAAXTU0027950,west,2025-11-16,retail,50300,1700
2025-11,VF3TPABXSU0027955,northeast,2025-11-26,retail,50300,1700
2025-11,VF3TSAAXTU0027957,central,2025-11-01,retail,57580,1700
2025-11,VF3TPFEXSU0027958,south,2025-11-17,retail,50300,1700
2025-11,VF3TCAGXSU0027959,west,2025-11-11,retail,46140,1700
2025-11,VF3TCAEXSU0027960,central,2025-11-07,retail,46140,1700
2025-11,VF3TCAAXSU0027961,west,2025-11-11,retail,46140,1700
2025-11,VF3TPAEXTU0027962,central,2025-11-01,retail,50300,1700
2025-11,VF3TPABXTU0027966,southeast,2025-11-05,retail,50300,1700
2025-11,VF3TSABXTU0027968,west,2025-11-04,retail,57580,1700
2025-11,VF3TPADXTU0027970,south,2025-11-10,retail,50300,1700
2025-11,VF3TPFEXTU0027973,south,2025-11-16,retail,50300,1700
2025-11,VF3TCFEXTU0027978,southeast,2025-11-15,fleet,46140,1700
2025-11,VF3TCFHXTU0027979,south,2025-11-04,fleet,46140,1700
2025-11,VF3TPAEXSU0027980,west,2025-11-22,retail,50300,1700
2025-11,VF3TSACXTU0027981,central,2025-11-12,retail,57580,1700
2025-11,VF3TCABXSU0027982,west,2025-11-08,retail,46140,1700
2025-11,VF3TCAAXTU0027983,south,2025-11-26,retail,46140,1700
2025-11,VF3TPFCXTU0027984,south,2025-11-20,retail,50300,1700
2025-11,VF3TCABXTU0027986,west,2025-11-02,retail,46140,1700
2025-11,VF3TCFAXTU0027987,central,2025-11-12,retail,46140,1700
2025-11,VF3TSFFXTU0027988,south,2025-11-06,retail,57580,1700
2025-11,VF3TPFEXSU0027990,central,2025-11-13,retail,50300,1700
2025-11,VF3TPAFXTU0027991,northeast,2025-11-07,retail,50300,1700
2025-11,VF3TCFAXTU0027992,northeast,2025-11-12,retail,46140,1700
2025-11,VF3TPAEXTU0027993,northeast,2025-11-10,retail,50300,1700
2025-11,VF3TPAAXTU0027994,south,2025-11-23,retail,50300,1700
2025-11,VF3TPFAXTU0027995,south,2025-11-18,retail,50300,1700
2025-11,VF3TCAEXTU0027997,south,2025-11-17,retail,46140,1700
2025-11,VF3TPAHXTU0027998,south,2025-11-18,retail,50300,1700
2025-11,VF3TPFAXTU0028000,west,2025-11-21,retail,50300,1700
2025-11,VF3TPAEXTU0028003,northeast,2025-11-02,retail,50300,1700
2025-11,VF3TPABXSU0028004,west,2025-11-11,retail,50300,1700
2025-11,VF3TPAAXTU0028005,west,2025-11-07,retail,50300,1700
2025-11,VF3TSAFXTU0028007,southeast,2025-11-17,retail,57580,1700
2025-11,VF3TPACXSU0028008,west,2025-11-17,retail,50300,1700
2025-11,VF3TPABXTU0028011,south,2025-11-18,retail,50300,1700
2025-11,VF3TPADXTU0028013,northeast,2025-11-24,retail,50300,1700
2025-11,VF3TPAEXTU0028014,west,2025-11-25,retail,50300,1700
2025-11,VF3TCAAXTU0028016,south,2025-11-20,retail,46140,1700
2025-11,VF3TPFCXTU0028019,south,2025-11-28,retail,50300,1700
2025-11,VF3TCABXTU0028020,west,2025-11-21,retail,46140,1700
2025-11,VF3TCACXTU0028022,southeast,2025-11-27,retail,46140,1700
2025-11,VF3TPABXTU0028025,south,2025-11-18,retail,50300,1700
2025-11,VF3TSACXTU0028026,central,2025-11-24,retail,57580,1700
2025-11,VF3TPFHXTU0028030,south,2025-11-19,retail,50300,1700
2025-11,VF3TCADXTU0028031,northeast,2025-11-26,retail,46140,1700
2025-11,VF3TSFDXTU0028035,west,2025-11-22,retail,57580,1700
2025-11,VF3TPAFXTU0028036,northeast,2025-11-01,retail,50300,1700
2025-11,VF3TCFHXTU0028037,southeast,2025-11-26,retail,46140,1700
2025-11,VF3TPAAXTU0028038,central,2025-11-23,retail,50300,1700
2025-11,VF3TSABXSU0028043,northeast,2025-11-08,retail,57580,1700
2025-11,VF3TCABXTU0028044,northeast,2025-11-14,fleet,46140,1700
2025-11,VF3TPFAXTU0028045,south,2025-11-18,retail,50300,1700
2025-11,VF3TCAAXSU0028048,central,2025-11-15,retail,46140,1700
2025-11,VF3TPACXSU0028049,northeast,2025-11-20,retail,50300,1700
2025-11,VF3TCAEXTU0028051,northeast,2025-11-07,retail,46140,1700
2025-11,VF3TPAAXSU0028052,central,2025-11-09,retail,50300,1700
2025-11,VF3TSAEXTU0028053,south,2025-11-04,retail,57580,1700
2025-11,VF3TPFCXTU0028054,southeast,2025-11-26,retail,50300,1700
2025-11,VF3TPFCXTU0028057,south,2025-11-04,retail,50300,1700
2025-11,VF3TSFAXSU0028058,south,2025-11-23,retail,57580,1700
2025-11,VF3TPAHXTU0028059,west,2025-11-06,retail,50300,1700
2025-11,VF3TSAGXSU0028060,northeast,2025-11-04,retail,57580,1700
2025-11,VF3TSACXTU0028061,central,2025-11-08,retail,57580,1700
2025-11,VF3TSFCXTU0028062,south,2025-11-01,retail,57580,1700
2025-11,VF3TCFBXTU0028063,west,2025-11-24,retail,46140,1700
2025-11,VF3TSFCXTU0028064,northeast,2025-11-01,retail,57580,1700
2025-11,VF3TPACXTU0028065,northeast,2025-11-07,retail,50300,1700
2025-11,VF3TCAEXTU0028067,central,2025-11-15,retail,46140,1700
2025-11,VF3TCFHXTU0028070,southeast,2025-11-24,retail,46140,1700
2025-11,VF3TPAAXTU0028072,southeast,2025-11-23,fleet,50300,1700
2025-11,VF3TPFDXTU0028073,south,2025-11-24,retail,50300,1700
2025-11,VF3TPAAXTU0028075,central,2025-11-09,retail,50300,1700
2025-11,VF3TCAEXSU0028076,northeast,2025-11-07,retail,46140,1700
2025-11,VF3TPFGXTU0028078,central,2025-11-03,retail,50300,1700
2025-11,VF3TCFBXTU0028079,south,2025-11-19,retail,46140,1700
2025-11,VF3TCFAXTU0028080,west,2025-11-05,retail,46140,1700
2025-11,VF3TPACXTU0028083,west,2025-11-21,retail,50300,1700
2025-11,VF3TCFGXTU0028084,south,2025-11-19,retail,46140,1700
2025-11,VF3TPAHXTU0028086,west,2025-11-18,retail,50300,1700
2025-11,VF3TPACXTU0028088,northeast,2025-11-11,retail,50300,1700
2025-11,VF3TPACXTU0028089,northeast,2025-11-27,retail,50300,1700
2025-11,VF3TPADXSU0028090,west,2025-11-21,retail,50300,1700
2025-11,VF3TPADXSU0028091,west,2025-11-27,retail,50300,1700
2025-11,VF3TPAEXTU0028095,central,2025-11-09,retail,50300,1700
2025-11,VF3TCAAXTU0028101,south,2025-11-26,fleet,46140,1700
2025-11,VF3TCAAXTU0028104,west,2025-11-26,retail,46140,1700
2025-11,VF3TCAFXTU0028105,southeast,2025-11-23,retail,46140,1700
2025-11,VF3TPACXTU0028106,central,2025-11-27,retail,50300,1700
2025-11,VF3TCAEXTU0028107,southeast,2025-11-23,retail,46140,1700
2025-11,VF3TCAFXTU0028108,central,2025-11-13,retail,46140,1700
2025-11,VF3TSAGXTU0028110,southeast,2025-11-06,fleet,57580,1700
2025-11,VF3TSFGXTU0028113,south,2025-11-02,retail,57580,1700
2025-11,VF3TCAHXTU0028119,south,2025-11-21,retail,46140,1700
2025-11,VF3TSABXTU0028120,west,2025-11-26,retail,57580,1700
2025-11,VF3TCAAXTU0028121,central,2025-11-13,retail,46140,1700
2025-11,VF3TCAGXSU0028122,southeast,2025-11-14,retail,46140,1700
2025-11,VF3TCABXTU0028123,west,2025-11-28,retail,46140,1700
2025-11,VF3TSFAXTU0028125,south,2025-11-17,retail,57580,1700
2025-11,VF3TPAFXTU0028128,west,2025-11-16,retail,50300,1700
2025-11,VF3TSAGXTU0028129,west,2025-11-19,retail,57580,1700
2025-11,VF3TSAEXSU0028131,central,2025-11-25,retail,57580,1700
2025-11,VF3TPAHXTU0028133,central,2025-11-02,retail,50300,1700
2025-11,VF3TCAFXTU0028137,west,2025-11-16,retail,46140,1700
2025-11,VF3TPFAXTU0028138,southeast,2025-11-26,retail,50300,1700
2025-11,VF3TPFAXTU0028139,southeast,2025-11-05,retail,50300,1700
2025-11,VF3TCAAXTU0028140,central,2025-11-08,retail,46140,1700
2025-11,VF3TPAAXTU0028141,northeast,2025-11-08,retail,50300,1700
2025-11,VF3TPFGXTU0028142,south,2025-11-08,retail,50300,1700
2025-11,VF3TSFBXTU0028143,northeast,2025-11-02,retail,57580,1700
2025-11,VF3TPACXTU0028145,southeast,2025-11-04,retail,50300,1700
2025-11,VF3TCFHXTU0028147,south,2025-11-08,retail,46140,1700
2025-11,VF3TCADXTU0028148,south,2025-11-28,retail,46140,1700
2025-11,VF3TCACXTU0028150,southeast,2025-11-06,fleet,46140,1700
2025-11,VF3TSFGXSU0028152,west,2025-11-23,retail,57580,1700
2025-11,VF3TCACXTU0028155,southeast,2025-11-27,retail,46140,1700
2025-11,VF3TPFAXTU0028157,south,2025-11-21,retail,50300,1700
2025-11,VF3TPAAXTU0028158,southeast,2025-11-22,retail,50300,1700
2025-11,VF3TSABXSU0028160,southeast,2025-11-28,retail,57580,1700
2025-11,VF3TCAAXTU0028161,south,2025-11-13,retail,46140,1700
2025-11,VF3TPABXTU0028162,south,2025-11-03,retail,50300,1700
2025-11,VF3TCFCXTU0028164,south,2025-11-24,retail,46140,1700
2025-11,VF3TPABXSU0028165,south,2025-11-27,retail,50300,1700
2025-11,VF3TPABXTU0028166,southeast,2025-11-23,retail,50300,1700
2025-11,VF3TCACXTU0028167,west,2025-11-22,retail,46140,1700
2025-11,VF3TPACXTU0028169,central,2025-11-08,retail,50300,1700
2025-11,VF3TSFBXTU0028170,south,2025-11-26,retail,57580,1700
2025-11,VF3TCACXTU0028171,northeast,2025-11-22,retail,46140,1700
2025-11,VF3TPADXTU0028173,west,2025-11-24,retail,50300,1700
2025-11,VF3TSFDXTU0028174,west,2025-11-13,retail,57580,1700
2025-11,VF3TPAHXTU0028175,west,2025-11-27,retail,50300,1700
2025-11,VF3TPAAXTU0028176,west,2025-11-03,retail,50300,1700
2025-11,VF3TSACXSU0028177,west,2025-11-15,retail,57580,1700
2025-11,VF3TPFFXTU0028180,south,2025-11-12,retail,50300,1700
2025-11,VF3TPAFXSU0028181,northeast,2025-11-12,retail,50300,1700
2025-11,VF3TPABXTU0028182,south,2025-11-21,retail,50300,1700
2025-11,VF3TPADXSU0028183,southeast,2025-11-03,retail,50300,1700
2025-11,VF3TCABXTU0028185,south,2025-11-02,retail,46140,1700
2025-11,VF3TCABXTU0028188,west,2025-11-06,retail,46140,1700
2025-11,VF3TPAAXSU0028191,northeast,2025-11-10,retail,50300,1700
2025-11,VF3TCFDXTU0028192,south,2025-11-06,retail,46140,1700
2025-11,VF3TSFAXTU0028194,south,2025-11-09,retail,57580,1700
2025-11,VF3TPACXTU0028195,northeast,2025-11-07,retail,50300,1700
2025-11,VF3TPAGXSU0028196,northeast,2025-11-18,retail,50300,1700
2025-11,VF3TPAHXTU0028199,south,2025-11-21,retail,50300,1700
2025-11,VF3TSABXTU0028201,central,2025-11-05,retail,57580,1700
2025-11,VF3TPFAXTU0028202,south,2025-11-14,fleet,50300,1700
2025-11,VF3TPAAXSU0028206,south,2025-11-08,retail,50300,1700
2025-11,VF3TSACXTU0028208,central,2025-11-11,retail,57580,1700
2025-11,VF3TPABXTU0028209,south,2025-11-23,retail,50300,1700
2025-11,VF3TPFCXTU0028210,west,2025-11-25,retail,50300,1700
2025-11,VF3TCFEXTU0028215,west,2025-11-11,retail,46140,1700
2025-11,VF3TPAAXTU0028216,northeast,2025-11-08,retail,50300,1700
2025-11,VF3TPACXTU0028217,northeast,2025-11-24,retail,50300,1700
2025-11,VF3TCAAXTU0028218,southeast,2025-11-10,retail,46140,1700
2025-11,VF3TPACXTU0028222,central,2025-11-23,retail,50300,1700
2025-11,VF3TSFCXTU0028224,west,2025-11-05,retail,57580,1700
2025-11,VF3TCFCXTU0028226,west,2025-11-08,retail,46140,1700
2025-11,VF3TPAAXTU0028227,central,2025-11-16,retail,50300,1700
2025-11,VF3TPFDXTU0028228,south,2025-11-06,retail,50300,1700
2025-11,VF3TPAAXTU0028229,south,2025-11-27,retail,50300,1700
2025-11,VF3TCABXTU0028230,central,2025-11-19,retail,46140,1700
2025-11,VF3TCAAXTU0028231,northeast,2025-11-07,retail,46140,1700
2025-11,VF3TPFGXSU0028232,south,2025-11-06,retail,50300,1700
2025-11,VF3TCAAXTU0028235,southeast,2025-11-11,retail,46140,1700
2025-11,VF3TPADXTU0028236,south,2025-11-04,fleet,50300,1700
2025-11,VF3VPFHXTU0028239,northeast,2025-11-14,retail,36800,1700
2025-11,VF3VSAAXTU0028240,southeast,2025-11-09,fleet,42190,1700
2025-11,VF3VSFDXTU0028241,south,2025-11-01,retail,42190,1700
2025-11,VF3VCFEXTU0028246,central,2025-11-08,retail,33720,1700
2025-11,VF3VPFDXTU0028247,west,2025-11-18,retail,36800,1700
2025-11,VF3VCFEXTU0028248,southeast,2025-11-24,retail,33720,1700
2025-11,VF3VPAAXTU0028249,central,2025-11-25,retail,36800,1700
2025-11,VF3VPFGXTU0028251,south,2025-11-06,retail,36800,1700
2025-11,VF3VCFGXSU0028253,southeast,2025-11-07,retail,33720,1700
2025-11,VF3VSFEXTU0028257,west,2025-11-24,retail,42190,1700
2025-11,VF3VCFEXTU0028259,west,2025-11-20,retail,33720,1700
2025-11,VF3VCAFXTU0028262,central,2025-11-07,retail,33720,1700
2025-11,VF3VPFHXSU0028264,central,2025-11-14,retail,36800,1700
2025-11,VF3VSAAXTU0028265,northeast,2025-11-15,retail,42190,1700
2025-11,VF3VCABXSU0028270,northeast,2025-11-02,fleet,33720,1700
2025-11,VF3VSFCXTU0028271,southeast,2025-11-16,retail,42190,1700
2025-11,VF3VSACXTU0028272,northeast,2025-11-09,retail,42190,1700
2025-11,VF3VCAAXSU0028273,west,2025-11-14,retail,33720,1700
2025-11,VF3VPFCXTU0028274,central,2025-11-09,retail,36800,1700
2025-11,VF3VSAEXTU0028275,west,2025-11-18,retail,42190,1700
2025-11,VF3VPFBXTU0028278,south,2025-11-10,retail,36800,1700
2025-11,VF3VCAAXTU0028279,west,2025-11-11,retail,33720,1700
2025-11,VF3VPAEXTU0028282,southeast,2025-11-21,retail,36800,1700
2025-11,VF3VPFCXTU0028288,central,2025-11-03,retail,36800,1700
2025-11,VF3VCAAXTU0028289,southeast,2025-11-23,retail,33720,1700
2025-11,VF3VSAHXSU0028292,central,2025-11-01,retail,42190,1700
2025-11,VF3VPACXTU0028293,central,2025-11-04,retail,36800,1700
2025-11,VF3VCFAXTU0028294,west,2025-11-08,fleet,33720,1700
2025-11,VF3VCAGXSU0028298,west,2025-11-08,retail,33720,1700
2025-11,VF3VCAAXTU0028300,northeast,2025-11-07,retail,33720,1700
2025-11,VF3VPFCXTU0028301,south,2025-11-20,retail,36800,1700
2025-11,VF3VPADXTU0028302,south,2025-11-09,retail,36800,1700
2025-11,VF3VPADXTU0028303,southeast,2025-11-02,retail,36800,1700
2025-11,VF3VPFAXSU0028305,west,2025-11-27,retail,36800,1700
2025-11,VF3VPFBXTU0028306,west,2025-11-11,retail,36800,1700
2025-11,VF3VPFDXTU0028310,southeast,2025-11-26,retail,36800,1700
2025-11,VF3VCFFXSU0028311,northeast,2025-11-17,retail,33720,1700
2025-11,VF3VCAAXSU0028313,west,2025-11-21,retail,33720,1700
2025-11,VF3VCAHXSU0028316,west,2025-11-19,retail,33720,1700
2025-11,VF3VPAGXTU0028318,south,2025-11-01,retail,36800,1700
2025-11,VF3VSACXSU0028322,central,2025-11-05,retail,42190,1700
2025-11,VF3VSFCXTU0028323,west,2025-11-18,retail,42190,1700
2025-11,VF3VCAFXTU0028324,west,2025-11-06,retail,33720,1700
2025-11,VF3VSFAXTU0028328,south,2025-11-11,retail,42190,1700
2025-11,VF3VCFAXTU0028329,west,2025-11-12,retail,33720,1700
2025-11,VF3VPFAXTU0028330,central,2025-11-07,retail,36800,1700
2025-11,VF3VCFAXTU0028333,west,2025-11-17,retail,33720,1700
2025-11,VF3VSFCXTU0028334,west,2025-11-24,retail,42190,1700
2025-11,VF3VPFAXTU0028337,northeast,2025-11-23,retail,36800,1700
2025-11,VF3VPFEXTU0028341,south,2025-11-17,retail,36800,1700
2025-11,VF3VSABXTU0028344,southeast,2025-11-28,retail,42190,1700
2025-11,VF3VCFFXSU0028346,south,2025-11-04,retail,33720,1700
2025-11,VF3VCFEXTU0028349,west,2025-11-14,retail,33720,1700
2025-11,VF3VPFFXTU0028351,south,2025-11-22,retail,36800,1700
2025-11,VF3VCFHXTU0028353,southeast,2025-11-01,retail,33720,1700
2025-11,VF3VSFEXTU0028354,northeast,2025-11-14,fleet,42190,1700
2025-11,VF3VCFCXTU0028355,west,2025-11-20,retail,33720,1700
2025-11,VF3VPAGXTU0028356,central,2025-11-11,retail,36800,1700
2025-11,VF3VCFDXTU0028360,southeast,2025-11-04,retail,33720,1700
2025-11,VF3VCAFXSU0028361,northeast,2025-11-27,fleet,33720,1700
2025-11,VF3VCFEXTU0028362,west,2025-11-14,retail,33720,1700
2025-11,VF3VCAAXTU0028363,south,2025-11-22,retail,33720,1700
2025-11,VF3VPABXTU0028366,northeast,2025-11-03,retail,36800,1700
2025-11,VF3VCFBXSU0028371,southeast,2025-11-13,retail,33720,1700
2025-11,VF3VCAFXSU0028372,central,2025-11-28,fleet,33720,1700
2025-11,VF3VSFAXTU0028374,west,2025-11-24,retail,42190,1700
2025-11,VF3VPAAXTU0028378,northeast,2025-11-13,retail,36800,1700
2025-11,VF3VSABXTU0028379,southeast,2025-11-19,retail,42190,1700
2025-11,VF3VCAHXTU0028380,central,2025-11-28,retail,33720,1700
2025-11,VF3VPFGXSU0028381,south,2025-11-13,retail,36800,1700
2025-11,VF3VCFEXTU0028383,northeast,2025-11-15,retail,33720,1700
2025-11,VF3VSABXTU0028384,west,2025-11-18,retail,42190,1700
2025-11,VF3VPFAXTU0028385,southeast,2025-11-21,retail,36800,1700
2025-11,VF3VCACXTU0028386,central,2025-11-03,retail,33720,1700
2025-11,VF3VSFBXTU0028387,south,2025-11-13,retail,42190,1700
2025-11,VF3VPADXTU0028388,central,2025-11-26,retail,36800,1700
2025-11,VF3VSFDXTU0028389,south,2025-11-19,retail,42190,1700
2025-11,VF3VPACXTU0028390,southeast,2025-11-11,retail,36800,1700
2025-11,VF3VPFAXTU0028392,northeast,2025-11-12,retail,36800,1700
2025-11,VF3VPABXTU0028393,west,2025-11-12,retail,36800,1700
2025-11,VF3VCADXTU0028395,central,2025-11-10,retail,33720,1700
2025-11,VF3VSFAXTU0028398,southeast,2025-11-06,retail,42190,1700
2025-11,VF3VCAFXTU0028399,central,2025-11-23,retail,33720,1700
2025-11,VF3VCAAXTU0028402,south,2025-11-11,retail,33720,1700
2025-11,VF3VCFCXTU0028406,southeast,2025-11-19,retail,33720,1700
2025-11,VF3VPFFXTU0028408,northeast,2025-11-09,retail,36800,1700
2025-11,VF3VPFDXTU0028409,south,2025-11-09,retail,36800,1700
2025-11,VF3VPFDXTU0028412,west,2025-11-19,retail,36800,1700
2025-11,VF3VCABXTU0028414,west,2025-11-12,retail,33720,1700
2025-11,VF3VCAAXTU0028415,central,2025-11-03,retail,33720,1700
2025-11,VF3VSAAXTU0028416,central,2025-11-04,retail,42190,1700
2025-11,VF3VSABXTU0028417,northeast,2025-11-11,retail,42190,1700
2025-11,VF3VPABXTU0028419,west,2025-11-12,retail,36800,1700
2025-11,VF3VSABXTU0028420,southeast,2025-11-19,retail,42190,1700
2025-11,VF3VCFFXTU0028423,southeast,2025-11-27,retail,33720,1700
2025-11,VF3VSFAXTU0028424,south,2025-11-25,fleet,42190,1700
2025-11,VF3VPAFXTU0028426,south,2025-11-24,retail,36800,1700
2025-11,VF3VSFAXTU0028427,south,2025-11-15,retail,42190,1700
2025-11,VF3VCFCXTU0028428,south,2025-11-23,retail,33720,1700
2025-11,VF3VCFBXTU0028436,west,2025-11-26,retail,33720,1700
2025-11,VF3VSFFXTU0028438,west,2025-11-18,retail,42190,1700
2025-11,VF3VPFGXTU0028439,central,2025-11-06,retail,36800,1700
2025-11,VF3VPAGXTU0028440,west,2025-11-26,retail,36800,1700
2025-11,VF3VSFDXTU0028441,northeast,2025-11-07,retail,42190,1700
2025-11,VF3VPACXTU0028443,central,2025-11-10,fleet,36800,1700
2025-11,VF3VCFDXTU0028446,south,2025-11-07,retail,33720,1700
2025-11,VF3VPAFXTU0028447,northeast,2025-11-11,retail,36800,1700
2025-11,VF3VSAHXTU0028448,west,2025-11-15,retail,42190,1700
2025-11,VF3VSFEXSU0028449,southeast,2025-11-16,retail,42190,1700
2025-11,VF3VSFFXSU0028450,southeast,2025-11-13,retail,42190,1700
2025-11,VF3VCFBXSU0028453,central,2025-11-24,retail,33720,1700
2025-11,VF3VCFBXSU0028454,northeast,2025-11-24,retail,33720,1700
2025-11,VF3VCFFXSU0028455,central,2025-11-12,retail,33720,1700
2025-11,VF3VPABXTU0028456,central,2025-11-14,retail,36800,1700
2025-11,VF3VPFBXTU0028457,northeast,2025-11-18,retail,36800,1700
2025-11,VF3VPAAXSU0028458,west,2025-11-26,retail,36800,1700
2025-11,VF3VCABXTU0028459,central,2025-11-08,retail,33720,1700
2025-11,VF3VSFHXSU0028460,west,2025-11-26,retail,42190,1700
2025-11,VF3VSAGXTU0028461,northeast,2025-11-02,retail,42190,1700
2025-11,VF3VPFCXTU0028465,south,2025-11-27,retail,36800,1700
2025-11,VF3VCFCXSU0028467,south,2025-11-24,retail,33720,1700
2025-11,VF3VPFEXTU0028468,west,2025-11-16,retail,36800,1700
2025-11,VF3VPACXTU0028469,central,2025-11-01,retail,36800,1700
2025-11,VF3VPAAXTU0028470,west,2025-11-14,retail,36800,1700
2025-11,VF3VPAAXTU0028471,west,2025-11-25,retail,36800,1700
2025-11,VF3VPABXTU0028472,northeast,2025-11-05,retail,36800,1700
2025-11,VF3VPFDXTU0028473,central,2025-11-07,retail,36800,1700
2025-11,VF3VPADXTU0028474,northeast,2025-11-24,retail,36800,1700
2025-11,VF3VPACXTU0028475,central,2025-11-27,retail,36800,1700
2025-11,VF3VCFBXTU0028476,southeast,2025-11-17,retail,33720,1700
2025-11,VF3VCFGXSU0028477,central,2025-11-03,retail,33720,1700
2025-11,VF3VCAAXTU0028482,south,2025-11-11,retail,33720,1700
2025-11,VF3VPFDXTU0028483,northeast,2025-11-26,retail,36800,1700
2025-11,VF3VCAEXTU0028484,west,2025-11-01,retail,33720,1700
2025-11,VF3VCFGXTU0028485,west,2025-11-28,retail,33720,1700
2025-11,VF3VCFAXTU0028486,northeast,2025-11-24,retail,33720,1700
2025-11,VF3VPAEXTU0028488,south,2025-11-12,retail,36800,1700
2025-11,VF3VCAAXTU0028491,south,2025-11-09,retail,33720,1700
2025-11,VF3VCFDXTU0028494,south,2025-11-10,retail,33720,1700
2025-11,VF3VCFAXTU0028497,south,2025-11-27,retail,33720,1700
2025-11,VF3VPAEXSU0028503,south,2025-11-20,retail,36800,1700
2025-11,VF3VCAGXTU0028504,south,2025-11-16,retail,33720,1700
2025-11,VF3VCFAXTU0028506,south,2025-11-04,retail,33720,1700
2025-11,VF3VPFBXTU0028507,south,2025-11-13,fleet,36800,1700
2025-11,VF3VPFBXTU0028508,southeast,2025-11-20,retail,36800,1700
2025-11,VF3VCFAXTU0028510,central,2025-11-21,retail,33720,1700
2025-11,VF3VPFGXTU0028512,southeast,2025-11-28,retail,36800,1700
2025-11,VF3VPACXTU0028513,south,2025-11-28,retail,36800,1700
2025-11,VF3VCFDXTU0028515,southeast,2025-11-07,retail,33720,1700
2025-11,VF3VCFDXTU0028517,northeast,2025-11-20,fleet,33720,1700
2025-11,VF3VPFFXTU0028522,south,2025-11-03,retail,36800,1700
2025-11,VF3VSAGXTU0028524,central,2025-11-19,retail,42190,1700
2025-11,VF3VPAGXTU0028525,west,2025-11-20,retail,36800,1700
2025-11,VF3VPAAXTU0028530,central,2025-11-01,retail,36800,1700
2025-11,VF3VSFDXTU0028531,south,2025-11-06,retail,42190,1700
2025-11,VF3VCAAXTU0028535,west,2025-11-16,retail,33720,1700
2025-11,VF3VPFAXTU0028536,south,2025-11-05,retail,36800,1700
2025-11,VF3VCFBXTU0028537,south,2025-11-08,retail,33720,1700
2025-11,VF3VPFAXTU0028538,central,2025-11-16,retail,36800,1700
2025-11,VF3VCFAXTU0028539,west,2025-11-17,retail,33720,1700
2025-11,VF3VCADXTU0028542,south,2025-11-27,retail,33720,1700
2025-11,VF3VCFAXTU0028544,central,2025-11-24,retail,33720,1700
2025-11,VF3VCFEXTU0028545,west,2025-11-21,retail,33720,1700
2025-11,VF3VPAAXTU0028546,northeast,2025-11-05,retail,36800,1700
2025-11,VF3VPFDXTU0028547,northeast,2025-11-02,retail,36800,1700
2025-11,VF3VSFCXSU0028552,south,2025-11-28,retail,42190,1700
2025-11,VF3VPAAXTU0028553,central,2025-11-19,retail,36800,1700
2025-11,VF3VCFCXTU0028555,west,2025-11-10,retail,33720,1700
2025-11,VF3VPFCXTU0028556,west,2025-11-13,retail,36800,1700
2025-11,VF3VPAAXTU0028557,northeast,2025-11-05,retail,36800,1700
2025-11,VF3VPAAXTU0028560,central,2025-11-14,retail,36800,1700
2025-11,VF3VPFDXTU0028561,central,2025-11-24,retail,36800,1700
2025-11,VF3VPFBXTU0028562,west,2025-11-08,retail,36800,1700
2025-11,VF3VPFCXTU0028565,south,2025-11-27,retail,36800,1700
2025-11,VF3VCFAXSU0028568,west,2025-11-20,retail,33720,1700
2025-11,VF3VCABXTU0028569,west,2025-11-10,fleet,33720,1700
2025-11,VF3VPFEXSU0028571,south,2025-11-23,retail,36800,1700
2025-11,VF3VSABXTU0028572,southeast,2025-11-21,retail,42190,1700
2025-11,VF3VCACXTU0028573,southeast,2025-11-26,retail,33720,1700
2025-11,VF3VPFCXTU0028574,central,2025-11-11,retail,36800,1700
2025-11,VF4ACFAXTU0028575,west,2025-11-13,retail,52188,2000
2025-11,VF4ACFDXTU0028578,northeast,2025-11-18,retail,52188,2000
2025-11,VF4APADXTU0028579,northeast,2025-11-17,retail,56900,2000
2025-11,VF4APFDXTU0028581,south,2025-11-23,retail,56900,2000
2025-11,VF4ASAAXTU0028584,central,2025-11-21,retail,65146,2000
2025-11,VF4ACABXTU0028585,northeast,2025-11-11,retail,52188,2000
2025-11,VF4APABXTU0028586,central,2025-11-17,retail,56900,2000
2025-11,VF4APFAXTU0028587,south,2025-11-03,retail,56900,2000
2025-11,VF4ACACXSU0028588,south,2025-11-27,retail,52188,2000
2025-11,VF4APFFXSU0028589,northeast,2025-11-18,retail,56900,2000
2025-11,VF4ASAEXTU0028592,west,2025-11-23,retail,65146,2000
2025-11,VF4APAEXTU0028596,west,2025-11-06,retail,56900,2000
2025-11,VF4ASACXSU0028597,central,2025-11-06,retail,65146,2000
2025-11,VF4ACFEXTU0028598,southeast,2025-11-22,retail,52188,2000
2025-11,VF4ASAEXTU0028599,west,2025-11-27,retail,65146,2000
2025-11,VF4APAFXSU0028601,southeast,2025-11-07,retail,56900,2000
2025-11,VF4APFGXTU0028602,west,2025-11-02,retail,56900,2000
2025-11,VF4APAGXTU0028603,west,2025-11-03,retail,56900,2000
2025-11,VF4ACFDXTU0028604,northeast,2025-11-25,retail,52188,2000
2025-11,VF4APADXTU0028605,west,2025-11-15,retail,56900,2000
2025-11,VF4ACABXTU0028608,northeast,2025-11-26,retail,52188,2000
2025-11,VF4ACFAXTU0028612,southeast,2025-11-21,retail,52188,2000
2025-11,VF4ASABXTU0028613,west,2025-11-18,retail,65146,2000
2025-11,VF4APFBXTU0028614,south,2025-11-15,retail,56900,2000
2025-11,VF4APFHXTU0028616,central,2025-11-15,retail,56900,2000
2025-11,VF4APFEXSU0028617,southeast,2025-11-24,retail,56900,2000
2025-11,VF4ASAAXTU0028622,west,2025-11-16,retail,65146,2000
2025-11,VF4APABXTU0028623,northeast,2025-11-04,retail,56900,2000
2025-11,VF4ACFAXTU0028624,west,2025-11-27,retail,52188,2000
2025-11,VF4APAAXTU0028625,south,2025-11-02,retail,56900,2000
2025-11,VF4APFAXSU0028626,southeast,2025-11-22,retail,56900,2000
2025-11,VF4ACACXTU0028627,northeast,2025-11-15,retail,52188,2000
2025-11,VF4APFCXTU0028628,south,2025-11-19,retail,56900,2000
2025-11,VF4APFAXTU0028631,northeast,2025-11-17,retail,56900,2000
2025-11,VF4APABXSU0028633,southeast,2025-11-10,retail,56900,2000
2025-11,VF4APFBXTU0028637,northeast,2025-11-02,retail,56900,2000
2025-11,VF4ACABXTU0028638,northeast,2025-11-11,retail,52188,2000
2025-11,VF4ASAFXTU0028639,west,2025-11-11,retail,65146,2000
2025-11,VF4ASAAXTU0028640,southeast,2025-11-26,retail,65146,2000
2025-11,VF4ACACXTU0028641,northeast,2025-11-15,retail,52188,2000
2025-11,VF4ACAAXSU0028644,northeast,2025-11-11,retail,52188,2000
2025-11,VF4ACAHXTU0028645,central,2025-11-18,fleet,52188,2000
2025-11,VF4ACAEXSU0028646,west,2025-11-16,retail,52188,2000
2025-11,VF4ASAHXTU0028647,south,2025-11-19,retail,65146,2000
2025-11,VF4APAAXTU0028649,west,2025-11-12,retail,56900,2000
2025-11,VF4APFBXSU0028651,northeast,2025-11-15,retail,56900,2000
2025-11,VF4ASAAXTU0028652,northeast,2025-11-27,retail,65146,2000
2025-11,VF4ACFAXTU0028655,west,2025-11-06,retail,52188,2000
2025-11,VF4ASAGXTU0028659,west,2025-11-10,retail,65146,2000
2025-11,VF4APADXTU0028660,southeast,2025-11-23,retail,56900,2000
2025-11,VF4ASFDXTU0028661,west,2025-11-28,retail,65146,2000
2025-11,VF4ASAAXTU0028662,west,2025-11-06,retail,65146,2000
2025-11,VF4ACFBXSU0028663,northeast,2025-11-20,retail,52188,2000
2025-11,VF4ASFAXTU0028664,central,2025-11-23,retail,65146,2000
2025-11,VF4ACADXTU0028665,northeast,2025-11-11,retail,52188,2000
2025-11,VF4APAHXTU0028667,west,2025-11-24,retail,56900,2000
2025-11,VF4APAHXSU0028670,northeast,2025-11-14,retail,56900,2000
2025-11,VF4ACFCXSU0028673,southeast,2025-11-21,retail,52188,2000
2025-11,VF4ASADXTU0028674,west,2025-11-07,retail,65146,2000
2025-11,VF4ASAEXTU0028675,northeast,2025-11-15,retail,65146,2000
2025-11,VF5MPFAXSM0028677,south,2025-11-24,retail,28800,2400
2025-11,VF5MPFDXTM0028679,southeast,2025-11-25,retail,28800,2400
2025-11,VF5MCAGXTM0028680,southeast,2025-11-13,retail,26304,2400
2025-11,VF5MCAAXTM0028681,northeast,2025-11-27,retail,26304,2400
2025-11,VF5MSAAXTM0028682,northeast,2025-11-22,retail,33168,2400
2025-11,VF5MPAAXTM0028683,west,2025-11-20,retail,28800,2400
2025-11,VF5MCFEXTM0028684,west,2025-11-08,retail,26304,2400
2025-11,VF5MSFBXTM0028687,central,2025-11-16,retail,33168,2400
2025-11,VF5MSAEXTM0028689,central,2025-11-19,retail,33168,2400
2025-11,VF5MCADXTM0028690,southeast,2025-11-11,retail,26304,2400
2025-11,VF5MSFBXSM0028691,southeast,2025-11-07,retail,33168,2400
2025-11,VF5MPFDXTM0028693,southeast,2025-11-13,retail,28800,2400
2025-11,VF5MCFAXTM0028694,south,2025-11-23,retail,26304,2400
2025-11,VF5MPFAXTM0028696,south,2025-11-28,retail,28800,2400
2025-11,VF5MCFHXTM0028697,southeast,2025-11-04,fleet,26304,2400
2025-11,VF5MPAGXTM0028698,central,2025-11-09,retail,28800,2400
2025-11,VF5MPFCXTM0028700,west,2025-11-28,retail,28800,2400
2025-11,VF5MPFAXTM0028701,central,2025-11-13,retail,28800,2400
2025-11,VF5MPFCXTM0028702,southeast,2025-11-13,retail,28800,2400
2025-11,VF5MPFAXTM0028703,west,2025-11-03,retail,28800,2400
2025-11,VF5MCFAXTM0028706,west,2025-11-01,retail,26304,2400
2025-11,VF5MCFBXTM0028707,west,2025-11-25,retail,26304,2400
2025-11,VF5MPFAXTM0028708,west,2025-11-07,retail,28800,2400
2025-11,VF5MSACXTM0028711,northeast,2025-11-10,fleet,33168,2400
2025-11,VF5MCAAXTM0028712,west,2025-11-27,retail,26304,2400
2025-11,VF5MPABXTM0028714,northeast,2025-11-28,retail,28800,2400
2025-11,VF5MCAAXTM0028716,northeast,2025-11-19,retail,26304,2400
2025-11,VF5MSADXTM0028717,west,2025-11-01,retail,33168,2400
2025-11,VF5MCAHXTM0028718,northeast,2025-11-06,retail,26304,2400
2025-11,VF5MPFBXTM0028719,west,2025-11-24,retail,28800,2400
2025-11,VF5MSFDXTM0028720,south,2025-11-23,retail,33168,2400
2025-11,VF5MCFFXTM0028721,southeast,2025-11-04,retail,26304,2400
2025-11,VF5MPAAXSM0028722,southeast,2025-11-18,retail,28800,2400
2025-11,VF5MSFGXTM0028727,west,2025-11-08,retail,33168,2400
2025-11,VF5MCFHXSM0028729,northeast,2025-11-02,retail,26304,2400
2025-11,VF5MSFHXTM0028735,northeast,2025-11-09,retail,33168,2400
2025-11,VF5MPFAXSM0028737,northeast,2025-11-20,retail,28800,2400
2025-11,VF5MPFAXSM0028739,central,2025-11-09,retail,28800,2400
2025-11,VF5MSFBXTM0028741,west,2025-11-07,retail,33168,2400
2025-11,VF5MCAHXTM0028742,central,2025-11-11,fleet,26304,2400
2025-11,VF5MSFGXTM0028743,west,2025-11-11,fleet,33168,2400
2025-11,VF5MCFCXSM0028744,northeast,2025-11-02,retail,26304,2400
2025-11,VF5MPFEXTM0028745,west,2025-11-09,retail,28800,2400
2025-11,VF5MPFFXTM0028746,south,2025-11-09,retail,28800,2400
2025-11,VF5MPFEXTM0028749,south,2025-11-21,retail,28800,2400
2025-11,VF5MSFHXTM0028750,south,2025-11-01,retail,33168,2400
2025-11,VF5MCAAXTM0028752,west,2025-11-27,retail,26304,2400
2025-11,VF5MSFGXTM0028754,southeast,2025-11-23,fleet,33168,2400
2025-11,VF5MCFAXTM0028755,west,2025-11-13,retail,26304,2400
2025-11,VF5MSFGXSM0028757,southeast,2025-11-12,retail,33168,2400
2025-11,VF5MPAAXTM0028758,west,2025-11-14,retail,28800,2400
2025-11,VF5MPFAXTM0028759,south,2025-11-14,retail,28800,2400
2025-11,VF5MCFDXTM0028760,northeast,2025-11-23,retail,26304,2400
2025-11,VF5MPFFXTM0028761,southeast,2025-11-11,retail,28800,2400
2025-11,VF5MPFBXTM0028763,west,2025-11-12,retail,28800,2400
2025-11,VF5MCFCXTM0028764,southeast,2025-11-05,retail,26304,2400
2025-11,VF5MSFAXTM0028765,south,2025-11-02,retail,33168,2400
2025-11,VF5MPAFXTM0028767,west,2025-11-06,retail,28800,2400
2025-11,VF5MPADXTM0028768,northeast,2025-11-22,retail,28800,2400
2025-11,VF5MCFFXTM0028769,central,2025-11-01,retail,26304,2400
2025-11,VF5MCFDXTM0028770,west,2025-11-15,retail,26304,2400
2025-11,VF5MPFFXTM0028771,northeast,2025-11-08,retail,28800,2400
2025-11,VF5MPFHXTM0028777,southeast,2025-11-05,retail,28800,2400
2025-11,VF5MSFBXTM0028778,south,2025-11-13,retail,33168,2400
2025-11,VF5MSFAXTM0028779,central,2025-11-28,retail,33168,2400
2025-11,VF5MCFGXTM0028781,central,2025-11-27,fleet,26304,2400
2025-11,VF5MPFAXTM0028788,south,2025-11-19,retail,28800,2400
2025-11,VF5MSFFXTM0028789,south,2025-11-22,retail,33168,2400
2025-11,VF5MSFDXTM0028791,southeast,2025-11-20,retail,33168,2400
2025-11,VF5MCAAXTM0028792,northeast,2025-11-28,retail,26304,2400
2025-11,VF5MCFCXTM0028793,west,2025-11-19,retail,26304,2400
2025-11,VF5MCFBXTM0028794,central,2025-11-07,retail,26304,2400
2025-11,VF5MCABXTM0028795,northeast,2025-11-23,retail,26304,2400
2025-11,VF5MSFFXTM0028797,central,2025-11-21,retail,33168,2400
2025-11,VF5MCAFXTM0028798,northeast,2025-11-22,retail,26304,2400
2025-11,VF5MCFBXTM0028799,central,2025-11-12,retail,26304,2400
2025-11,VF5MPFCXTM0028801,south,2025-11-22,retail,28800,2400
2025-11,VF5MPFEXTM0028802,south,2025-11-01,retail,28800,2400
2025-11,VF5MPADXTM0028804,central,2025-11-07,retail,28800,2400
2025-11,VF5MPFDXTM0028805,west,2025-11-17,retail,28800,2400
2025-11,VF5MPFAXTM0028806,central,2025-11-23,retail,28800,2400
2025-11,VF5MPFAXSM0028807,northeast,2025-11-26,retail,28800,2400
2025-11,VF5MCFCXTM0028809,west,2025-11-07,retail,26304,2400
2025-11,VF5MSFBXTM0028814,southeast,2025-11-06,retail,33168,2400
2025-11,VF5MPAEXSM0028815,central,2025-11-14,fleet,28800,2400
2025-11,VF5MCAFXTM0028817,central,2025-11-13,retail,26304,2400
2025-11,VF5MPAEXTM0028818,south,2025-11-26,retail,28800,2400
2025-11,VF5MCFHXSM0028819,central,2025-11-01,retail,26304,2400
2025-11,VF5MPFHXTM0028821,west,2025-11-03,retail,28800,2400
2025-11,VF5MPFAXTM0028822,west,2025-11-01,retail,28800,2400
2025-11,VF5MCFEXTM0028834,central,2025-11-16,retail,26304,2400
2025-11,VF5MCFCXTM0028836,west,2025-11-25,retail,26304,2400
2025-11,VF5MCFBXTM0028838,west,2025-11-15,retail,26304,2400
2025-11,VF5MCFEXSM0028840,central,2025-11-20,retail,26304,2400
2025-11,VF5MSFAXTM0028841,west,2025-11-20,retail,33168,2400
2025-11,VF5MCFBXTM0028843,northeast,2025-11-27,retail,26304,2400
2025-11,VF5MPFHXTM0028852,south,2025-11-18,retail,28800,2400
2025-11,VF5MCFBXTM0028853,southeast,2025-11-04,retail,26304,2400
2025-11,VF5MCFAXTM0028854,northeast,2025-11-03,retail,26304,2400
2025-11,VF5MSFCXTM0028855,southeast,2025-11-17,retail,33168,2400
2025-11,VF5MPFHXTM0028856,southeast,2025-11-04,retail,28800,2400
2025-11,VF5MSFAXTM0028859,west,2025-11-14,retail,33168,2400
2025-11,VF5MCFAXTM0028860,west,2025-11-25,retail,26304,2400
2025-11,VF5MPFEXTM0028861,northeast,2025-11-21,retail,28800,2400
2025-11,VF5MCAAXTM0028862,west,2025-11-03,retail,26304,2400
2025-11,VF5MPACXTM0028863,northeast,2025-11-27,retail,28800,2400
2025-11,VF5MPFBXTM0028864,south,2025-11-06,retail,28800,2400
2025-11,VF5MCFFXTM0028865,northeast,2025-11-12,retail,26304,2400
2025-11,VF5MSABXTM0028868,south,2025-11-26,retail,33168,2400
2025-11,VF5MSFDXTM0028871,central,2025-11-13,retail,33168,2400
2025-11,VF5MPFAXTM0028872,southeast,2025-11-01,retail,28800,2400
2025-11,VF5MCFFXTM0028875,west,2025-11-20,retail,26304,2400
2025-11,VF5MPFBXTM0028877,south,2025-11-16,retail,28800,2400
2025-11,VF5MCFDXTM0028879,northeast,2025-11-22,retail,26304,2400
2025-11,VF5MSFAXTM0028882,southeast,2025-11-11,retail,33168,2400
2025-11,VF5MPFHXTM0028884,southeast,2025-11-15,retail,28800,2400
2025-11,VF5MPFFXTM0028885,southeast,2025-11-17,retail,28800,2400
2025-11,VF5MCFEXTM0028886,west,2025-11-13,retail,26304,2400
2025-11,VF5MCFFXTM0028888,south,2025-11-15,retail,26304,2400
2025-11,VF5MPFFXTM0028891,west,2025-11-18,retail,28800,2400
2025-11,VF2NSFGXTK0028894,south,2025-11-14,retail,48802,1700
2025-11,VF2NPFDXTK0028895,central,2025-11-17,retail,42600,1700
2025-11,VF2NPAAXTK0028897,northeast,2025-11-15,retail,42600,1700
2025-11,VF2NPABXTK0028898,west,2025-11-03,retail,42600,1700
2025-11,VF2NPABXTK0028900,west,2025-11-01,retail,42600,1700
2025-11,VF2NPFDXTK0028901,northeast,2025-11-03,retail,42600,1700
2025-11,VF2NCFEXTK0028902,west,2025-11-10,retail,39056,1700
2025-11,VF2NCABXTK0028903,northeast,2025-11-23,retail,39056,1700
2025-11,VF2NPAAXTK0028904,northeast,2025-11-02,retail,42600,1700
2025-11,VF2NCFHXTK0028905,west,2025-11-22,retail,39056,1700
2025-11,VF2NPAAXTK0028906,southeast,2025-11-21,retail,42600,1700
2025-11,VF2NPFBXSK0028907,south,2025-11-08,retail,42600,1700
2025-11,VF2NPABXTK0028911,northeast,2025-11-02,retail,42600,1700
2025-11,VF2NSADXSK0028912,central,2025-11-25,retail,48802,1700
2025-11,VF2NPAAXTK0028914,central,2025-11-06,retail,42600,1700
2025-11,VF2NPFHXTK0028917,south,2025-11-26,retail,42600,1700
2025-11,VF2NSFFXTK0028918,south,2025-11-23,retail,48802,1700
2025-11,VF2NCFBXTK0028919,south,2025-11-16,retail,39056,1700
2025-11,VF2NSACXSK0028921,central,2025-11-09,retail,48802,1700
2025-11,VF2NPAAXTK0028922,west,2025-11-04,retail,42600,1700
2025-11,VF2NPFDXTK0028924,southeast,2025-11-10,retail,42600,1700
2025-11,VF2NPACXTK0028926,west,2025-11-23,retail,42600,1700
2025-11,VF2NSFBXTK0028927,southeast,2025-11-20,retail,48802,1700
2025-11,VF2NPFDXTK0028928,northeast,2025-11-13,fleet,42600,1700
2025-11,VF2NPFDXTK0028933,northeast,2025-11-22,fleet,42600,1700
2025-11,VF2NSFCXTK0028934,west,2025-11-05,retail,48802,1700
2025-11,VF2NPFAXTK0028935,central,2025-11-01,retail,42600,1700
2025-11,VF2NCFBXSK0028939,west,2025-11-10,retail,39056,1700
2025-11,VF2NPAEXTK0028940,southeast,2025-11-25,retail,42600,1700
2025-11,VF2NCFBXTK0028941,south,2025-11-25,retail,39056,1700
2025-11,VF2NPAEXTK0028942,south,2025-11-02,retail,42600,1700
2025-11,VF2NCFBXTK0028944,west,2025-11-15,fleet,39056,1700
2025-11,VF2NCFAXSK0028945,south,2025-11-13,retail,39056,1700
2025-11,VF2NCAEXTK0028948,west,2025-11-23,retail,39056,1700
2025-11,VF2NCAGXTK0028949,central,2025-11-16,retail,39056,1700
2025-11,VF2NCADXSK0028951,southeast,2025-11-16,retail,39056,1700
2025-11,VF2NPFAXSK0028952,central,2025-11-09,retail,42600,1700
2025-11,VF2NCFGXTK0028953,south,2025-11-12,fleet,39056,1700
2025-11,VF2NSFCXTK0028955,central,2025-11-21,retail,48802,1700
2025-11,VF2NPFEXTK0028958,west,2025-11-01,fleet,42600,1700
2025-11,VF2NPADXTK0028959,northeast,2025-11-11,retail,42600,1700
2025-11,VF2NPFCXTK0028960,south,2025-11-18,retail,42600,1700
2025-11,VF2NPFAXTK0028962,south,2025-11-01,retail,42600,1700
2025-11,VF2NCFFXSK0028964,south,2025-11-11,retail,39056,1700
2025-11,VF2NPAGXTK0028965,northeast,2025-11-03,retail,42600,1700
2025-11,VF2NSABXSK0028969,southeast,2025-11-28,retail,48802,1700
2025-11,VF2NCABXSK0028972,west,2025-11-18,retail,39056,1700
2025-11,VF2NPFCXTK0028974,southeast,2025-11-15,fleet,42600,1700
2025-11,VF2NPFCXTK0028975,southeast,2025-11-27,retail,42600,1700
2025-11,VF2NSFDXTK0028976,central,2025-11-12,retail,48802,1700
2025-11,VF2NSACXTK0028977,southeast,2025-11-08,retail,48802,1700
2025-11,VF2NPFGXTK0028978,south,2025-11-02,retail,42600,1700
2025-11,VF2NCFCXTK0028979,northeast,2025-11-24,retail,39056,1700
2025-11,VF2NPFCXTK0028980,northeast,2025-11-15,retail,42600,1700
2025-11,VF2NCFEXSK0028984,northeast,2025-11-25,retail,39056,1700
2025-11,VF2NPFEXTK0028985,south,2025-11-21,retail,42600,1700
2025-11,VF2NPFAXTK0028986,south,2025-11-06,retail,42600,1700
2025-11,VF2NCFGXSK0028987,west,2025-11-07,fleet,39056,1700
2025-11,VF2NCAAXTK0028988,west,2025-11-21,retail,39056,1700
2025-11,VF2NCFBXSK0028989,southeast,2025-11-10,retail,39056,1700
2025-11,VF2NPAGXTK0028991,west,2025-11-23,retail,42600,1700
2025-11,VF2NCFBXTK0028992,southeast,2025-11-05,retail,39056,1700
2025-11,VF2NCFBXTK0028993,central,2025-11-25,retail,39056,1700
2025-11,VF2NCFFXSK0028994,northeast,2025-11-03,retail,39056,1700
2025-11,VF2NSFAXTK0028996,west,2025-11-18,retail,48802,1700
2025-11,VF2NCFAXSK0028998,central,2025-11-15,retail,39056,1700
2025-11,VF2NPFDXTK0029004,central,2025-11-11,retail,42600,1700
2025-11,VF2NPFFXTK0029006,southeast,2025-11-16,retail,42600,1700
2025-11,VF2NCFHXSK0029007,south,2025-11-09,retail,39056,1700
2025-11,VF2NCACXTK0029008,west,2025-11-27,retail,39056,1700
2025-11,VF2NSFBXSK0029009,northeast,2025-11-24,retail,48802,1700
2025-11,VF2NCFDXTK0029011,southeast,2025-11-09,retail,39056,1700
2025-11,VF2NPACXTK0029012,central,2025-11-19,retail,42600,1700
2025-11,VF2NPFDXTK0029013,west,2025-11-13,retail,42600,1700
2025-11,VF2NSFEXTK0029014,west,2025-11-08,retail,48802,1700
2025-11,VF2NPFEXTK0029015,south,2025-11-22,retail,42600,1700
2025-11,VF2NPFEXTK0029019,west,2025-11-02,retail,42600,1700
2025-11,VF2NPFGXTK0029022,central,2025-11-01,retail,42600,1700
2025-11,VF2NCFAXTK0029026,central,2025-11-17,retail,39056,1700
2025-11,VF2NCFFXTK0029028,northeast,2025-11-02,retail,39056,1700
2025-11,VF2NCFDXTK0029030,south,2025-11-08,retail,39056,1700
2025-11,VF2NCADXSK0029034,northeast,2025-11-27,retail,39056,1700
2025-11,VF2NPFFXTK0029035,northeast,2025-11-07,retail,42600,1700
2025-11,VF2NPAFXSK0029037,west,2025-11-07,retail,42600,1700
2025-11,VF2NSFBXTK0029038,northeast,2025-11-02,retail,48802,1700
2025-11,VF2NCFEXTK0029039,south,2025-11-24,retail,39056,1700
2025-11,VF2NCAGXTK0029040,southeast,2025-11-05,retail,39056,1700
2025-11,VF2NCAEXTK0029043,northeast,2025-11-09,retail,39056,1700
2025-11,VF2NCAFXTK0029044,northeast,2025-11-12,retail,39056,1700
2025-11,VF2NPABXTK0029045,south,2025-11-12,retail,42600,1700
2025-11,VF2NCFDXTK0029049,southeast,2025-11-03,retail,39056,1700
2025-11,VF2NPFGXTK0029050,southeast,2025-11-14,retail,42600,1700
2025-11,VF2NCAAXTK0029051,south,2025-11-24,retail,39056,1700
2025-11,VF2NCFDXTK0029055,south,2025-11-04,retail,39056,1700
2025-11,VF2NSFEXTK0029056,south,2025-11-03,retail,48802,1700
2025-11,VF2NPFEXTK0029058,west,2025-11-09,retail,42600,1700
2025-11,VF2NSFCXTK0029060,south,2025-11-27,retail,48802,1700
2025-11,VF1LSADXTK0029065,south,2025-11-15,retail,46678,2000
2025-11,VF1LCAEXSK0029071,southeast,2025-11-20,retail,37284,2000
2025-11,VF1LPFCXTK0029073,west,2025-11-16,retail,40700,2000
2025-11,VF1LPADXTK0029074,central,2025-11-16,retail,40700,2000
2025-11,VF1LCFGXSK0029076,southeast,2025-11-08,retail,37284,2000
2025-11,VF1LCFAXTK0029078,south,2025-11-23,retail,37284,2000
2025-11,VF1LPFFXSK0029079,southeast,2025-11-17,retail,40700,2000
2025-11,VF1LPFFXTK0029080,west,2025-11-22,retail,40700,2000
2025-11,VF1LPFDXSK0029083,south,2025-11-04,retail,40700,2000
2025-11,VF1LCABXTK0029084,west,2025-11-07,retail,37284,2000
2025-11,VF1LCAGXTK0029085,central,2025-11-25,retail,37284,2000
2025-11,VF1LPFCXTK0029087,southeast,2025-11-05,retail,40700,2000
2025-11,VF1LCAHXTK0029089,south,2025-11-05,retail,37284,2000
2025-11,VF1LCFDXTK0029090,west,2025-11-02,retail,37284,2000
2025-11,VF1LPAHXTK0029091,central,2025-11-08,retail,40700,2000
2025-11,VF1LPFAXTK0029092,west,2025-11-19,retail,40700,2000
2025-11,VF1LCFDXTK0029094,south,2025-11-11,retail,37284,2000
2025-11,VF1LPFCXTK0029095,southeast,2025-11-14,retail,40700,2000
2025-11,VF1LPFFXSK0029096,west,2025-11-07,retail,40700,2000
2025-11,VF1LCAAXTK0029097,southeast,2025-11-04,retail,37284,2000
2025-11,VF1LPAAXTK0029101,south,2025-11-16,retail,40700,2000
2025-11,VF1LPFAXTK0029102,southeast,2025-11-19,retail,40700,2000
2025-11,VF1LCAFXTK0029103,central,2025-11-25,retail,37284,2000
2025-11,VF1LPFAXSK0029104,northeast,2025-11-08,retail,40700,2000
2025-11,VF1LPFDXTK0029105,west,2025-11-09,retail,40700,2000
2025-11,VF1LPFFXTK0029106,south,2025-11-20,fleet,40700,2000
2025-11,VF1LCFHXTK0029107,northeast,2025-11-23,retail,37284,2000
2025-11,VF1LCABXTK0029109,central,2025-11-02,retail,37284,2000
2025-11,VF1LCAAXTK0029110,west,2025-11-13,retail,37284,2000
2025-11,VF1LSFAXSK0029111,west,2025-11-15,retail,46678,2000
2025-11,VF1LSFAXTK0029113,west,2025-11-04,retail,46678,2000
2025-11,VF1LPAAXTK0029114,northeast,2025-11-26,retail,40700,2000
2025-11,VF1LCFEXTK0029115,northeast,2025-11-12,retail,37284,2000
2025-11,VF1LCACXTK0029116,southeast,2025-11-07,fleet,37284,2000
2025-11,VF1LCABXTK0029117,west,2025-11-12,retail,37284,2000
2025-11,VF1LSACXTK0029119,northeast,2025-11-10,retail,46678,2000
2025-11,VF1LSFDXTK0029121,central,2025-11-24,retail,46678,2000
2025-11,VF1LPFAXTK0029122,west,2025-11-26,retail,40700,2000
2025-11,VF1LPFAXTK0029123,west,2025-11-04,retail,40700,2000
2025-11,VF1LPAAXTK0029124,south,2025-11-27,retail,40700,2000
2025-11,VF1LPACXSK0029126,central,2025-11-28,retail,40700,2000
2025-11,VF1LPAFXTK0029128,northeast,2025-11-24,retail,40700,2000
2025-11,VF1LPFAXTK0029129,southeast,2025-11-27,retail,40700,2000
2025-11,VF1LCABXTK0029131,west,2025-11-23,retail,37284,2000
2025-11,VF1LPFEXTK0029132,west,2025-11-07,fleet,40700,2000
2025-11,VF1LPFHXTK0029134,south,2025-11-22,retail,40700,2000
2025-11,VF1LPFDXTK0029136,southeast,2025-11-08,retail,40700,2000
2025-11,VF1LPFCXTK0029137,west,2025-11-17,retail,40700,2000
2025-11,VF1LCAEXTK0029138,northeast,2025-11-19,retail,37284,2000
2025-11,VF1LPFGXTK0029140,west,2025-11-09,retail,40700,2000
2025-11,VF1LPFAXTK0029141,southeast,2025-11-28,retail,40700,2000
2025-11,VF1LSFFXTK0029142,southeast,2025-11-24,retail,46678,2000
2025-11,VF1LPADXTK0029144,northeast,2025-11-21,retail,40700,2000
2025-11,VF1LSAAXTK0029147,west,2025-11-03,retail,46678,2000
2025-11,VF1LSFAXSK0029148,southeast,2025-11-15,retail,46678,2000
2025-11,VF1LPFBXSK0029149,northeast,2025-11-17,fleet,40700,2000
2025-11,VF1LPFEXSK0029150,west,2025-11-25,retail,40700,2000
2025-11,VF1LCABXTK0029152,west,2025-11-21,retail,37284,2000
2025-11,VF1LSFDXTK0029153,southeast,2025-11-18,retail,46678,2000
2025-11,VF1LCFBXSK0029154,west,2025-11-06,retail,37284,2000
2025-11,VF1LCAAXTK0029155,northeast,2025-11-01,retail,37284,2000
2025-11,VF1LPADXTK0029156,northeast,2025-11-21,retail,40700,2000
2025-11,VF1LCFGXSK0029157,northeast,2025-11-16,retail,37284,2000
2025-11,VF1LCFAXTK0029158,west,2025-11-20,retail,37284,2000
2025-11,VF1LSAAXTK0029162,northeast,2025-11-10,retail,46678,2000
2025-11,VF1LPFBXTK0029163,west,2025-11-13,fleet,40700,2000
2025-11,VF1LPFBXTK0029166,south,2025-11-23,retail,40700,2000
2025-11,VF1LPFBXTK0029170,west,2025-11-17,retail,40700,2000
2025-11,VF1LSFCXTK0029174,south,2025-11-03,retail,46678,2000
2025-11,VF1LCFDXTK0029175,northeast,2025-11-03,retail,37284,2000
2025-11,VF1LSFHXTK0029176,southeast,2025-11-11,retail,46678,2000
2025-11,VF1LSFBXTK0029177,northeast,2025-11-11,retail,46678,2000
2025-11,VF1LSFAXTK0029178,west,2025-11-05,retail,46678,2000
2025-11,VF1LCAFXSK0029179,central,2025-11-23,retail,37284,2000
2025-11,VF1LCAFXTK0029180,northeast,2025-11-13,retail,37284,2000
2025-11,VF1LPACXTK0029183,northeast,2025-11-18,retail,40700,2000
2025-11,VF1LPFCXSK0029184,southeast,2025-11-08,retail,40700,2000
2025-11,VF1LSFAXTK0029187,west,2025-11-20,retail,46678,2000
2025-11,VF1LPAEXTK0029190,west,2025-11-13,retail,40700,2000
2025-11,VF1LCAAXTK0029191,southeast,2025-11-01,retail,37284,2000
2025-11,VF1LCAAXTK0029192,northeast,2025-11-07,retail,37284,2000
2025-11,VF1LCFEXTK0029193,south,2025-11-25,retail,37284,2000
2025-11,VF1LPAGXTK0029194,south,2025-11-21,retail,40700,2000
2025-11,VF1LCFFXSK0029195,south,2025-11-24,retail,37284,2000
2025-11,VF1LPAFXTK0029196,northeast,2025-11-25,fleet,40700,2000
2025-11,VF1LCACXTK0029197,west,2025-11-14,retail,37284,2000
2025-11,VF1LCAAXTK0029199,northeast,2025-11-06,retail,37284,2000
2025-11,VF1LPFFXTK0029201,southeast,2025-11-25,retail,40700,2000
2025-11,VF1LSFCXTK0029202,west,2025-11-01,retail,46678,2000
2025-11,VF1LSFAXTK0029203,west,2025-11-14,retail,46678,2000
2025-11,VF1LSFBXTK0029205,south,2025-11-07,retail,46678,2000
2025-11,VF1LPACXTK0029207,northeast,2025-11-12,retail,40700,2000
2025-11,VF1LSAHXSK0029208,northeast,2025-11-08,retail,46678,2000
2025-11,VF1LCFEXTK0029209,west,2025-11-13,retail,37284,2000
2025-11,VF1LCFGXTK0029213,central,2025-11-28,retail,37284,2000
2025-11,VF1LCABXTK0029219,northeast,2025-11-22,retail,37284,2000
2025-11,VF1LCFHXTK0029220,west,2025-11-16,retail,37284,2000
2025-11,VF1LCAAXTK0029221,central,2025-11-11,retail,37284,2000
2025-11,VF1LCADXTK0029222,south,2025-11-05,retail,37284,2000
2025-11,VF1LCFBXTK0029225,southeast,2025-11-09,retail,37284,2000
2025-11,VF1LCAAXTK0029226,northeast,2025-11-07,retail,37284,2000
2025-11,VF1LCFFXSK0029227,south,2025-11-24,retail,37284,2000
2025-11,VF1LSAAXTK0029229,south,2025-11-01,retail,46678,2000
2025-11,VF1LCFCXTK0029230,south,2025-11-26,retail,37284,2000
2025-11,VF1LPFAXTK0029233,northeast,2025-11-23,retail,40700,2000
2025-11,VF1LPFDXTK0029236,west,2025-11-16,retail,40700,2000
2025-11,VF1LSFAXTK0029238,west,2025-11-06,retail,46678,2000
2025-11,VF1LSFBXTK0029240,southeast,2025-11-23,retail,46678,2000
2025-11,VF1LPAGXTK0029241,west,2025-11-09,retail,40700,2000
