ws_ym,vin,zone_id,wholesale_price_usd,variable_margin_usd,freight_usd
2024-11,VF3TPADXSU0012164,southeast,50440,4624,380
2024-11,VF3TCAAXSU0012165,west,46405,4254,380
2024-11,VF3TPFGXRU0012166,south,50440,4624,380
2024-11,VF3TPAAXSU0012167,south,50440,4624,380
2024-11,VF3TPAAXSU0012168,south,50440,4624,380
2024-11,VF3TCFAXSU0012169,southeast,46405,4254,380
2024-11,VF3TCABXSU0012170,west,46405,4254,380
2024-11,VF3TCFAXSU0012171,west,46405,4254,380
2024-11,VF3TPAFXSU0012172,northeast,50440,4624,380
2024-11,VF3TPAAXSU0012173,southeast,50440,4624,380
2024-11,VF3TCFBXSU0012174,west,46405,4254,380
2024-11,VF3TCAAXSU0012175,west,46405,4254,380
2024-11,VF3TPFHXSU0012176,southeast,50440,4624,380
2024-11,VF3TCACXSU0012177,northeast,46405,4254,380
2024-11,VF3TPAEXSU0012178,west,50440,4624,380
2024-11,VF3TCADXSU0012179,south,46405,4254,380
2024-11,VF3TPFAXSU0012180,northeast,50440,4624,380
2024-11,VF3TPAGXSU0012181,south,50440,4624,380
2024-11,VF3TCAEXSU0012182,west,46405,4254,380
2024-11,VF3TPAAXSU0012183,west,50440,4624,380
2024-11,VF3TPACXSU0012184,west,50440,4624,380
2024-11,VF3TSADXSU0012185,central,57502,5271,380
2024-11,VF3TCFEXSU0012186,southeast,46405,4254,380
2024-11,VF3TSAFXRU0012187,central,57502,5271,380
2024-11,VF3TSAAXSU0012188,central,57502,5271,380
2024-11,VF3TPFDXSU0012189,south,50440,4624,380
2024-11,VF3TPACXSU0012190,northeast,50440,4624,380
2024-11,VF3TPAAXSU0012191,west,50440,4624,380
2024-11,VF3TPFEXSU0012192,south,50440,4624,380
2024-11,VF3TSAHXSU0012193,northeast,57502,5271,380
2024-11,VF3TPABXSU0012194,southeast,50440,4624,380
2024-11,VF3TPFBXSU0012195,west,50440,4624,380
2024-11,VF3TPFBXSU0012196,southeast,50440,4624,380
2024-11,VF3TPAAXSU0012197,northeast,50440,4624,380
2024-11,VF3TCAHXSU0012198,central,46405,4254,380
2024-11,VF3TPFAXRU0012199,west,50440,4624,380
2024-11,VF3TPAEXSU0012200,southeast,50440,4624,380
2024-11,VF3TCFAXSU0012201,northeast,46405,4254,380
2024-11,VF3TCABXSU0012202,northeast,46405,4254,380
2024-11,VF3TPABXSU0012203,southeast,50440,4624,380
2024-11,VF3TPADXSU0012204,south,50440,4624,380
2024-11,VF3TCADXSU0012205,south,46405,4254,380
2024-11,VF3TCAEXRU0012206,southeast,46405,4254,380
2024-11,VF3TPAGXRU0012207,south,50440,4624,380
2024-11,VF3TPACXRU0012208,central,50440,4624,380
2024-11,VF3TPABXSU0012209,northeast,50440,4624,380
2024-11,VF3TCAAXSU0012210,northeast,46405,4254,380
2024-11,VF3TCFEXRU0012211,west,46405,4254,380
2024-11,VF3TPAAXSU0012212,west,50440,4624,380
2024-11,VF3TCABXSU0012213,west,46405,4254,380
2024-11,VF3TSAFXRU0012214,central,57502,5271,380
2024-11,VF3TSAFXSU0012215,west,57502,5271,380
2024-11,VF3TSACXSU0012216,south,57502,5271,380
2024-11,VF3TCFFXSU0012217,west,46405,4254,380
2024-11,VF3TCACXSU0012218,southeast,46405,4254,380
2024-11,VF3TCABXSU0012219,central,46405,4254,380
2024-11,VF3TSACXSU0012220,northeast,57502,5271,380
2024-11,VF3TCABXRU0012221,central,46405,4254,380
2024-11,VF3TCABXSU0012222,central,46405,4254,380
2024-11,VF3TCAGXSU0012223,central,46405,4254,380
2024-11,VF3TPAHXSU0012224,northeast,50440,4624,380
2024-11,VF3TCFBXRU0012225,south,46405,4254,380
2024-11,VF3TSADXRU0012226,south,57502,5271,380
2024-11,VF3TCFBXSU0012227,southeast,46405,4254,380
2024-11,VF3TCFEXSU0012228,southeast,46405,4254,380
2024-11,VF3TSAAXSU0012229,south,57502,5271,380
2024-11,VF3TPACXSU0012230,west,50440,4624,380
2024-11,VF3TPFBXSU0012231,south,50440,4624,380
2024-11,VF3TCACXRU0012232,west,46405,4254,380
2024-11,VF3TPABXRU0012233,southeast,50440,4624,380
2024-11,VF3TSADXSU0012234,northeast,57502,5271,380
2024-11,VF3TPADXSU0012235,west,50440,4624,380
2024-11,VF3TSABXSU0012236,northeast,57502,5271,380
2024-11,VF3TCAHXSU0012237,west,46405,4254,380
2024-11,VF3TPACXSU0012238,northeast,50440,4624,380
2024-11,VF3TCFDXSU0012239,west,46405,4254,380
2024-11,VF3TSACXSU0012240,central,57502,5271,380
2024-11,VF3TCFDXSU0012241,central,46405,4254,380
2024-11,VF3TCAAXSU0012242,west,46405,4254,380
2024-11,VF3TCABXSU0012243,central,46405,4254,380
2024-11,VF3TPFAXSU0012244,south,50440,4624,380
2024-11,VF3TSAAXSU0012245,south,57502,5271,380
2024-11,VF3TPFAXSU0012246,south,50440,4624,380
2024-11,VF3TPFAXSU0012247,southeast,50440,4624,380
2024-11,VF3TPAAXSU0012248,central,50440,4624,380
2024-11,VF3TCAFXSU0012249,south,46405,4254,380
2024-11,VF3TCFHXSU0012250,central,46405,4254,380
2024-11,VF3TPAHXSU0012251,south,50440,4624,380
2024-11,VF3TPFFXSU0012252,south,50440,4624,380
2024-11,VF3TCAFXSU0012253,northeast,46405,4254,380
2024-11,VF3TPAAXSU0012254,west,50440,4624,380
2024-11,VF3TPACXRU0012255,west,50440,4624,380
2024-11,VF3TCAFXSU0012256,northeast,46405,4254,380
2024-11,VF3TCAAXSU0012257,northeast,46405,4254,380
2024-11,VF3TCAGXSU0012258,south,46405,4254,380
2024-11,VF3TPADXSU0012259,west,50440,4624,380
2024-11,VF3TPFDXSU0012260,west,50440,4624,380
2024-11,VF3TPAAXSU0012261,central,50440,4624,380
2024-11,VF3TSAEXSU0012262,northeast,57502,5271,380
2024-11,VF3TCABXSU0012263,southeast,46405,4254,380
2024-11,VF3TCADXSU0012264,west,46405,4254,380
2024-11,VF3TCFDXSU0012265,south,46405,4254,380
2024-11,VF3TPAAXSU0012266,west,50440,4624,380
2024-11,VF3TPAFXSU0012267,central,50440,4624,380
2024-11,VF3TPACXRU0012268,south,50440,4624,380
2024-11,VF3TCFAXSU0012269,central,46405,4254,380
2024-11,VF3TSFCXSU0012270,south,57502,5271,380
2024-11,VF3TCACXSU0012271,southeast,46405,4254,380
2024-11,VF3TCACXRU0012272,southeast,46405,4254,380
2024-11,VF3TCFCXSU0012273,southeast,46405,4254,380
2024-11,VF3TPAAXSU0012274,west,50440,4624,380
2024-11,VF3TSAHXSU0012275,southeast,57502,5271,380
2024-11,VF3TSAAXSU0012276,central,57502,5271,380
2024-11,VF3TSFAXSU0012277,central,57502,5271,380
2024-11,VF3TPAEXSU0012278,central,50440,4624,380
2024-11,VF3TCAGXSU0012279,central,46405,4254,380
2024-11,VF3TPAAXRU0012280,south,50440,4624,380
2024-11,VF3TSACXSU0012281,west,57502,5271,380
2024-11,VF3TCAAXSU0012282,west,46405,4254,380
2024-11,VF3TCAAXSU0012283,northeast,46405,4254,380
2024-11,VF3TCAFXSU0012284,southeast,46405,4254,380
2024-11,VF3TPAAXSU0012285,south,50440,4624,380
2024-11,VF3TCFHXSU0012286,south,46405,4254,380
2024-11,VF3TPAAXRU0012287,southeast,50440,4624,380
2024-11,VF3TSAAXSU0012288,northeast,57502,5271,380
2024-11,VF3TPAHXRU0012289,northeast,50440,4624,380
2024-11,VF3TSAAXSU0012290,central,57502,5271,380
2024-11,VF3TPABXSU0012291,southeast,50440,4624,380
2024-11,VF3TCFCXSU0012292,southeast,46405,4254,380
2024-11,VF3TCFEXSU0012293,west,46405,4254,380
2024-11,VF3TCAAXSU0012294,south,46405,4254,380
2024-11,VF3TPFAXSU0012295,south,50440,4624,380
2024-11,VF3TCFCXSU0012296,west,46405,4254,380
2024-11,VF3TCFFXSU0012297,southeast,46405,4254,380
2024-11,VF3TSAHXSU0012298,west,57502,5271,380
2024-11,VF3TCAFXRU0012299,central,46405,4254,380
2024-11,VF3TSACXRU0012300,southeast,57502,5271,380
2024-11,VF3TSAGXRU0012301,central,57502,5271,380
2024-11,VF3TPAAXSU0012302,west,50440,4624,380
2024-11,VF3TPABXRU0012303,south,50440,4624,380
2024-11,VF3TPAAXRU0012304,west,50440,4624,380
2024-11,VF3TCFCXSU0012305,southeast,46405,4254,380
2024-11,VF3TCFAXSU0012306,central,46405,4254,380
2024-11,VF3TCFEXSU0012307,south,46405,4254,380
2024-11,VF3TPAGXSU0012308,central,50440,4624,380
2024-11,VF3TSFGXSU0012309,west,57502,5271,380
2024-11,VF3TPAEXSU0012310,south,50440,4624,380
2024-11,VF3TPAAXSU0012311,south,50440,4624,380
2024-11,VF3TCADXSU0012312,southeast,46405,4254,380
2024-11,VF3TCACXSU0012313,central,46405,4254,380
2024-11,VF3TCACXSU0012314,west,46405,4254,380
2024-11,VF3TSAAXSU0012315,west,57502,5271,380
2024-11,VF3TPACXSU0012316,southeast,50440,4624,380
2024-11,VF3TPAAXRU0012317,central,50440,4624,380
2024-11,VF3TPACXRU0012318,west,50440,4624,380
2024-11,VF3TCAEXSU0012319,south,46405,4254,380
2024-11,VF3TPFDXSU0012320,southeast,50440,4624,380
2024-11,VF3TCACXSU0012321,southeast,46405,4254,380
2024-11,VF3TCAGXSU0012322,south,46405,4254,380
2024-11,VF3TPAAXSU0012323,central,50440,4624,380
2024-11,VF3TSFAXSU0012324,southeast,57502,5271,380
2024-11,VF3TCAEXRU0012325,northeast,46405,4254,380
2024-11,VF3TPAEXSU0012326,northeast,50440,4624,380
2024-11,VF3TCACXSU0012327,central,46405,4254,380
2024-11,VF3TCAAXSU0012328,south,46405,4254,380
2024-11,VF3TCAGXSU0012329,central,46405,4254,380
2024-11,VF3TPACXSU0012330,northeast,50440,4624,380
2024-11,VF3TPFAXRU0012331,south,50440,4624,380
2024-11,VF3TPFBXSU0012332,south,50440,4624,380
2024-11,VF3TCADXSU0012333,central,46405,4254,380
2024-11,VF3TCFBXSU0012334,southeast,46405,4254,380
2024-11,VF3TCAAXSU0012335,west,46405,4254,380
2024-11,VF3TSAAXSU0012336,south,57502,5271,380
2024-11,VF3TPAFXSU0012337,central,50440,4624,380
2024-11,VF3TPAAXRU0012338,west,50440,4624,380
2024-11,VF3TCADXSU0012339,northeast,46405,4254,380
2024-11,VF3TPFAXSU0012340,south,50440,4624,380
2024-11,VF3TCFEXSU0012341,southeast,46405,4254,380
2024-11,VF3TSAGXSU0012342,south,57502,5271,380
2024-11,VF3TPAGXSU0012343,west,50440,4624,380
2024-11,VF3TPADXSU0012344,west,50440,4624,380
2024-11,VF3TCFCXSU0012345,south,46405,4254,380
2024-11,VF3TCADXSU0012346,west,46405,4254,380
2024-11,VF3TPFBXSU0012347,south,50440,4624,380
2024-11,VF3TCABXSU0012348,northeast,46405,4254,380
2024-11,VF3TCAAXSU0012349,southeast,46405,4254,380
2024-11,VF3TPFCXSU0012350,west,50440,4624,380
2024-11,VF3TPFHXSU0012351,southeast,50440,4624,380
2024-11,VF3TPFBXRU0012352,south,50440,4624,380
2024-11,VF3TPADXSU0012353,southeast,50440,4624,380
2024-11,VF3TSFCXSU0012354,central,57502,5271,380
2024-11,VF3TPACXSU0012355,south,50440,4624,380
2024-11,VF3TPFBXSU0012356,southeast,50440,4624,380
2024-11,VF3TPFDXSU0012357,south,50440,4624,380
2024-11,VF3TPADXSU0012358,central,50440,4624,380
2024-11,VF3TCAHXSU0012359,northeast,46405,4254,380
2024-11,VF3TCAAXSU0012360,northeast,46405,4254,380
2024-11,VF3TSAGXRU0012361,northeast,57502,5271,380
2024-11,VF3TSAAXRU0012362,northeast,57502,5271,380
2024-11,VF3TCABXSU0012363,central,46405,4254,380
2024-11,VF3TPADXSU0012364,northeast,50440,4624,380
2024-11,VF3TCFBXSU0012365,west,46405,4254,380
2024-11,VF3TPFFXRU0012366,west,50440,4624,380
2024-11,VF3TSFAXSU0012367,southeast,57502,5271,380
2024-11,VF3TPAHXSU0012368,west,50440,4624,380
2024-11,VF3TPAAXSU0012369,northeast,50440,4624,380
2024-11,VF3TPAAXSU0012370,south,50440,4624,380
2024-11,VF3TPAAXSU0012371,southeast,50440,4624,380
2024-11,VF3TSADXRU0012372,west,57502,5271,380
2024-11,VF3TCACXSU0012373,central,46405,4254,380
2024-11,VF3TCABXSU0012374,southeast,46405,4254,380
2024-11,VF3TPFBXSU0012375,south,50440,4624,380
2024-11,VF3TSAAXRU0012376,northeast,57502,5271,380
2024-11,VF3TSABXSU0012377,southeast,57502,5271,380
2024-11,VF3TPFEXSU0012378,southeast,50440,4624,380
2024-11,VF3TSAEXRU0012379,central,57502,5271,380
2024-11,VF3TSACXSU0012380,southeast,57502,5271,380
2024-11,VF3TCFFXSU0012381,west,46405,4254,380
2024-11,VF3TCAAXSU0012382,southeast,46405,4254,380
2024-11,VF3TPABXSU0012383,central,50440,4624,380
2024-11,VF3TPABXSU0012384,northeast,50440,4624,380
2024-11,VF3TPAAXSU0012385,southeast,50440,4624,380
2024-11,VF3TPABXSU0012386,south,50440,4624,380
2024-11,VF3TSAAXSU0012387,west,57502,5271,380
2024-11,VF3TSFDXRU0012388,west,57502,5271,380
2024-11,VF3TCAFXSU0012389,west,46405,4254,380
2024-11,VF3TSABXSU0012390,central,57502,5271,380
2024-11,VF3TPAFXSU0012391,west,50440,4624,380
2024-11,VF3TPAEXRU0012392,central,50440,4624,380
2024-11,VF3TSFAXSU0012393,southeast,57502,5271,380
2024-11,VF3TPAEXSU0012394,northeast,50440,4624,380
2024-11,VF3TCFAXSU0012395,southeast,46405,4254,380
2024-11,VF3TSABXSU0012396,southeast,57502,5271,380
2024-11,VF3TPFDXSU0012397,south,50440,4624,380
2024-11,VF3TPFAXSU0012398,southeast,50440,4624,380
2024-11,VF3TPAAXSU0012399,southeast,50440,4624,380
2024-11,VF3TCACXSU0012400,central,46405,4254,380
2024-11,VF3TCACXSU0012401,northeast,46405,4254,380
2024-11,VF3TSAAXSU0012402,northeast,57502,5271,380
2024-11,VF3TPFGXSU0012403,west,50440,4624,380
2024-11,VF3TCACXSU0012404,southeast,46405,4254,380
2024-11,VF3TPFCXSU0012405,southeast,50440,4624,380
2024-11,VF3TPAAXSU0012406,central,50440,4624,380
2024-11,VF3TPABXSU0012407,south,50440,4624,380
2024-11,VF3TPFEXSU0012408,south,50440,4624,380
2024-11,VF3TSFCXSU0012409,south,57502,5271,380
2024-11,VF3TCABXRU0012410,south,46405,4254,380
2024-11,VF3TPADXSU0012411,southeast,50440,4624,380
2024-11,VF3TPADXSU0012412,west,50440,4624,380
2024-11,VF3TSABXSU0012413,west,57502,5271,380
2024-11,VF3TCACXSU0012414,west,46405,4254,380
2024-11,VF3TPFBXSU0012415,west,50440,4624,380
2024-11,VF3TSAEXSU0012416,southeast,57502,5271,380
2024-11,VF3TCACXRU0012417,northeast,46405,4254,380
2024-11,VF3TCACXSU0012418,west,46405,4254,380
2024-11,VF3TCAAXSU0012419,northeast,46405,4254,380
2024-11,VF3TPAAXSU0012420,northeast,50440,4624,380
2024-11,VF3TCFHXSU0012421,central,46405,4254,380
2024-11,VF3TCFDXSU0012422,southeast,46405,4254,380
2024-11,VF3TCAGXSU0012423,southeast,46405,4254,380
2024-11,VF3TSADXRU0012424,south,57502,5271,380
2024-11,VF3TSFFXSU0012425,southeast,57502,5271,380
2024-11,VF3TCABXSU0012426,west,46405,4254,380
2024-11,VF3TCABXSU0012427,central,46405,4254,380
2024-11,VF3TPAAXSU0012428,west,50440,4624,380
2024-11,VF3TPFDXSU0012429,central,50440,4624,380
2024-11,VF3VPFEXSU0012430,west,37345,3418,380
2024-11,VF3VPFCXSU0012431,west,37345,3418,380
2024-11,VF3VCFAXSU0012432,west,34357,3144,380
2024-11,VF3VCFAXSU0012433,southeast,34357,3144,380
2024-11,VF3VPABXSU0012434,central,37345,3418,380
2024-11,VF3VSACXSU0012435,central,42573,3896,380
2024-11,VF3VPFAXSU0012436,south,37345,3418,380
2024-11,VF3VSFCXRU0012437,west,42573,3896,380
2024-11,VF3VCACXSU0012438,west,34357,3144,380
2024-11,VF3VSFCXSU0012439,west,42573,3896,380
2024-11,VF3VSFDXSU0012440,northeast,42573,3896,380
2024-11,VF3VCAAXSU0012441,south,34357,3144,380
2024-11,VF3VPFBXSU0012442,west,37345,3418,380
2024-11,VF3VPFFXSU0012443,west,37345,3418,380
2024-11,VF3VPABXSU0012444,northeast,37345,3418,380
2024-11,VF3VPFDXSU0012445,northeast,37345,3418,380
2024-11,VF3VCABXSU0012446,central,34357,3144,380
2024-11,VF3VPAFXSU0012447,southeast,37345,3418,380
2024-11,VF3VPAAXSU0012448,west,37345,3418,380
2024-11,VF3VSFAXSU0012449,south,42573,3896,380
2024-11,VF3VCFAXSU0012450,south,34357,3144,380
2024-11,VF3VPAFXSU0012451,west,37345,3418,380
2024-11,VF3VSFBXSU0012452,south,42573,3896,380
2024-11,VF3VCFCXSU0012453,south,34357,3144,380
2024-11,VF3VCABXSU0012454,west,34357,3144,380
2024-11,VF3VSABXSU0012455,central,42573,3896,380
2024-11,VF3VPFBXSU0012456,northeast,37345,3418,380
2024-11,VF3VSFEXSU0012457,southeast,42573,3896,380
2024-11,VF3VSFDXSU0012458,south,42573,3896,380
2024-11,VF3VSFFXSU0012459,west,42573,3896,380
2024-11,VF3VCFBXSU0012460,northeast,34357,3144,380
2024-11,VF3VPFAXSU0012461,west,37345,3418,380
2024-11,VF3VCACXSU0012462,central,34357,3144,380
2024-11,VF3VPFAXSU0012463,south,37345,3418,380
2024-11,VF3VPADXSU0012464,southeast,37345,3418,380
2024-11,VF3VSAEXSU0012465,west,42573,3896,380
2024-11,VF3VCFBXSU0012466,south,34357,3144,380
2024-11,VF3VPADXRU0012467,west,37345,3418,380
2024-11,VF3VCADXSU0012468,west,34357,3144,380
2024-11,VF3VPFCXSU0012469,southeast,37345,3418,380
2024-11,VF3VSFCXSU0012470,south,42573,3896,380
2024-11,VF3VSAAXSU0012471,west,42573,3896,380
2024-11,VF3VCFEXSU0012472,northeast,34357,3144,380
2024-11,VF3VPABXSU0012473,west,37345,3418,380
2024-11,VF3VSABXSU0012474,northeast,42573,3896,380
2024-11,VF3VPFCXSU0012475,south,37345,3418,380
2024-11,VF3VCFCXSU0012476,west,34357,3144,380
2024-11,VF3VSABXSU0012477,northeast,42573,3896,380
2024-11,VF3VPABXSU0012478,central,37345,3418,380
2024-11,VF3VSACXSU0012479,central,42573,3896,380
2024-11,VF3VCFHXRU0012480,northeast,34357,3144,380
2024-11,VF3VCFAXSU0012481,northeast,34357,3144,380
2024-11,VF3VCFBXSU0012482,west,34357,3144,380
2024-11,VF3VCFDXSU0012483,southeast,34357,3144,380
2024-11,VF3VSADXSU0012484,central,42573,3896,380
2024-11,VF3VCFAXSU0012485,west,34357,3144,380
2024-11,VF3VCFCXSU0012486,west,34357,3144,380
2024-11,VF3VCABXSU0012487,central,34357,3144,380
2024-11,VF3VCFCXRU0012488,northeast,34357,3144,380
2024-11,VF3VSFEXSU0012489,central,42573,3896,380
2024-11,VF3VPFFXSU0012490,northeast,37345,3418,380
2024-11,VF3VPABXSU0012491,central,37345,3418,380
2024-11,VF3VCFBXSU0012492,west,34357,3144,380
2024-11,VF3VCAGXRU0012493,west,34357,3144,380
2024-11,VF3VPAAXRU0012494,central,37345,3418,380
2024-11,VF3VSFBXSU0012495,southeast,42573,3896,380
2024-11,VF3VPAEXSU0012496,west,37345,3418,380
2024-11,VF3VPFAXSU0012497,west,37345,3418,380
2024-11,VF3VPFDXSU0012498,northeast,37345,3418,380
2024-11,VF3VPABXSU0012499,northeast,37345,3418,380
2024-11,VF3VSAHXSU0012500,northeast,42573,3896,380
2024-11,VF3VPFBXSU0012501,central,37345,3418,380
2024-11,VF3VPAFXSU0012502,central,37345,3418,380
2024-11,VF3VCAAXSU0012503,northeast,34357,3144,380
2024-11,VF3VSACXSU0012504,northeast,42573,3896,380
2024-11,VF3VPAAXSU0012505,west,37345,3418,380
2024-11,VF3VPADXSU0012506,northeast,37345,3418,380
2024-11,VF3VCAAXSU0012507,south,34357,3144,380
2024-11,VF3VCFAXSU0012508,south,34357,3144,380
2024-11,VF3VCABXSU0012509,northeast,34357,3144,380
2024-11,VF3VCAEXRU0012510,central,34357,3144,380
2024-11,VF3VSAAXSU0012511,south,42573,3896,380
2024-11,VF3VCFEXSU0012512,west,34357,3144,380
2024-11,VF3VCAAXSU0012513,west,34357,3144,380
2024-11,VF3VPFAXSU0012514,south,37345,3418,380
2024-11,VF3VPAAXSU0012515,west,37345,3418,380
2024-11,VF3VCAAXSU0012516,west,34357,3144,380
2024-11,VF3VPFAXSU0012517,west,37345,3418,380
2024-11,VF3VPAHXSU0012518,west,37345,3418,380
2024-11,VF3VPAAXSU0012519,southeast,37345,3418,380
2024-11,VF3VCFCXSU0012520,southeast,34357,3144,380
2024-11,VF3VCFAXSU0012521,northeast,34357,3144,380
2024-11,VF3VPAHXSU0012522,west,37345,3418,380
2024-11,VF3VCFCXSU0012523,south,34357,3144,380
2024-11,VF3VPFBXSU0012524,central,37345,3418,380
2024-11,VF3VSFFXSU0012525,south,42573,3896,380
2024-11,VF3VCFAXSU0012526,south,34357,3144,380
2024-11,VF3VCAEXSU0012527,northeast,34357,3144,380
2024-11,VF3VCAGXSU0012528,central,34357,3144,380
2024-11,VF3VCFDXSU0012529,northeast,34357,3144,380
2024-11,VF3VSAHXSU0012530,west,42573,3896,380
2024-11,VF3VSFDXSU0012531,south,42573,3896,380
2024-11,VF3VCFAXSU0012532,south,34357,3144,380
2024-11,VF3VPFBXSU0012533,south,37345,3418,380
2024-11,VF3VCFAXRU0012534,northeast,34357,3144,380
2024-11,VF3VPAFXSU0012535,central,37345,3418,380
2024-11,VF3VPAAXSU0012536,northeast,37345,3418,380
2024-11,VF3VSFBXRU0012537,south,42573,3896,380
2024-11,VF3VSFAXSU0012538,northeast,42573,3896,380
2024-11,VF3VPACXSU0012539,central,37345,3418,380
2024-11,VF3VCFAXSU0012540,south,34357,3144,380
2024-11,VF3VPABXSU0012541,southeast,37345,3418,380
2024-11,VF3VPFCXSU0012542,south,37345,3418,380
2024-11,VF3VPFCXSU0012543,southeast,37345,3418,380
2024-11,VF3VPACXRU0012544,northeast,37345,3418,380
2024-11,VF3VCFEXSU0012545,central,34357,3144,380
2024-11,VF3VCFAXSU0012546,southeast,34357,3144,380
2024-11,VF3VPFBXSU0012547,central,37345,3418,380
2024-11,VF3VPAAXSU0012548,northeast,37345,3418,380
2024-11,VF3VSAGXSU0012549,northeast,42573,3896,380
2024-11,VF3VPAHXRU0012550,central,37345,3418,380
2024-11,VF3VCFBXSU0012551,northeast,34357,3144,380
2024-11,VF3VCFDXSU0012552,west,34357,3144,380
2024-11,VF3VSFAXSU0012553,south,42573,3896,380
2024-11,VF3VSFAXRU0012554,west,42573,3896,380
2024-11,VF3VCAAXSU0012555,southeast,34357,3144,380
2024-11,VF3VCAAXRU0012556,central,34357,3144,380
2024-11,VF3VSACXSU0012557,south,42573,3896,380
2024-11,VF3VPFEXSU0012558,southeast,37345,3418,380
2024-11,VF3VCFFXSU0012559,northeast,34357,3144,380
2024-11,VF3VSFEXSU0012560,central,42573,3896,380
2024-11,VF3VPFBXSU0012561,south,37345,3418,380
2024-11,VF3VPABXSU0012562,south,37345,3418,380
2024-11,VF3VCFDXSU0012563,south,34357,3144,380
2024-11,VF3VPFAXSU0012564,south,37345,3418,380
2024-11,VF3VPFFXSU0012565,west,37345,3418,380
2024-11,VF3VCAAXSU0012566,west,34357,3144,380
2024-11,VF3VPFAXSU0012567,south,37345,3418,380
2024-11,VF3VCAFXSU0012568,northeast,34357,3144,380
2024-11,VF3VCAGXSU0012569,west,34357,3144,380
2024-11,VF3VPFGXSU0012570,southeast,37345,3418,380
2024-11,VF3VPFFXSU0012571,south,37345,3418,380
2024-11,VF3VPFCXSU0012572,northeast,37345,3418,380
2024-11,VF3VCAEXSU0012573,central,34357,3144,380
2024-11,VF3VSFEXSU0012574,west,42573,3896,380
2024-11,VF3VPAAXSU0012575,northeast,37345,3418,380
2024-11,VF3VCFFXSU0012576,west,34357,3144,380
2024-11,VF3VSAHXSU0012577,southeast,42573,3896,380
2024-11,VF3VCFBXSU0012578,northeast,34357,3144,380
2024-11,VF3VPADXSU0012579,northeast,37345,3418,380
2024-11,VF3VSFCXSU0012580,south,42573,3896,380
2024-11,VF3VPFFXSU0012581,central,37345,3418,380
2024-11,VF3VSAFXSU0012582,northeast,42573,3896,380
2024-11,VF3VSFBXSU0012583,south,42573,3896,380
2024-11,VF3VCFBXSU0012584,southeast,34357,3144,380
2024-11,VF3VCACXSU0012585,west,34357,3144,380
2024-11,VF3VCFCXRU0012586,northeast,34357,3144,380
2024-11,VF3VSFAXSU0012587,central,42573,3896,380
2024-11,VF3VSFEXSU0012588,west,42573,3896,380
2024-11,VF3VCAFXSU0012589,west,34357,3144,380
2024-11,VF3VPFBXSU0012590,south,37345,3418,380
2024-11,VF3VSADXSU0012591,west,42573,3896,380
2024-11,VF3VCFAXRU0012592,south,34357,3144,380
2024-11,VF3VCAHXSU0012593,south,34357,3144,380
2024-11,VF3VPFAXSU0012594,central,37345,3418,380
2024-11,VF3VPFAXSU0012595,southeast,37345,3418,380
2024-11,VF3VSFAXSU0012596,central,42573,3896,380
2024-11,VF3VPFFXSU0012597,northeast,37345,3418,380
2024-11,VF3VPFCXSU0012598,northeast,37345,3418,380
2024-11,VF3VCFAXSU0012599,west,34357,3144,380
2024-11,VF3VPAAXSU0012600,west,37345,3418,380
2024-11,VF3VPADXSU0012601,west,37345,3418,380
2024-11,VF3VSFBXSU0012602,central,42573,3896,380
2024-11,VF3VPAAXSU0012603,south,37345,3418,380
2024-11,VF3VPADXSU0012604,central,37345,3418,380
2024-11,VF3VCFEXRU0012605,southeast,34357,3144,380
2024-11,VF3VCFAXSU0012606,south,34357,3144,380
2024-11,VF3VSABXSU0012607,northeast,42573,3896,380
2024-11,VF3VSAEXSU0012608,central,42573,3896,380
2024-11,VF3VPAAXSU0012609,west,37345,3418,380
2024-11,VF3VCACXSU0012610,west,34357,3144,380
2024-11,VF3VPFCXRU0012611,southeast,37345,3418,380
2024-11,VF3VPAFXSU0012612,central,37345,3418,380
2024-11,VF3VPAFXSU0012613,south,37345,3418,380
2024-11,VF3VCAAXRU0012614,northeast,34357,3144,380
2024-11,VF3VPFFXSU0012615,northeast,37345,3418,380
2024-11,VF3VPACXSU0012616,west,37345,3418,380
2024-11,VF3VSAAXSU0012617,west,42573,3896,380
2024-11,VF3VPFBXRU0012618,central,37345,3418,380
2024-11,VF3VCFBXSU0012619,southeast,34357,3144,380
2024-11,VF3VPAAXSU0012620,northeast,37345,3418,380
2024-11,VF3VPAAXSU0012621,southeast,37345,3418,380
2024-11,VF3VPFCXSU0012622,northeast,37345,3418,380
2024-11,VF3VCAEXSU0012623,northeast,34357,3144,380
2024-11,VF3VCFBXSU0012624,northeast,34357,3144,380
2024-11,VF3VSFBXRU0012625,southeast,42573,3896,380
2024-11,VF3VPAGXSU0012626,central,37345,3418,380
2024-11,VF3VCABXSU0012627,south,34357,3144,380
2024-11,VF3VPFDXSU0012628,west,37345,3418,380
2024-11,VF3VPADXSU0012629,south,37345,3418,380
2024-11,VF3VCFDXSU0012630,south,34357,3144,380
2024-11,VF3VSACXRU0012631,central,42573,3896,380
2024-11,VF3VCFDXSU0012632,south,34357,3144,380
2024-11,VF3VCADXSU0012633,south,34357,3144,380
2024-11,VF3VPFCXSU0012634,southeast,37345,3418,380
2024-11,VF3VSFBXSU0012635,west,42573,3896,380
2024-11,VF3VPAAXSU0012636,west,37345,3418,380
2024-11,VF3VPFAXRU0012637,west,37345,3418,380
2024-11,VF3VCFBXSU0012638,central,34357,3144,380
2024-11,VF3VCFBXSU0012639,southeast,34357,3144,380
2024-11,VF3VCAAXSU0012640,west,34357,3144,380
2024-11,VF3VCFCXSU0012641,southeast,34357,3144,380
2024-11,VF3VCFAXSU0012642,west,34357,3144,380
2024-11,VF3VPFCXRU0012643,south,37345,3418,380
2024-11,VF3VPABXSU0012644,west,37345,3418,380
2024-11,VF3VPAEXSU0012645,northeast,37345,3418,380
2024-11,VF3VPFAXSU0012646,southeast,37345,3418,380
2024-11,VF3VCFGXRU0012647,central,34357,3144,380
2024-11,VF3VSAAXSU0012648,central,42573,3896,380
2024-11,VF3VCFDXRU0012649,northeast,34357,3144,380
2024-11,VF3VSAAXSU0012650,west,42573,3896,380
2024-11,VF3VPABXSU0012651,south,37345,3418,380
2024-11,VF3VPAAXSU0012652,west,37345,3418,380
2024-11,VF3VSAHXSU0012653,central,42573,3896,380
2024-11,VF3VCAAXSU0012654,central,34357,3144,380
2024-11,VF3VPAAXSU0012655,south,37345,3418,380
2024-11,VF3VPFAXSU0012656,south,37345,3418,380
2024-11,VF3VPFGXSU0012657,central,37345,3418,380
2024-11,VF3VPABXRU0012658,central,37345,3418,380
2024-11,VF3VSABXSU0012659,northeast,42573,3896,380
2024-11,VF3VPFAXSU0012660,south,37345,3418,380
2024-11,VF3VPFDXSU0012661,south,37345,3418,380
2024-11,VF3VPFDXSU0012662,west,37345,3418,380
2024-11,VF3VPFAXSU0012663,south,37345,3418,380
2024-11,VF3VPFAXSU0012664,west,37345,3418,380
2024-11,VF3VPACXSU0012665,northeast,37345,3418,380
2024-11,VF3VSFGXSU0012666,west,42573,3896,380
2024-11,VF3VCAAXSU0012667,south,34357,3144,380
2024-11,VF3VCAAXSU0012668,northeast,34357,3144,380
2024-11,VF3VCFDXSU0012669,west,34357,3144,380
2024-11,VF3VCAEXSU0012670,southeast,34357,3144,380
2024-11,VF3VPFEXSU0012671,southeast,37345,3418,380
2024-11,VF3VPFAXRU0012672,central,37345,3418,380
2024-11,VF3VCFAXSU0012673,northeast,34357,3144,380
2024-11,VF3VCFAXSU0012674,south,34357,3144,380
2024-11,VF3VCFFXSU0012675,south,34357,3144,380
2024-11,VF3VPFBXSU0012676,central,37345,3418,380
2024-11,VF3VSFDXRU0012677,southeast,42573,3896,380
2024-11,VF3VPADXRU0012678,west,37345,3418,380
2024-11,VF3VPAAXSU0012679,northeast,37345,3418,380
2024-11,VF3VPFAXSU0012680,south,37345,3418,380
2024-11,VF3VSABXSU0012681,southeast,42573,3896,380
2024-11,VF3VCFBXSU0012682,southeast,34357,3144,380
2024-11,VF3VCABXSU0012683,south,34357,3144,380
2024-11,VF3VSAAXSU0012684,southeast,42573,3896,380
2024-11,VF3VCAEXSU0012685,south,34357,3144,380
2024-11,VF3VCAGXRU0012686,southeast,34357,3144,380
2024-11,VF3VCFDXSU0012687,southeast,34357,3144,380
2024-11,VF3VCAAXSU0012688,west,34357,3144,380
2024-11,VF3VCAEXSU0012689,central,34357,3144,380
2024-11,VF3VPAFXSU0012690,west,37345,3418,380
2024-11,VF3VSFCXSU0012691,northeast,42573,3896,380
2024-11,VF3VPAAXSU0012692,central,37345,3418,380
2024-11,VF3VPFDXSU0012693,west,37345,3418,380
2024-11,VF3VCFAXRU0012694,south,34357,3144,380
2024-11,VF3VCAFXSU0012695,southeast,34357,3144,380
2024-11,VF3VCABXSU0012696,south,34357,3144,380
2024-11,VF3VCAAXRU0012697,central,34357,3144,380
2024-11,VF3VSFEXSU0012698,west,42573,3896,380
2024-11,VF3VPFEXSU0012699,south,37345,3418,380
2024-11,VF3VCFFXSU0012700,south,34357,3144,380
2024-11,VF3VSAAXSU0012701,west,42573,3896,380
2024-11,VF3VPFAXSU0012702,northeast,37345,3418,380
2024-11,VF3VCFEXSU0012703,southeast,34357,3144,380
2024-11,VF3VCAEXSU0012704,southeast,34357,3144,380
2024-11,VF3VPAAXSU0012705,west,37345,3418,380
2024-11,VF3VCACXRU0012706,south,34357,3144,380
2024-11,VF3VSACXSU0012707,southeast,42573,3896,380
2024-11,VF3VPAAXSU0012708,west,37345,3418,380
2024-11,VF3VCFBXSU0012709,southeast,34357,3144,380
2024-11,VF3VCFDXSU0012710,west,34357,3144,380
2024-11,VF3VPFDXSU0012711,south,37345,3418,380
2024-11,VF3VPABXSU0012712,west,37345,3418,380
2024-11,VF3VPABXSU0012713,southeast,37345,3418,380
2024-11,VF3VPFEXSU0012714,south,37345,3418,380
2024-11,VF3VPFBXRU0012715,west,37345,3418,380
2024-11,VF3VCFBXRU0012716,west,34357,3144,380
2024-11,VF3VPFBXSU0012717,south,37345,3418,380
2024-11,VF3VPFEXSU0012718,south,37345,3418,380
2024-11,VF3VSFBXSU0012719,south,42573,3896,380
2024-11,VF3VPADXSU0012720,west,37345,3418,380
2024-11,VF3VCFAXSU0012721,central,34357,3144,380
2024-11,VF3VPFDXSU0012722,southeast,37345,3418,380
2024-11,VF3VPFBXSU0012723,southeast,37345,3418,380
2024-11,VF3VSAEXSU0012724,central,42573,3896,380
2024-11,VF3VPABXSU0012725,southeast,37345,3418,380
2024-11,VF3VCFAXRU0012726,west,34357,3144,380
2024-11,VF3VCFAXSU0012727,south,34357,3144,380
2024-11,VF3VPABXSU0012728,northeast,37345,3418,380
2024-11,VF3VPFCXSU0012729,south,37345,3418,380
2024-11,VF4ASFAXRU0012730,northeast,65132,3552,380
2024-11,VF4ACFBXSU0012731,south,52562,2867,380
2024-11,VF4APFAXSU0012732,west,57133,3116,380
2024-11,VF4ASAFXSU0012733,northeast,65132,3552,380
2024-11,VF4APFBXSU0012734,west,57133,3116,380
2024-11,VF4ASADXSU0012735,west,65132,3552,380
2024-11,VF4ASAGXSU0012736,northeast,65132,3552,380
2024-11,VF4APAEXSU0012737,central,57133,3116,380
2024-11,VF4APACXRU0012738,northeast,57133,3116,380
2024-11,VF4APAEXSU0012739,south,57133,3116,380
2024-11,VF4APAAXSU0012740,west,57133,3116,380
2024-11,VF4ASADXSU0012741,northeast,65132,3552,380
2024-11,VF4ASACXSU0012742,southeast,65132,3552,380
2024-11,VF4APAGXSU0012743,west,57133,3116,380
2024-11,VF4APFDXSU0012744,northeast,57133,3116,380
2024-11,VF4ACFBXSU0012745,central,52562,2867,380
2024-11,VF4ASAGXSU0012746,central,65132,3552,380
2024-11,VF4APADXSU0012747,west,57133,3116,380
2024-11,VF4APFBXSU0012748,northeast,57133,3116,380
2024-11,VF4ASADXSU0012749,southeast,65132,3552,380
2024-11,VF4APAAXSU0012750,central,57133,3116,380
2024-11,VF4APFAXSU0012751,west,57133,3116,380
2024-11,VF4ACABXSU0012752,southeast,52562,2867,380
2024-11,VF4APAFXRU0012753,west,57133,3116,380
2024-11,VF4ACABXRU0012754,northeast,52562,2867,380
2024-11,VF4APAFXSU0012755,west,57133,3116,380
2024-11,VF4ACFGXSU0012756,central,52562,2867,380
2024-11,VF4ASFFXSU0012757,west,65132,3552,380
2024-11,VF4ASFBXSU0012758,west,65132,3552,380
2024-11,VF4APFEXSU0012759,west,57133,3116,380
2024-11,VF4ASAAXSU0012760,central,65132,3552,380
2024-11,VF4APFGXSU0012761,southeast,57133,3116,380
2024-11,VF4ACADXSU0012762,south,52562,2867,380
2024-11,VF4APFBXSU0012763,south,57133,3116,380
2024-11,VF4ACFFXSU0012764,northeast,52562,2867,380
2024-11,VF4APAAXSU0012765,west,57133,3116,380
2024-11,VF4ASFBXSU0012766,northeast,65132,3552,380
2024-11,VF4ASFFXSU0012767,west,65132,3552,380
2024-11,VF4ACAEXSU0012768,southeast,52562,2867,380
2024-11,VF4APADXSU0012769,northeast,57133,3116,380
2024-11,VF4ASFGXSU0012770,southeast,65132,3552,380
2024-11,VF4ASABXSU0012771,northeast,65132,3552,380
2024-11,VF4APAAXSU0012772,central,57133,3116,380
2024-11,VF4ASFCXRU0012773,southeast,65132,3552,380
2024-11,VF4ASFFXRU0012774,northeast,65132,3552,380
2024-11,VF4APAFXSU0012775,central,57133,3116,380
2024-11,VF4APADXRU0012776,southeast,57133,3116,380
2024-11,VF4ASABXSU0012777,northeast,65132,3552,380
2024-11,VF4ASADXSU0012778,central,65132,3552,380
2024-11,VF4ASABXSU0012779,west,65132,3552,380
2024-11,VF4ACFCXSU0012780,south,52562,2867,380
2024-11,VF4ASAGXRU0012781,northeast,65132,3552,380
2024-11,VF4ACFAXRU0012782,west,52562,2867,380
2024-11,VF4APFGXRU0012783,northeast,57133,3116,380
2024-11,VF4APABXRU0012784,northeast,57133,3116,380
2024-11,VF4ACABXSU0012785,northeast,52562,2867,380
2024-11,VF4ASFBXSU0012786,southeast,65132,3552,380
2024-11,VF4ACFAXSU0012787,south,52562,2867,380
2024-11,VF4APADXSU0012788,southeast,57133,3116,380
2024-11,VF4ASAEXSU0012789,southeast,65132,3552,380
2024-11,VF4APFDXSU0012790,southeast,57133,3116,380
2024-11,VF4ACFAXSU0012791,southeast,52562,2867,380
2024-11,VF4APAGXSU0012792,south,57133,3116,380
2024-11,VF4ACFBXSU0012793,west,52562,2867,380
2024-11,VF4ASAGXRU0012794,central,65132,3552,380
2024-11,VF4ASAAXSU0012795,southeast,65132,3552,380
2024-11,VF4ACAAXSU0012796,west,52562,2867,380
2024-11,VF4APFDXSU0012797,northeast,57133,3116,380
2024-11,VF4APFBXRU0012798,west,57133,3116,380
2024-11,VF4APABXSU0012799,northeast,57133,3116,380
2024-11,VF4APAHXSU0012800,northeast,57133,3116,380
2024-11,VF4ACAFXSU0012801,northeast,52562,2867,380
2024-11,VF4ASAAXRU0012802,central,65132,3552,380
2024-11,VF4ACFDXSU0012803,central,52562,2867,380
2024-11,VF4APAAXSU0012804,central,57133,3116,380
2024-11,VF4APAEXSU0012805,west,57133,3116,380
2024-11,VF4APABXRU0012806,west,57133,3116,380
2024-11,VF4APAAXSU0012807,west,57133,3116,380
2024-11,VF4ASABXSU0012808,southeast,65132,3552,380
2024-11,VF4ASABXSU0012809,central,65132,3552,380
2024-11,VF4ASFEXSU0012810,southeast,65132,3552,380
2024-11,VF4ACFFXSU0012811,central,52562,2867,380
2024-11,VF4APFHXSU0012812,central,57133,3116,380
2024-11,VF4APABXSU0012813,northeast,57133,3116,380
2024-11,VF4APADXSU0012814,west,57133,3116,380
2024-11,VF4APADXSU0012815,west,57133,3116,380
2024-11,VF4ACABXRU0012816,central,52562,2867,380
2024-11,VF4APFBXSU0012817,west,57133,3116,380
2024-11,VF4ACAAXSU0012818,west,52562,2867,380
2024-11,VF4ACFCXSU0012819,south,52562,2867,380
2024-11,VF4ACAEXSU0012820,central,52562,2867,380
2024-11,VF4APAEXSU0012821,west,57133,3116,380
2024-11,VF4ASFCXRU0012822,northeast,65132,3552,380
2024-11,VF4ACFAXSU0012823,west,52562,2867,380
2024-11,VF4APAEXSU0012824,west,57133,3116,380
2024-11,VF4ASAGXSU0012825,west,65132,3552,380
2024-11,VF4APABXSU0012826,southeast,57133,3116,380
2024-11,VF4APFCXSU0012827,south,57133,3116,380
2024-11,VF4APFGXSU0012828,northeast,57133,3116,380
2024-11,VF4APAAXSU0012829,west,57133,3116,380
2024-11,VF5MCFBXRM0012830,northeast,27843,2405,640
2024-11,VF5MCFEXSM0012831,west,27843,2405,640
2024-11,VF5MSFBXSM0012832,central,34501,2979,640
2024-11,VF5MSACXSM0012833,south,34501,2979,640
2024-11,VF5MCFBXSM0012834,west,27843,2405,640
2024-11,VF5MCFBXSM0012835,south,27843,2405,640
2024-11,VF5MCFBXSM0012836,west,27843,2405,640
2024-11,VF5MCFBXSM0012837,south,27843,2405,640
2024-11,VF5MCAAXSM0012838,central,27843,2405,640
2024-11,VF5MCFAXSM0012839,northeast,27843,2405,640
2024-11,VF5MSFHXSM0012840,south,34501,2979,640
2024-11,VF5MPFBXSM0012841,south,30264,2614,640
2024-11,VF5MPFBXSM0012842,west,30264,2614,640
2024-11,VF5MPFEXRM0012843,south,30264,2614,640
2024-11,VF5MCFGXSM0012844,central,27843,2405,640
2024-11,VF5MPFDXSM0012845,southeast,30264,2614,640
2024-11,VF5MPFCXRM0012846,south,30264,2614,640
2024-11,VF5MCFDXSM0012847,southeast,27843,2405,640
2024-11,VF5MCFDXSM0012848,southeast,27843,2405,640
2024-11,VF5MPFEXSM0012849,west,30264,2614,640
2024-11,VF5MPFEXSM0012850,southeast,30264,2614,640
2024-11,VF5MSACXSM0012851,west,34501,2979,640
2024-11,VF5MPFCXSM0012852,west,30264,2614,640
2024-11,VF5MPFFXRM0012853,central,30264,2614,640
2024-11,VF5MPFCXSM0012854,central,30264,2614,640
2024-11,VF5MCFDXSM0012855,central,27843,2405,640
2024-11,VF5MCFDXSM0012856,west,27843,2405,640
2024-11,VF5MCAFXSM0012857,southeast,27843,2405,640
2024-11,VF5MSAEXSM0012858,west,34501,2979,640
2024-11,VF5MSFFXSM0012859,south,34501,2979,640
2024-11,VF5MPFBXSM0012860,central,30264,2614,640
2024-11,VF5MPFHXSM0012861,west,30264,2614,640
2024-11,VF5MCFEXSM0012862,central,27843,2405,640
2024-11,VF5MCABXSM0012863,south,27843,2405,640
2024-11,VF5MPFEXSM0012864,west,30264,2614,640
2024-11,VF5MPFCXSM0012865,northeast,30264,2614,640
2024-11,VF5MCFDXSM0012866,northeast,27843,2405,640
2024-11,VF5MPFCXSM0012867,west,30264,2614,640
2024-11,VF5MPFCXSM0012868,south,30264,2614,640
2024-11,VF5MCFCXRM0012869,south,27843,2405,640
2024-11,VF5MSFEXSM0012870,central,34501,2979,640
2024-11,VF5MCFBXSM0012871,northeast,27843,2405,640
2024-11,VF5MPAEXSM0012872,west,30264,2614,640
2024-11,VF5MSFAXSM0012873,south,34501,2979,640
2024-11,VF5MCFFXSM0012874,northeast,27843,2405,640
2024-11,VF5MPFEXSM0012875,west,30264,2614,640
2024-11,VF5MPFBXRM0012876,southeast,30264,2614,640
2024-11,VF5MSAAXSM0012877,southeast,34501,2979,640
2024-11,VF5MPFCXSM0012878,west,30264,2614,640
2024-11,VF5MSFAXRM0012879,south,34501,2979,640
2024-11,VF5MCAAXSM0012880,northeast,27843,2405,640
2024-11,VF5MCFBXSM0012881,west,27843,2405,640
2024-11,VF5MSFAXRM0012882,west,34501,2979,640
2024-11,VF5MCAFXRM0012883,southeast,27843,2405,640
2024-11,VF5MPFAXSM0012884,southeast,30264,2614,640
2024-11,VF5MPFCXSM0012885,west,30264,2614,640
2024-11,VF5MCFAXSM0012886,northeast,27843,2405,640
2024-11,VF5MCACXSM0012887,northeast,27843,2405,640
2024-11,VF5MPFDXSM0012888,central,30264,2614,640
2024-11,VF5MPFFXSM0012889,central,30264,2614,640
2024-11,VF5MPFAXSM0012890,west,30264,2614,640
2024-11,VF5MSFDXSM0012891,central,34501,2979,640
2024-11,VF5MCFEXSM0012892,northeast,27843,2405,640
2024-11,VF5MPFFXSM0012893,south,30264,2614,640
2024-11,VF5MCFEXSM0012894,southeast,27843,2405,640
2024-11,VF5MCFCXSM0012895,south,27843,2405,640
2024-11,VF5MCFFXSM0012896,west,27843,2405,640
2024-11,VF5MPAAXSM0012897,south,30264,2614,640
2024-11,VF5MCFBXSM0012898,south,27843,2405,640
2024-11,VF5MCFDXSM0012899,west,27843,2405,640
2024-11,VF5MPFEXSM0012900,northeast,30264,2614,640
2024-11,VF5MSFGXSM0012901,southeast,34501,2979,640
2024-11,VF5MPAAXSM0012902,southeast,30264,2614,640
2024-11,VF5MCFBXSM0012903,south,27843,2405,640
2024-11,VF5MSFBXSM0012904,west,34501,2979,640
2024-11,VF5MPAAXSM0012905,northeast,30264,2614,640
2024-11,VF5MCFEXRM0012906,south,27843,2405,640
2024-11,VF5MPABXSM0012907,central,30264,2614,640
2024-11,VF5MPABXSM0012908,south,30264,2614,640
2024-11,VF5MPFAXSM0012909,central,30264,2614,640
2024-11,VF5MPAEXSM0012910,northeast,30264,2614,640
2024-11,VF5MCFBXSM0012911,west,27843,2405,640
2024-11,VF5MPAAXSM0012912,west,30264,2614,640
2024-11,VF5MPFAXRM0012913,west,30264,2614,640
2024-11,VF5MCAEXSM0012914,southeast,27843,2405,640
2024-11,VF5MPAHXSM0012915,south,30264,2614,640
2024-11,VF5MCADXSM0012916,west,27843,2405,640
2024-11,VF5MPFAXSM0012917,south,30264,2614,640
2024-11,VF5MPFCXSM0012918,south,30264,2614,640
2024-11,VF5MCFCXSM0012919,northeast,27843,2405,640
2024-11,VF5MPFAXSM0012920,northeast,30264,2614,640
2024-11,VF5MSFAXSM0012921,southeast,34501,2979,640
2024-11,VF5MPFAXSM0012922,central,30264,2614,640
2024-11,VF5MSFAXSM0012923,south,34501,2979,640
2024-11,VF5MPFFXSM0012924,west,30264,2614,640
2024-11,VF5MCFEXRM0012925,northeast,27843,2405,640
2024-11,VF5MPFFXSM0012926,west,30264,2614,640
2024-11,VF5MCFCXSM0012927,southeast,27843,2405,640
2024-11,VF5MCFBXSM0012928,south,27843,2405,640
2024-11,VF5MCFCXSM0012929,southeast,27843,2405,640
2024-11,VF5MCADXRM0012930,southeast,27843,2405,640
2024-11,VF5MCFCXSM0012931,central,27843,2405,640
2024-11,VF5MPFBXSM0012932,west,30264,2614,640
2024-11,VF5MSFHXSM0012933,northeast,34501,2979,640
2024-11,VF5MSFBXSM0012934,south,34501,2979,640
2024-11,VF5MPFFXSM0012935,central,30264,2614,640
2024-11,VF5MPFEXSM0012936,west,30264,2614,640
2024-11,VF5MCFDXSM0012937,central,27843,2405,640
2024-11,VF5MCFDXSM0012938,northeast,27843,2405,640
2024-11,VF5MCFCXSM0012939,west,27843,2405,640
2024-11,VF5MCFCXSM0012940,south,27843,2405,640
2024-11,VF5MCFEXRM0012941,northeast,27843,2405,640
2024-11,VF5MPFHXSM0012942,south,30264,2614,640
2024-11,VF5MPFBXSM0012943,central,30264,2614,640
2024-11,VF5MPFAXSM0012944,southeast,30264,2614,640
2024-11,VF5MCFCXSM0012945,west,27843,2405,640
2024-11,VF5MPAFXSM0012946,southeast,30264,2614,640
2024-11,VF5MPFAXSM0012947,southeast,30264,2614,640
2024-11,VF5MPABXSM0012948,west,30264,2614,640
2024-11,VF5MCFAXSM0012949,northeast,27843,2405,640
2024-11,VF5MPFBXSM0012950,central,30264,2614,640
2024-11,VF5MCFAXSM0012951,west,27843,2405,640
2024-11,VF5MPFAXSM0012952,southeast,30264,2614,640
2024-11,VF5MCFEXRM0012953,south,27843,2405,640
2024-11,VF5MCFDXSM0012954,west,27843,2405,640
2024-11,VF5MPFAXSM0012955,south,30264,2614,640
2024-11,VF5MPFCXSM0012956,central,30264,2614,640
2024-11,VF5MCFBXSM0012957,southeast,27843,2405,640
2024-11,VF5MSFAXSM0012958,southeast,34501,2979,640
2024-11,VF5MPFCXSM0012959,southeast,30264,2614,640
2024-11,VF5MPFAXSM0012960,northeast,30264,2614,640
2024-11,VF5MPFCXSM0012961,central,30264,2614,640
2024-11,VF5MPFAXSM0012962,northeast,30264,2614,640
2024-11,VF5MSFAXSM0012963,southeast,34501,2979,640
2024-11,VF5MSFFXSM0012964,west,34501,2979,640
2024-11,VF5MPFBXRM0012965,west,30264,2614,640
2024-11,VF5MPFDXSM0012966,west,30264,2614,640
2024-11,VF5MPFFXSM0012967,central,30264,2614,640
2024-11,VF5MSAAXRM0012968,central,34501,2979,640
2024-11,VF5MPAHXSM0012969,south,30264,2614,640
2024-11,VF5MCFAXSM0012970,central,27843,2405,640
2024-11,VF5MPABXSM0012971,southeast,30264,2614,640
2024-11,VF5MCFGXSM0012972,southeast,27843,2405,640
2024-11,VF5MPFCXSM0012973,northeast,30264,2614,640
2024-11,VF5MCACXSM0012974,central,27843,2405,640
2024-11,VF5MCFDXSM0012975,northeast,27843,2405,640
2024-11,VF5MPFAXRM0012976,northeast,30264,2614,640
2024-11,VF5MCFGXSM0012977,southeast,27843,2405,640
2024-11,VF5MPAAXSM0012978,southeast,30264,2614,640
2024-11,VF5MCFDXSM0012979,west,27843,2405,640
2024-11,VF5MPFDXSM0012980,west,30264,2614,640
2024-11,VF5MSFBXSM0012981,south,34501,2979,640
2024-11,VF5MSFCXSM0012982,west,34501,2979,640
2024-11,VF5MCFFXSM0012983,central,27843,2405,640
2024-11,VF5MSFBXSM0012984,southeast,34501,2979,640
2024-11,VF5MPADXSM0012985,central,30264,2614,640
2024-11,VF5MPFAXRM0012986,northeast,30264,2614,640
2024-11,VF5MCFBXSM0012987,west,27843,2405,640
2024-11,VF5MCFAXSM0012988,southeast,27843,2405,640
2024-11,VF5MCFBXSM0012989,south,27843,2405,640
2024-11,VF5MCFAXSM0012990,southeast,27843,2405,640
2024-11,VF5MPFFXSM0012991,northeast,30264,2614,640
2024-11,VF5MCFHXSM0012992,south,27843,2405,640
2024-11,VF5MPFGXSM0012993,northeast,30264,2614,640
2024-11,VF5MCFEXSM0012994,central,27843,2405,640
2024-11,VF5MPFCXSM0012995,south,30264,2614,640
2024-11,VF5MPFEXSM0012996,west,30264,2614,640
2024-11,VF5MPACXSM0012997,central,30264,2614,640
2024-11,VF5MCABXSM0012998,northeast,27843,2405,640
2024-11,VF5MPAAXSM0012999,central,30264,2614,640
2024-11,VF5MCAAXSM0013000,west,27843,2405,640
2024-11,VF5MCADXSM0013001,west,27843,2405,640
2024-11,VF5MPFFXRM0013002,central,30264,2614,640
2024-11,VF5MSFCXSM0013003,central,34501,2979,640
2024-11,VF5MSFBXRM0013004,west,34501,2979,640
2024-11,VF5MSFAXSM0013005,west,34501,2979,640
2024-11,VF5MSACXSM0013006,west,34501,2979,640
2024-11,VF5MSFAXSM0013007,southeast,34501,2979,640
2024-11,VF5MCAFXSM0013008,west,27843,2405,640
2024-11,VF5MPFCXSM0013009,central,30264,2614,640
2024-11,VF5MCFAXSM0013010,southeast,27843,2405,640
2024-11,VF2NCFDXRK0013011,central,39533,3514,1450
2024-11,VF2NCADXSK0013012,south,39533,3514,1450
2024-11,VF2NSFAXSK0013013,south,48987,4355,1450
2024-11,VF2NPAFXSK0013014,southeast,42971,3820,1450
2024-11,VF2NPAAXSK0013015,south,42971,3820,1450
2024-11,VF2NPFAXSK0013016,central,42971,3820,1450
2024-11,VF2NPFAXSK0013017,south,42971,3820,1450
2024-11,VF2NSFAXRK0013018,south,48987,4355,1450
2024-11,VF2NCABXSK0013019,central,39533,3514,1450
2024-11,VF2NPAHXSK0013020,central,42971,3820,1450
2024-11,VF2NPFBXSK0013021,west,42971,3820,1450
2024-11,VF2NCFGXSK0013022,southeast,39533,3514,1450
2024-11,VF2NCFDXRK0013023,central,39533,3514,1450
2024-11,VF2NCFEXSK0013024,south,39533,3514,1450
2024-11,VF2NPADXSK0013025,south,42971,3820,1450
2024-11,VF2NSFAXSK0013026,central,48987,4355,1450
2024-11,VF2NPFBXSK0013027,northeast,42971,3820,1450
2024-11,VF2NPFAXSK0013028,south,42971,3820,1450
2024-11,VF2NPABXRK0013029,southeast,42971,3820,1450
2024-11,VF2NPAEXSK0013030,southeast,42971,3820,1450
2024-11,VF2NPADXRK0013031,south,42971,3820,1450
2024-11,VF2NPAGXSK0013032,northeast,42971,3820,1450
2024-11,VF2NSFAXSK0013033,central,48987,4355,1450
2024-11,VF2NCADXSK0013034,west,39533,3514,1450
2024-11,VF2NCFGXSK0013035,central,39533,3514,1450
2024-11,VF2NSFBXSK0013036,west,48987,4355,1450
2024-11,VF2NCFBXSK0013037,west,39533,3514,1450
2024-11,VF2NPAHXSK0013038,south,42971,3820,1450
2024-11,VF2NPABXSK0013039,southeast,42971,3820,1450
2024-11,VF2NSFBXSK0013040,northeast,48987,4355,1450
2024-11,VF2NPACXSK0013041,central,42971,3820,1450
2024-11,VF2NSFAXSK0013042,central,48987,4355,1450
2024-11,VF2NPAAXSK0013043,northeast,42971,3820,1450
2024-11,VF2NCFHXSK0013044,northeast,39533,3514,1450
2024-11,VF2NSFBXSK0013045,southeast,48987,4355,1450
2024-11,VF2NCFAXSK0013046,west,39533,3514,1450
2024-11,VF2NCABXSK0013047,northeast,39533,3514,1450
2024-11,VF2NPFGXSK0013048,west,42971,3820,1450
2024-11,VF2NCFEXRK0013049,southeast,39533,3514,1450
2024-11,VF2NCAAXSK0013050,northeast,39533,3514,1450
2024-11,VF2NCFAXSK0013051,southeast,39533,3514,1450
2024-11,VF2NCAAXSK0013052,west,39533,3514,1450
2024-11,VF2NCFAXSK0013053,south,39533,3514,1450
2024-11,VF2NPFDXSK0013054,northeast,42971,3820,1450
2024-11,VF2NPADXSK0013055,west,42971,3820,1450
2024-11,VF2NCFDXRK0013056,west,39533,3514,1450
2024-11,VF2NPFGXSK0013057,northeast,42971,3820,1450
2024-11,VF2NCFAXSK0013058,west,39533,3514,1450
2024-11,VF2NSFFXSK0013059,south,48987,4355,1450
2024-11,VF2NCFAXRK0013060,southeast,39533,3514,1450
2024-11,VF2NPFDXSK0013061,west,42971,3820,1450
2024-11,VF2NCFCXSK0013062,west,39533,3514,1450
2024-11,VF2NCACXSK0013063,west,39533,3514,1450
2024-11,VF2NSABXSK0013064,south,48987,4355,1450
2024-11,VF2NPFAXSK0013065,southeast,42971,3820,1450
2024-11,VF2NCFBXSK0013066,northeast,39533,3514,1450
2024-11,VF2NCFAXSK0013067,west,39533,3514,1450
2024-11,VF2NSABXSK0013068,southeast,48987,4355,1450
2024-11,VF2NCFEXSK0013069,west,39533,3514,1450
2024-11,VF2NSFCXSK0013070,northeast,48987,4355,1450
2024-11,VF2NCFCXSK0013071,southeast,39533,3514,1450
2024-11,VF2NCFCXSK0013072,northeast,39533,3514,1450
2024-11,VF2NSFDXSK0013073,west,48987,4355,1450
2024-11,VF2NSACXRK0013074,south,48987,4355,1450
2024-11,VF2NPFBXSK0013075,west,42971,3820,1450
2024-11,VF2NPAHXSK0013076,southeast,42971,3820,1450
2024-11,VF2NPFAXSK0013077,south,42971,3820,1450
2024-11,VF2NPFDXSK0013078,southeast,42971,3820,1450
2024-11,VF2NPFAXRK0013079,west,42971,3820,1450
2024-11,VF2NPFAXSK0013080,south,42971,3820,1450
2024-11,VF2NPAHXSK0013081,west,42971,3820,1450
2024-11,VF2NPFCXRK0013082,northeast,42971,3820,1450
2024-11,VF2NPFBXSK0013083,northeast,42971,3820,1450
2024-11,VF2NPAAXSK0013084,central,42971,3820,1450
2024-11,VF2NPFEXSK0013085,central,42971,3820,1450
2024-11,VF2NPAAXSK0013086,south,42971,3820,1450
2024-11,VF2NPFBXRK0013087,west,42971,3820,1450
2024-11,VF2NCACXSK0013088,central,39533,3514,1450
2024-11,VF2NPFBXSK0013089,west,42971,3820,1450
2024-11,VF2NPAFXSK0013090,west,42971,3820,1450
2024-11,VF2NCFAXSK0013091,central,39533,3514,1450
2024-11,VF2NPABXRK0013092,west,42971,3820,1450
2024-11,VF2NSFFXSK0013093,west,48987,4355,1450
2024-11,VF2NCAAXSK0013094,south,39533,3514,1450
2024-11,VF2NPADXRK0013095,northeast,42971,3820,1450
2024-11,VF2NCFBXSK0013096,central,39533,3514,1450
2024-11,VF2NPFFXSK0013097,west,42971,3820,1450
2024-11,VF2NPFHXSK0013098,south,42971,3820,1450
2024-11,VF2NPAAXSK0013099,south,42971,3820,1450
2024-11,VF2NPADXSK0013100,northeast,42971,3820,1450
2024-11,VF2NCAHXSK0013101,central,39533,3514,1450
2024-11,VF2NCFFXRK0013102,west,39533,3514,1450
2024-11,VF2NPFBXSK0013103,south,42971,3820,1450
2024-11,VF2NPFGXSK0013104,northeast,42971,3820,1450
2024-11,VF2NCAAXSK0013105,central,39533,3514,1450
2024-11,VF2NSFDXSK0013106,central,48987,4355,1450
2024-11,VF2NSFGXSK0013107,northeast,48987,4355,1450
2024-11,VF2NCABXSK0013108,south,39533,3514,1450
2024-11,VF2NPFDXSK0013109,west,42971,3820,1450
2024-11,VF2NPFEXSK0013110,west,42971,3820,1450
2024-11,VF2NCFDXSK0013111,southeast,39533,3514,1450
2024-11,VF2NCAAXSK0013112,central,39533,3514,1450
2024-11,VF2NCAAXSK0013113,northeast,39533,3514,1450
2024-11,VF2NPFFXRK0013114,west,42971,3820,1450
2024-11,VF2NPACXSK0013115,central,42971,3820,1450
2024-11,VF2NPFDXSK0013116,west,42971,3820,1450
2024-11,VF2NPACXSK0013117,south,42971,3820,1450
2024-11,VF2NPABXSK0013118,west,42971,3820,1450
2024-11,VF2NSAAXSK0013119,west,48987,4355,1450
2024-11,VF2NPFCXSK0013120,central,42971,3820,1450
2024-11,VF2NSFCXSK0013121,southeast,48987,4355,1450
2024-11,VF2NPAHXRK0013122,south,42971,3820,1450
2024-11,VF2NPFDXSK0013123,southeast,42971,3820,1450
2024-11,VF2NCFEXSK0013124,central,39533,3514,1450
2024-11,VF2NSFAXSK0013125,south,48987,4355,1450
2024-11,VF2NSFBXSK0013126,southeast,48987,4355,1450
2024-11,VF2NCFBXSK0013127,west,39533,3514,1450
2024-11,VF2NCFDXSK0013128,southeast,39533,3514,1450
2024-11,VF2NPABXSK0013129,southeast,42971,3820,1450
2024-11,VF2NSACXSK0013130,west,48987,4355,1450
2024-11,VF2NCFAXSK0013131,south,39533,3514,1450
2024-11,VF2NPFBXSK0013132,south,42971,3820,1450
2024-11,VF2NPABXRK0013133,central,42971,3820,1450
2024-11,VF2NSFCXSK0013134,southeast,48987,4355,1450
2024-11,VF2NCFBXSK0013135,southeast,39533,3514,1450
2024-11,VF2NSFBXRK0013136,west,48987,4355,1450
2024-11,VF2NPFAXSK0013137,southeast,42971,3820,1450
2024-11,VF2NPFFXSK0013138,northeast,42971,3820,1450
2024-11,VF2NSAAXSK0013139,southeast,48987,4355,1450
2024-11,VF2NSFEXSK0013140,south,48987,4355,1450
2024-11,VF2NPFAXSK0013141,central,42971,3820,1450
2024-11,VF2NCFBXSK0013142,southeast,39533,3514,1450
2024-11,VF2NPFAXSK0013143,south,42971,3820,1450
2024-11,VF2NSFAXSK0013144,southeast,48987,4355,1450
2024-11,VF2NPFDXSK0013145,south,42971,3820,1450
2024-11,VF2NPAFXSK0013146,central,42971,3820,1450
2024-11,VF2NSABXSK0013147,southeast,48987,4355,1450
2024-11,VF2NCABXSK0013148,northeast,39533,3514,1450
2024-11,VF2NCFCXRK0013149,west,39533,3514,1450
2024-11,VF1LPFCXSK0013150,west,41419,2915,1450
2024-11,VF1LPFAXSK0013151,southeast,41419,2915,1450
2024-11,VF1LCFCXSK0013152,south,38105,2682,1450
2024-11,VF1LSFFXSK0013153,northeast,47218,3323,1450
2024-11,VF1LSABXRK0013154,northeast,47218,3323,1450
2024-11,VF1LSAAXSK0013155,northeast,47218,3323,1450
2024-11,VF1LPFFXSK0013156,south,41419,2915,1450
2024-11,VF1LPAEXSK0013157,south,41419,2915,1450
2024-11,VF1LSFAXSK0013158,west,47218,3323,1450
2024-11,VF1LSFBXSK0013159,southeast,47218,3323,1450
2024-11,VF1LCFHXSK0013160,northeast,38105,2682,1450
2024-11,VF1LCFDXSK0013161,south,38105,2682,1450
2024-11,VF1LPAAXSK0013162,south,41419,2915,1450
2024-11,VF1LPFDXSK0013163,west,41419,2915,1450
2024-11,VF1LCFGXSK0013164,south,38105,2682,1450
2024-11,VF1LSFFXRK0013165,northeast,47218,3323,1450
2024-11,VF1LPFBXSK0013166,west,41419,2915,1450
2024-11,VF1LCFBXSK0013167,south,38105,2682,1450
2024-11,VF1LCFAXSK0013168,west,38105,2682,1450
2024-11,VF1LPACXSK0013169,northeast,41419,2915,1450
2024-11,VF1LPFCXSK0013170,southeast,41419,2915,1450
2024-11,VF1LPFCXSK0013171,south,41419,2915,1450
2024-11,VF1LPFCXSK0013172,central,41419,2915,1450
2024-11,VF1LCABXSK0013173,west,38105,2682,1450
2024-11,VF1LSFBXRK0013174,west,47218,3323,1450
2024-11,VF1LPFEXSK0013175,west,41419,2915,1450
2024-11,VF1LCAAXSK0013176,west,38105,2682,1450
2024-11,VF1LSFCXSK0013177,northeast,47218,3323,1450
2024-11,VF1LCADXSK0013178,southeast,38105,2682,1450
2024-11,VF1LSAEXRK0013179,northeast,47218,3323,1450
2024-11,VF1LSACXRK0013180,central,47218,3323,1450
2024-11,VF1LPFDXSK0013181,west,41419,2915,1450
2024-11,VF1LCFBXSK0013182,south,38105,2682,1450
2024-11,VF1LSAFXSK0013183,southeast,47218,3323,1450
2024-11,VF1LPFBXSK0013184,west,41419,2915,1450
2024-11,VF1LCADXSK0013185,central,38105,2682,1450
2024-11,VF1LSFDXRK0013186,northeast,47218,3323,1450
2024-11,VF1LPFEXSK0013187,northeast,41419,2915,1450
2024-11,VF1LSABXSK0013188,southeast,47218,3323,1450
2024-11,VF1LCFAXSK0013189,west,38105,2682,1450
2024-11,VF1LPFBXSK0013190,south,41419,2915,1450
2024-11,VF1LPFDXSK0013191,west,41419,2915,1450
2024-11,VF1LPFAXSK0013192,south,41419,2915,1450
2024-11,VF1LCFDXSK0013193,west,38105,2682,1450
2024-11,VF1LCADXSK0013194,southeast,38105,2682,1450
2024-11,VF1LCAHXSK0013195,northeast,38105,2682,1450
2024-11,VF1LPFDXSK0013196,southeast,41419,2915,1450
2024-11,VF1LSAGXRK0013197,northeast,47218,3323,1450
2024-11,VF1LPAAXSK0013198,west,41419,2915,1450
2024-11,VF1LPAEXSK0013199,west,41419,2915,1450
2024-11,VF1LCAHXSK0013200,south,38105,2682,1450
2024-11,VF1LPFBXSK0013201,northeast,41419,2915,1450
2024-11,VF1LSAAXRK0013202,west,47218,3323,1450
2024-11,VF1LPFCXSK0013203,southeast,41419,2915,1450
2024-11,VF1LCAHXSK0013204,south,38105,2682,1450
2024-11,VF1LCAAXSK0013205,northeast,38105,2682,1450
2024-11,VF1LPAHXSK0013206,central,41419,2915,1450
2024-11,VF1LPABXSK0013207,west,41419,2915,1450
2024-11,VF1LCFEXSK0013208,west,38105,2682,1450
2024-11,VF1LSAAXSK0013209,west,47218,3323,1450
2024-11,VF1LPFDXSK0013210,central,41419,2915,1450
2024-11,VF1LPADXSK0013211,west,41419,2915,1450
2024-11,VF1LPFDXSK0013212,west,41419,2915,1450
2024-11,VF1LPFDXSK0013213,southeast,41419,2915,1450
2024-11,VF1LCABXSK0013214,central,38105,2682,1450
2024-11,VF1LCACXSK0013215,northeast,38105,2682,1450
2024-11,VF1LCFFXSK0013216,northeast,38105,2682,1450
2024-11,VF1LSAAXSK0013217,central,47218,3323,1450
2024-11,VF1LPFAXSK0013218,northeast,41419,2915,1450
2024-11,VF1LSFAXSK0013219,west,47218,3323,1450
2024-11,VF1LCABXSK0013220,northeast,38105,2682,1450
2024-11,VF1LCFCXSK0013221,southeast,38105,2682,1450
2024-11,VF1LCFDXSK0013222,northeast,38105,2682,1450
2024-11,VF1LSFCXSK0013223,south,47218,3323,1450
2024-11,VF1LCFAXSK0013224,southeast,38105,2682,1450
2024-11,VF1LCFCXSK0013225,central,38105,2682,1450
2024-11,VF1LCACXSK0013226,southeast,38105,2682,1450
2024-11,VF1LCAGXSK0013227,central,38105,2682,1450
2024-11,VF1LCACXSK0013228,central,38105,2682,1450
2024-11,VF1LSFEXSK0013229,central,47218,3323,1450
2024-11,VF1LPFBXSK0013230,northeast,41419,2915,1450
2024-11,VF1LCACXSK0013231,southeast,38105,2682,1450
2024-11,VF1LSFAXSK0013232,west,47218,3323,1450
2024-11,VF1LPAAXSK0013233,northeast,41419,2915,1450
2024-11,VF1LPFBXRK0013234,south,41419,2915,1450
2024-11,VF1LCFHXSK0013235,west,38105,2682,1450
2024-11,VF1LSFAXSK0013236,southeast,47218,3323,1450
2024-11,VF1LPFBXSK0013237,northeast,41419,2915,1450
2024-11,VF1LPFCXSK0013238,west,41419,2915,1450
2024-11,VF1LCFAXSK0013239,south,38105,2682,1450
2024-11,VF1LCFAXSK0013240,west,38105,2682,1450
2024-11,VF1LSFAXRK0013241,west,47218,3323,1450
2024-11,VF1LSABXSK0013242,south,47218,3323,1450
2024-11,VF1LPFCXSK0013243,west,41419,2915,1450
2024-11,VF1LPADXSK0013244,northeast,41419,2915,1450
2024-11,VF1LSABXSK0013245,central,47218,3323,1450
2024-11,VF1LPAFXSK0013246,central,41419,2915,1450
2024-11,VF1LSFAXRK0013247,northeast,47218,3323,1450
2024-11,VF1LSFEXSK0013248,south,47218,3323,1450
2024-11,VF1LCFFXSK0013249,northeast,38105,2682,1450
2024-11,VF1LPAGXSK0013250,west,41419,2915,1450
2024-11,VF1LPAHXSK0013251,northeast,41419,2915,1450
2024-11,VF1LCADXSK0013252,west,38105,2682,1450
2024-11,VF1LSABXRK0013253,south,47218,3323,1450
2024-11,VF1LCFCXSK0013254,west,38105,2682,1450
2024-11,VF1LSFCXSK0013255,central,47218,3323,1450
2024-11,VF1LSFAXSK0013256,west,47218,3323,1450
2024-11,VF1LSFAXRK0013257,west,47218,3323,1450
2024-11,VF1LCFHXSK0013258,southeast,38105,2682,1450
2024-11,VF1LSFAXRK0013259,central,47218,3323,1450
2024-11,VF1LSFAXSK0013260,west,47218,3323,1450
2024-11,VF1LSFBXSK0013261,west,47218,3323,1450
2024-11,VF1LSFCXSK0013262,central,47218,3323,1450
2024-11,VF1LPAHXSK0013263,northeast,41419,2915,1450
2024-11,VF1LPFGXSK0013264,west,41419,2915,1450
2024-11,VF1LCFBXSK0013265,northeast,38105,2682,1450
2024-11,VF1LPACXSK0013266,central,41419,2915,1450
2024-11,VF1LPFDXSK0013267,west,41419,2915,1450
2024-11,VF1LSABXSK0013268,central,47218,3323,1450
2024-11,VF1LCAAXSK0013269,southeast,38105,2682,1450
2024-11,VF1LSFDXRK0013270,west,47218,3323,1450
2024-11,VF1LPFBXSK0013271,southeast,41419,2915,1450
2024-11,VF1LSFAXSK0013272,west,47218,3323,1450
2024-11,VF1LPABXSK0013273,northeast,41419,2915,1450
2024-11,VF1LPABXSK0013274,west,41419,2915,1450
2024-11,VF1LCFEXSK0013275,northeast,38105,2682,1450
2024-11,VF1LCAAXSK0013276,west,38105,2682,1450
2024-11,VF1LPFDXSK0013277,southeast,41419,2915,1450
2024-11,VF1LPAGXRK0013278,central,41419,2915,1450
2024-11,VF1LSFAXSK0013279,central,47218,3323,1450
2024-11,VF1LPACXSK0013280,northeast,41419,2915,1450
2024-11,VF1LCABXSK0013281,central,38105,2682,1450
2024-11,VF1LPAFXSK0013282,west,41419,2915,1450
2024-11,VF1LSFAXSK0013283,west,47218,3323,1450
2024-11,VF1LSFAXSK0013284,central,47218,3323,1450
2024-11,VF1LPAHXSK0013285,west,41419,2915,1450
2024-11,VF1LPFDXSK0013286,northeast,41419,2915,1450
2024-11,VF1LCABXRK0013287,northeast,38105,2682,1450
2024-11,VF1LCFEXSK0013288,central,38105,2682,1450
2024-11,VF1LCFCXSK0013289,central,38105,2682,1450
2024-11,VF1LSFCXSK0013290,central,47218,3323,1450
2024-11,VF1LPFAXSK0013291,west,41419,2915,1450
2024-11,VF1LCABXSK0013292,west,38105,2682,1450
2024-11,VF1LPFAXSK0013293,west,41419,2915,1450
2024-11,VF1LCFDXRK0013294,central,38105,2682,1450
2024-11,VF1LCFAXSK0013295,northeast,38105,2682,1450
2024-11,VF1LSFAXSK0013296,southeast,47218,3323,1450
2024-11,VF1LCAEXSK0013297,west,38105,2682,1450
2024-11,VF1LSAEXSK0013298,central,47218,3323,1450
2024-11,VF1LPADXSK0013299,south,41419,2915,1450
2024-11,VF1LPFGXSK0013300,northeast,41419,2915,1450
2024-11,VF1LPAAXSK0013301,south,41419,2915,1450
